odcinek_id,droga,lat,lon,ten_t,sdrr_ogolem,sam_osobowe,lekkie_ciezarowe,typ_drogi
70627,A1,54.19112,18.632183499999996,bazowa,34933,25506,2331,dk
70628,A1,54.099151500000005,18.692107999999998,bazowa,31802,22501,2279,dk
70629,A1,53.936232,18.641511,bazowa,29316,20133,2145,dk
70630,A1,53.888174,18.630827500000002,bazowa,28179,19354,1855,dk
70641,A1,53.637191,18.6403375,bazowa,28273,19115,2040,dk
71117,A1,53.599344,18.618093,bazowa,27163,18324,1907,dk
71402,A1,53.465397,18.620026,bazowa,22472,15431,1675,dk
71403,A1,53.343272,18.708985,bazowa,22660,15269,1775,dk
71404,A1,53.142764,18.7425135,bazowa,23092,15559,1803,dk
71405,A1,53.038454,18.733095,bazowa,26158,17507,1849,dk
71206,A1,53.033187,18.731393,bazowa,26024,16243,2194,dk
71406,A1,52.898439499999995,18.7240005,bazowa,31955,21256,2670,dk
71407,A1,52.7612985,18.854665500000003,bazowa,32644,21553,2902,dk
71408,A1,52.655609999999996,18.929820499999998,bazowa,33525,21342,3372,dk
71409,A1,52.5674375,19.0132015,bazowa,30987,20154,2640,dk
71410,A1,52.339945,19.356123500000002,bazowa,32015,21158,2703,dk
91820,A1,52.285313,19.401006,bazowa,35101,23310,3074,dk
91821,A1,52.218833,19.472815,bazowa,36976,26431,2984,dk
91822,A1,52.0071535,19.5434695,bazowa,34696,23934,3211,dk
91893,A1,51.8419835,19.659115,bazowa,56423,35939,6041,dk
91894,A1,51.791969,19.617374,bazowa,65070,44038,6061,dk
91895,A1,51.699073,19.601984,bazowa,56014,36472,5530,dk
91896,A1,51.647679,19.575692,bazowa,57939,39207,5158,dk
91897,A1,51.631194,19.568692,bazowa,46913,31919,4313,dk
91413,A1,51.443871,19.642434,bazowa,46773,31567,4676,dk
91414,A1,51.426877,19.640015,bazowa,57544,37631,5244,dk
91501,A1,51.210183,19.485128,bazowa,47275,30577,4390,dk
91502,A1,51.1127075,19.3950045,bazowa,45727,29479,4327,dk
91503,A1,51.08269,19.373055,bazowa,46790,30911,4336,dk
40202,A1,50.893474,19.185012,bazowa,51075,33995,5057,dk
40211,A1,50.850673,19.045129000000003,bazowa,41575,26617,4151,dk
40212,A1,50.786062,19.00225,bazowa,44935,28809,4620,dk
40213,A1,50.747345,19.039063,bazowa,44284,29327,4291,dk
40214,A1,50.683851000000004,19.054977,bazowa,49107,33057,4958,dk
40215,A1,50.569652,19.0540255,bazowa,48948,32914,4904,dk
40741,"A1d
A1c",50.402144,19.009533,bazowa,36623,26080,3492,dk
40737,A1c,50.370745,18.908029,bazowa,40872,29903,3681,dk
40738,A1c,50.372601,18.8889075,bazowa,33774,23571,3249,dk
40739,A1c,50.3729065,18.756718499999998,bazowa,41947,30186,3740,dk
40740,A1c,50.315881,18.725181,bazowa,46407,33639,4415,dk
40736,"A1c
A1b",50.3063995,18.728337500000002,bazowa,50975,37787,4790,dk
40217,"A1b
A1a",50.273113,18.7293605,bazowa,74202,57632,6394,dk
40331,A1a,50.229183500000005,18.6978345,bazowa,65447,48521,6142,dk
40332,A1a,50.196494,18.702161,bazowa,56410,40451,5589,dk
40333,A1a,50.136392,18.69291,bazowa,56439,40352,5670,dk
40731,A1a,50.0799675,18.663355000000003,bazowa,54369,38616,5401,dk
40732,A1a,50.032803,18.603652,bazowa,32005,21769,3499,dk
40733,A1a,49.977452,18.55013,bazowa,28014,18754,3020,dk
40734,A1a,49.95772,18.5040095,bazowa,21693,13419,2326,dk
40735,A1a,49.942417,18.422621499999998,bazowa,19004,11134,2121,dk
31501,2b,52.31695,14.5912635,bazowa,24851,11670,3049,dk
31514,A2,52.328976,14.704572,bazowa,22807,11098,2846,dk
31515,A2,52.338455,14.951352,bazowa,18544,9661,2164,dk
31516,A2,52.317077,15.435629,bazowa,20007,11060,2250,dk
31517,A2,52.296665,15.713512,bazowa,26754,16500,2884,dk
90829,A2,52.358299,16.097045,bazowa,25509,14942,3004,dk
90823,A2,52.383878,16.541351,bazowa,25148,16028,2815,dk
90825,A2,52.350483,16.759742,bazowa,26114,17213,2838,dk
90824,A2,52.350394,16.804556,bazowa,80462,54843,8952,dk
90916,A2,52.352787,16.865098,bazowa,88655,62119,9645,dk
90917,A2,52.352305,16.921823,bazowa,85424,59332,9509,dk
90327,A2,52.335216,17.062453,bazowa,55042,37087,5442,dk
90318,A2,52.31781,17.512772,bazowa,18904,13165,2012,dk
90317,A2,52.309761,17.572652,bazowa,24935,15335,2350,dk
90634,A2,52.219975,17.957708,bazowa,24031,14415,2342,dk
90621,A2,52.1795975,18.1230495,bazowa,28738,17505,3254,dk
90623,A2,52.162009,18.216530499999998,bazowa,29391,17734,3268,dk
90624,A2,52.1540145,18.2729705,bazowa,28974,17467,3349,dk
90625,A2,52.139805499999994,18.6132135,bazowa,28185,17083,3141,dk
91117,A2,51.99633,19.030748,bazowa,28535,17439,3116,dk
91118,A2,51.944431,19.178711,bazowa,30133,18482,3391,dk
91613,A2,51.918728,19.410397,bazowa,32582,19888,3689,dk
91614,A2,51.892738,19.558138,bazowa,34578,21433,3984,dk
91823,A2,51.890011,19.612377,bazowa,47132,30088,5133,dk
91824,A2,51.9379735,19.794342,bazowa,62581,42622,6866,dk
91825,A2,52.030973,20.0090985,bazowa,59884,41342,6390,dk
91826,A2,52.045521,20.058049,bazowa,63925,44647,6438,dk
10933,A2,52.145430000000005,20.612234,bazowa,65224,48670,5248,dk
10934,A2,52.147312,20.6256165,bazowa,83473,63212,7678,dk
10935,A2,52.191528000000005,20.7970225,bazowa,110595,84286,10175,dk
10617,A2,52.199561,21.2837375,bazowa,40332,32532,3188,dk
10618,A2,52.206634,21.518478,bazowa,35175,28389,2506,dk
10604,A2,52.216173,21.637179,bazowa,23749,17715,2021,dk
10620,A2,52.203105,21.716713,bazowa,20499,15399,1609,dk
11646,A2,52.196028,21.781677000000002,bazowa,16805,12460,1346,dk
11647,A2,52.2119745,21.894953,bazowa,15394,11077,1264,dk
11648,A2,52.1438415,22.2133575,bazowa,10924,7452,895,dk
30601,A4,51.17842,15.014282,bazowa,23389,12349,2926,dk
30623,A4,51.193827,15.11892,bazowa,24346,12563,3276,dk
30624,A4,51.244706,15.34122,bazowa,25563,13448,2928,dk
30625,A4,51.317314,15.594817,bazowa,24565,13473,2932,dk
30520,A4,51.300757,15.729222,bazowa,37586,20727,4636,dk
30501,A4,51.271349,15.800409,bazowa,37312,19965,4416,dk
30502,A4,51.228684,15.939083,bazowa,40084,22903,4270,dk
30522,A4,51.170617,16.083755,bazowa,44569,26228,4940,dk
30503,A4,51.167072,16.102958,bazowa,47255,28681,4898,dk
30504,A4,51.160715,16.174732,bazowa,50388,31843,5070,dk
30201,A4,51.065305,16.490213,bazowa,51731,33902,4531,dk
30230,A4,51.043483,16.592623,bazowa,50619,32614,4533,dk
30202,A4,51.0206015,16.751958000000002,bazowa,62876,41980,5751,dk
30203,A4,51.0213275,16.7602155,bazowa,69288,47278,6150,dk
30217,A4,51.042092,16.923022,bazowa,79222,54285,7772,dk
30218,A4,51.048923,16.9556895,bazowa,76613,57254,6048,dk
30204,A4,50.977244,17.061533,bazowa,54622,36853,4882,dk
30205,A4,50.882158,17.198137,bazowa,52081,35087,5122,dk
30207,A4,50.840588,17.264114,bazowa,49662,33135,4459,dk
40914,A4,50.663172,17.691303,bazowa,45623,28014,6034,dk
41313,A4,50.566016,17.866077,bazowa,43971,28102,4610,dk
41013,A4,50.488822,17.987885,bazowa,46312,28277,6094,dk
41014,A4,50.458911,18.261789,bazowa,43583,27467,5115,dk
41015,A4,50.447021,18.341273,bazowa,45810,29849,4819,dk
40301,A4,50.4247615,18.390781500000003,bazowa,48039,30335,5171,dk
40302,A4,50.347913000000005,18.5366505,bazowa,52988,33336,6124,dk
40327,A4,50.311170000000004,18.550997000000002,bazowa,43878,28114,4761,dk
40328,A4,50.2608855,18.643727,bazowa,46429,29701,5038,dk
40329,A4,50.2589815,18.7010875,bazowa,53790,36630,5553,dk
40624,A4,50.262915,18.785949000000002,bazowa,79363,59008,8268,dk
40747,A4,50.2571415,18.8452555,bazowa,81385,62251,8080,dk
40622,A4,50.254091,18.868241,bazowa,84130,64574,8097,dk
40617,A4,50.255199,18.952457,bazowa,76929,58552,7211,dk
40606,A4,50.2447425,19.03664,bazowa,99196,77572,9181,dk
40748,A4,50.236931,19.060372,bazowa,73059,55321,7207,dk
40615,A4,50.215751,19.131243,bazowa,70957,54434,6275,dk
40614,A4,50.1943675,19.187036,bazowa,46564,33541,5170,dk
20433,A4,50.151821,19.34691,bazowa,57052,43642,5255,dk
20413,A4,50.151645,19.400452,bazowa,63606,47880,6618,dk
20426,A4,50.14374,19.443943,bazowa,56929,42972,5972,dk
20414,A4,50.084034,19.796028,bazowa,50169,37546,4613,dk
20415,A4,50.077244,19.808976,bazowa,77882,59403,8053,dk
20416,A4,50.061179,19.809482,bazowa,83779,64726,8883,dk
20417,A4,50.024977,19.824297,bazowa,93661,74308,7670,dk
20418,A4,50.01655,19.840424,bazowa,89052,68467,9184,dk
20419,A4,49.990953,19.90497,bazowa,78790,56659,9793,dk
20511,A4,49.99674,19.926558,bazowa,88165,67825,9337,dk
20503,A4,50.000594,19.948507,bazowa,80351,60896,8779,dk
20512,A4,50.007191,20.053492,bazowa,87083,67306,9044,dk
20513,A4,50.014704,20.147032,bazowa,76266,59558,7594,dk
20500,A4,50.002182,20.181637,bazowa,63969,49612,6525,dk
20919,A4,50.0030205,20.44634,bazowa,55755,42148,5881,dk
20920,A4,49.992305,20.5751795,bazowa,53648,41785,4280,dk
20921,A4,49.9993945,20.626238,bazowa,38534,28351,4183,dk
20922,A4,50.044788,20.89417,bazowa,33598,24580,3700,dk
81625,A4,50.098386000000005,21.224473,bazowa,28881,20723,2689,dk
81626,A4,50.0800585,21.4649425,bazowa,30199,22364,3125,dk
81621,A4,50.0969115,21.5189775,bazowa,28588,20713,3404,dk
81622,A4,50.110496999999995,21.8433215,bazowa,30580,22791,3297,dk
81623,A4,50.105301499999996,21.926982,bazowa,34029,23822,3960,dk
81624,A4,50.0940885,22.047611,bazowa,33338,23873,3942,dk
81633,A4,50.095796,22.114703,bazowa,29635,22687,2969,dk
81629,A4,50.1123365,22.407474,bazowa,22300,16428,2584,dk
81630,A4,50.052375,22.5705,bazowa,16112,11492,1909,dk
81511,A4,49.9942355,22.607321,bazowa,11115,7809,1305,dk
81512,A4,49.913059,22.8004,bazowa,10734,7360,1181,dk
81513,A4,49.947313,23.020946,bazowa,2397,1555,317,dk
81514,A4,49.95876,23.10415,bazowa,2570,1705,226,dk
60714,A6,53.3404565,14.442732,bazowa,14956,10484,1382,dk
60715,A6,53.341618,14.4596845,bazowa,21454,15451,2090,dk
60719,A6,53.336871,14.557854,bazowa,21698,15476,2198,dk
60720,A6,53.3416105,14.578534000000001,bazowa,34052,25749,2909,dk
60716,A6,53.369357,14.695243,bazowa,36924,27955,3281,dk
60722,A6,53.393157,14.717365,bazowa,49322,40040,3922,dk
60713,"A6
S3",53.39912,14.720513,bazowa,46975,38399,3764,dk
30221,A8e,51.052414,16.932593,bazowa,87559,64268,7874,dk
30222,A8e,51.091496,16.930963,bazowa,92008,68793,8295,dk
30223,A8e,51.109034,16.933855,bazowa,85590,64221,7847,dk
30727,A8e,51.142987,16.940838,bazowa,81855,59684,8375,dk
30728,A8e,51.167399,17.045214,bazowa,65131,47926,6510,dk
31901,A18,51.667086,14.756504,kompleksowa,12332,6304,1319,dk
31701,A18,51.668227,14.77449,kompleksowa,11398,5827,1219,dk
31702,A18,51.593521,15.002925,kompleksowa,11136,5701,1421,dk
31703,A18,51.527469,15.209791,kompleksowa,13507,7400,1591,dk
31704,A18,51.521416,15.224077,kompleksowa,12466,6406,1528,dk
30308,A18,51.360295,15.586955,kompleksowa,13173,7424,1356,dk
30301,A18,51.334054,15.635301,kompleksowa,13960,7726,1440,dk
40758,S1b,50.45269,19.069125,bazowa,40716,29650,3696,dk
40759,S1b,50.44984,19.120036,bazowa,38095,27563,3598,dk
40743,S1b,50.4203485,19.1981365,bazowa,34954,24582,3550,dk
40778,S1b,50.4135435,19.219735999999997,bazowa,40137,28783,3981,dk
40779,S1b,50.36666,19.250546,bazowa,44380,32932,4188,dk
40601,"S1b
S1",50.321151,19.238765,bazowa,59471,45366,5415,dk
40625,S1,50.286313,19.216944,bazowa,44999,31983,4548,dk
40602,S1,50.285734,19.216814,bazowa,50609,34674,5365,dk
40623,S1,50.225823000000005,19.1689505,bazowa,54542,39431,5552,dk
40626,S1,50.1975865,19.168658,bazowa,45649,34037,4758,dk
40627,S1,50.190518499999996,19.1668095,bazowa,45914,34597,4955,dk
40628,S1,50.1733415,19.169308,bazowa,28494,20288,3040,dk
40616,"S1
1",50.1313945,19.025185999999998,,26432,19376,2618,dk
40501,1,50.05675,18.956291,,44620,34814,4607,dk
40502,1,50.016758,18.951472,,45370,35301,4794,dk
40730,1,49.992597,18.951778,,43902,33837,4728,dk
40503,1,49.980766,18.958462,,46153,36301,4604,dk
40526,1,49.9700805,18.9582495,,42170,32635,4322,dk
40504,1,49.9640195,18.959398,,43567,34163,4284,dk
40505,1,49.887906,18.996677,,39428,31523,3648,dk
40781,S1h,50.008763,19.093143,bazowa,-,-,-,dk
40782,S1h,49.981713,19.123810499999998,bazowa,-,-,-,dk
40783,S1h,49.976046,19.126273,bazowa,-,-,-,dk
40784,S1h,49.850493,19.099735,bazowa,-,-,-,dk
40785,S1f,49.834049,19.085621,bazowa,33914,27020,3735,dk
40727,S1f,49.791753,19.074622,bazowa,34856,28561,3531,dk
40541,S1f,49.767957,19.081088,bazowa,44979,38124,4146,dk
40728,S1f,49.758566,19.08603,bazowa,41963,35390,3742,dk
40729,S1f,49.7170495,19.122362000000003,bazowa,33971,28725,3009,dk
40542,S1f,49.695882499999996,19.1383335,bazowa,28749,23845,2731,dk
40536,S1f,49.675882,19.168856,bazowa,17742,14261,1703,dk
40537,S1f,49.628457,19.142611,bazowa,13058,10427,1286,dk
40786,S1f,49.618062,19.11937,bazowa,-,-,-,dk
40538,"S1f
S1g",49.56453,19.067174,bazowa,4089,2629,462,dk
40539,S1g,49.541878,19.018556,bazowa,3099,1652,432,dk
40540,S1g,49.510829,18.971527,bazowa,2498,1106,362,dk
10936,S2,52.194935,20.854278,bazowa,127285,99650,12132,dk
10937,S2,52.176232,20.8994875,bazowa,152703,121232,15367,dk
10938,S2,52.1695,20.9245715,bazowa,161367,126951,14992,dk
10939,S2,52.156137,20.956447,bazowa,155774,126723,13466,dk
10940,S2,52.1392845,21.0022595,bazowa,144944,123013,10699,dk
11654,S2,52.140092,21.029623,bazowa,128101,106778,10505,dk
11655,S2,52.152335,21.067902500000002,bazowa,98471,80293,8681,dk
11656,S2,52.1530105,21.0762295,bazowa,118976,100118,8326,dk
10961,S2,52.158697000000004,21.1293445,bazowa,107550,88136,8501,dk
10962,S2,52.165838,21.183963,bazowa,91905,75333,7279,dk
10963,S2,52.1942295,21.2487575,bazowa,81935,66614,6540,dk
80601,2,52.050945,22.664703,,8390,5533,630,dk
80602,2,52.000303,22.76638,,11304,7650,1003,dk
80603,2,52.031319,22.898167,,12202,8956,895,dk
80604,2,52.034938,23.033198,,14239,10907,827,dk
80605,2,52.034042,23.270763,,9859,6975,512,dk
80606,2,52.054452,23.564159,,4516,3965,187,dk
80607,2,52.059346,23.61706,,1739,1414,100,dk
60429,S3,53.8990035,14.2828545,bazowa,13794,10661,996,dk
60430,S3,53.894974,14.310095,bazowa,13709,10704,943,dk
60431,S3,53.8958965,14.347776,bazowa,12745,9828,941,dk
60432,S3,53.883791,14.520146,bazowa,13765,10675,994,dk
60433,S3,53.879450000000006,14.5312175,bazowa,13776,10677,1103,dk
60434,S3,53.848774500000005,14.603255,bazowa,12834,9718,1021,dk
60435,"S3
S3h",53.843925,14.6443785,bazowa,13655,10619,1049,dk
60436,"S3h
S3",53.7926795,14.777726000000001,bazowa,16946,13808,1213,dk
60438,S3,53.744845,14.7748075,bazowa,18077,14710,1270,dk
60428,S3,53.5915765,14.8231675,bazowa,18450,15198,1243,dk
60721,S3,53.582544999999996,14.8126745,bazowa,34154,27461,2632,dk
60711,S3,53.543298500000006,14.803640000000001,bazowa,34840,27407,3656,dk
60732,S3,53.455144,14.787701,bazowa,39389,31902,3115,dk
60712,S3,53.449149,14.784551,bazowa,41438,33903,3201,dk
60322,S3a,53.309455,14.580739,bazowa,23967,18549,2006,dk
60323,S3a,53.15382,14.711555,bazowa,22182,17113,1793,dk
60324,S3a,53.117746,14.746046,bazowa,20857,16105,1550,dk
31112,S3a,52.79096,15.116374,bazowa,20669,16084,1303,dk
31723,S3a,52.739326,15.16348,bazowa,26355,19138,2166,dk
31110,S3a,52.6997675,15.2261635,bazowa,26584,18832,2434,dk
31113,S3a,52.6991335,15.2383345,bazowa,26140,18804,2286,dk
31114,S3a,52.561095,15.513653999999999,bazowa,26605,18992,2285,dk
31115,S3a,52.5570675,15.5337845,bazowa,22820,17247,1792,dk
31303,S3a,52.459683999999996,15.5642085,bazowa,23044,17513,1763,dk
31724,S3a,52.440294,15.557716,bazowa,22777,17368,1635,dk
31116,"S3i
S3a",52.414904,15.5459015,bazowa,23067,17573,1702,dk
31416,S3a,52.28234,15.54001,bazowa,23237,17096,1861,dk
31417,S3a,52.256828,15.551314,bazowa,22035,16281,1763,dk
31418,S3a,52.131524999999996,15.575774,bazowa,23000,17149,1831,dk
31401,S3a,52.060017,15.619032,bazowa,33423,25497,2932,dk
31402,S3a,51.926694499999996,15.558778499999999,bazowa,29361,21918,2702,dk
31403,S3a,51.9212805,15.567301,bazowa,28702,22226,2388,dk
31405,S3a,51.747243999999995,15.703691500000001,bazowa,18461,13864,1384,dk
31725,S3a,51.7261435,15.7340745,bazowa,17515,12808,1472,dk
31726,S3a,51.67354,15.787385,bazowa,18182,13548,1281,dk
30327,S3a,51.603553500000004,15.9546075,bazowa,16916,12189,1485,dk
30328,S3a,51.5981715,15.969553000000001,bazowa,18612,13672,1515,dk
30329,S3a,51.558972499999996,16.033894,bazowa,30402,22886,2557,dk
30330,S3a,51.4822535,16.0942045,bazowa,23814,17534,1850,dk
30331,S3a,51.474375,16.096213,bazowa,36531,28611,2629,dk
30332,S3a,51.435266,16.146705,bazowa,25702,19136,2220,dk
30333,S3a,51.38251,16.169661,bazowa,26547,19643,2400,dk
30334,S3a,51.273781,16.15151,bazowa,32123,24367,2943,dk
30523,S3a,51.215185,16.12904,bazowa,29753,22285,2378,dk
30524,S3a,51.209168,16.122732,bazowa,25987,19273,2054,dk
30525,S3a,51.090842,16.175775,bazowa,13334,10280,982,dk
30526,S3a,51.078104,16.206544,bazowa,13291,10151,1136,dk
30527,S3a,51.031072,16.222093,bazowa,11176,9085,954,dk
30528,S3a,51.003496,16.188666,bazowa,11071,9082,837,dk
30841,S3a,50.906836,16.154819,bazowa,6538,5515,562,dk
30842,S3a,50.776957,15.998809,bazowa,4810,4122,384,dk
30843,S3a,50.769888,15.99716,bazowa,2711,2334,293,dk
30834,5p,50.910263,16.147944,,12528,10551,885,dk
30835,5p,50.909632,16.09147,,9942,8193,745,dk
30840,5p,50.910032,16.086569,,9742,8144,698,dk
30511,5r,50.933141,16.071782,,10918,9152,783,dk
30836,5r,50.909506,15.958997,,12267,10231,928,dk
30512,5r,50.900638,15.880012,,15583,13470,1026,dk
30602,5r,50.862645,15.603836,,10295,9136,522,dk
30603,5r,50.842951,15.567738,,11084,9853,673,dk
30604,5r,50.814519,15.429705,,2170,1761,110,dk
51331,S5j,53.6559305,19.9198595,kompleksowa,10899,7770,1084,dk
51332,S5j,53.658737,19.841905,kompleksowa,6552,4769,762,dk
71442,S5,53.441053499999995,18.552121,kompleksowa,22023,15456,2211,dk
71443,S5,53.42101,18.489413,kompleksowa,22662,15720,2372,dk
71104,S5,53.408116,18.383202,kompleksowa,19350,13226,1805,dk
71107,S5,53.4057435,18.376623000000002,kompleksowa,20260,14062,1982,dk
71444,S5,53.359513500000006,18.3113475,kompleksowa,22839,15988,2290,dk
71445,S5,53.3122585,18.266137999999998,kompleksowa,23183,16388,2215,dk
71446,S5,53.259437500000004,18.1848135,kompleksowa,23757,16849,2410,dk
71420,S5,53.226089,18.1390765,kompleksowa,26244,19166,2451,dk
71428,S5,53.2237205,18.030518999999998,kompleksowa,19165,13175,1835,dk
71429,S5,53.222471999999996,18.021774999999998,kompleksowa,21092,14845,2196,dk
71430,S5,53.1964545,17.896673,kompleksowa,23780,16326,2576,dk
71431,S5,53.13119,17.88005,kompleksowa,34086,23536,3551,dk
71432,S5,53.122282,17.881806,kompleksowa,35524,24526,3918,dk
71447,S5,53.0702815,17.823171,kompleksowa,33422,25610,3100,dk
71448,S5,53.025777500000004,17.773457,kompleksowa,28000,20638,2760,dk
70814,S5,53.01727,17.768791999999998,kompleksowa,23407,16287,2383,dk
71435,S5,52.957326,17.715892,kompleksowa,21826,15379,2245,dk
71436,S5,52.870871,17.701479999999997,kompleksowa,21932,15461,2223,dk
71437,S5,52.865027,17.697892500000002,kompleksowa,20414,13863,2053,dk
71438,S5,52.840001,17.691886,kompleksowa,19827,13627,2009,dk
71439,S5,52.736607,17.660511,kompleksowa,19674,13451,2078,dk
71441,"S5
S5h",52.693689,17.6592805,kompleksowa,20589,14195,2189,dk
90335,S5h,52.649583,17.617271,kompleksowa,21510,15125,2111,dk
90336,S5h,52.557796,17.545128,kompleksowa,20360,14162,2078,dk
90337,"S5h
S5d",52.551099,17.537635,kompleksowa,20493,14214,2027,dk
90328,S5d,52.484329,17.423087,kompleksowa,30311,21905,3123,dk
90330,S5d,52.415372,17.290458,kompleksowa,30160,21212,3499,dk
90332,S5d,52.389349,17.251609,kompleksowa,38195,24202,4477,dk
90333,S5d,52.343399,17.169085,kompleksowa,35591,22547,4097,dk
90334,S5d,52.336821,17.156888,kompleksowa,37825,24941,3993,dk
90731,S5e,52.3351295,16.7360735,kompleksowa,42571,30959,4673,dk
90732,S5e,52.2773785,16.6690135,kompleksowa,39483,28137,4673,dk
90733,S5e,52.230031,16.685123,kompleksowa,31438,22455,3598,dk
90734,"S5e
S5k",52.198771,16.697844,kompleksowa,32677,23556,3876,dk
90735,S5k,52.119600500000004,16.644985499999997,kompleksowa,29824,21286,3438,dk
90736,S5k,52.089113999999995,16.6037215,kompleksowa,27345,18928,3230,dk
90737,S5k,52.061006,16.581493,kompleksowa,30377,21790,3273,dk
90738,S5k,51.991070500000006,16.539037,kompleksowa,29878,20854,3590,dk
90739,S5k,51.950967,16.5474935,kompleksowa,30019,20769,3842,dk
90740,"S5k
S5i",51.867647500000004,16.516942,kompleksowa,26262,18230,3044,dk
90741,S5i,51.8335955,16.5049365,kompleksowa,25194,17125,2801,dk
90742,S5i,51.8214825,16.5081535,kompleksowa,23852,17214,2625,dk
90743,"S5i
S5f",51.805055499999995,16.594711,kompleksowa,21738,15108,2716,dk
90725,S5f,51.740947,16.681255,kompleksowa,22716,16014,2807,dk
90726,S5f,51.685328,16.758029,kompleksowa,21763,15010,2837,dk
90727,S5f,51.59976,16.81654,kompleksowa,21943,15250,2613,dk
30923,S5f,51.549749,16.873241,kompleksowa,24430,17794,2258,dk
30924,S5f,51.46358,16.884993,kompleksowa,23413,16897,2277,dk
30925,S5f,51.45691,16.884405,kompleksowa,23822,17512,2215,dk
30926,S5f,51.378833,16.93558,kompleksowa,23475,17223,2207,dk
30927,S5f,51.311657,17.0375,kompleksowa,24905,18378,2386,dk
30928,S5f,51.218723,17.038165,kompleksowa,37049,28579,3299,dk
30929,S5f,51.213861,17.044432,kompleksowa,40767,32027,3507,dk
30226,A8e/S5f,51.165351,17.02015,,56572,44287,5766,dk
30208,5,51.052718,16.977192000000002,,54758,50354,2562,dk
30818,5,51.041792,16.590908,,16365,12702,1333,dk
30830,5,50.988153,16.417099,,11873,9568,859,dk
30817,5,50.976548,16.366731,,13851,11253,1019,dk
30816,5,50.947084,16.336583,,10266,8286,782,dk
30831,5,50.915849,16.243866,,11749,9464,980,dk
30807,5,50.911774,16.160824,,12126,9661,952,dk
60413,S6,53.587931,14.83345,kompleksowa,19572,15992,1481,dk
60414,S6,53.592742,14.871786,kompleksowa,20126,16669,1618,dk
60410,S6,53.6598585,15.07785,kompleksowa,16696,13215,1829,dk
60416,S6,53.738424,15.208438,kompleksowa,16449,13533,1249,dk
60417,S6,53.8714055,15.366131,kompleksowa,14115,11459,1115,dk
60418,S6,53.8810955,15.3770045,kompleksowa,12765,10411,1093,dk
60419,S6,53.946958,15.402708,kompleksowa,14755,12436,1069,dk
60420,S6,54.130829,15.578509,kompleksowa,15414,12843,1233,dk
60421,S6,54.169378,15.743452000000001,kompleksowa,16955,14150,1452,dk
60422,S6,54.172943,15.752054,kompleksowa,15779,12920,1461,dk
60423,S6,54.202462,15.919403,kompleksowa,17774,14679,1635,dk
60424,S6,54.193319,16.052435,kompleksowa,18942,15745,1771,dk
60425,S6,54.197569,16.132391,kompleksowa,18740,15670,1543,dk
60426,S6,54.2139735,16.154739499999998,kompleksowa,15229,12111,1428,dk
60223,S6,54.2323785,16.188373,kompleksowa,12370,9646,1145,dk
60224,S6,54.240625,16.312928499999998,kompleksowa,12057,9330,1217,dk
60211,"S6
6",54.306372,16.511941,kompleksowa,11718,8906,1170,dk
60233,"6
6f
S6",54.337464,16.626376,kompleksowa,13284,10467,1261,dk
60235,S6,54.344334,16.695907,kompleksowa,13577,10510,1296,dk
70676,"S6
S6c",54.431854,16.893783,kompleksowa,14018,11063,1307,dk
70512,S6c,54.432398,16.970228,kompleksowa,9543,7398,855,dk
70513,S6c,54.4365575,17.0474655,kompleksowa,11577,9013,1042,dk
70514,S6c,54.45406,17.085641,kompleksowa,10250,7933,945,dk
70508,"S6c
6",54.466484,17.181834,kompleksowa,16009,12711,1505,dk
70516,6,54.466843,17.465627,,11708,8990,1143,dk
70515,6,54.529007,17.746925,,14273,10799,1313,dk
70503,6,54.534082,17.762389,,16966,13736,1541,dk
70504,6,54.572834,17.864131,,18110,14542,1680,dk
70667,"6
S6e",54.575513,17.906875,kompleksowa,20766,16555,1964,dk
70648,S6e,54.5644,17.9718825,kompleksowa,15553,12569,1390,dk
70649,S6e,54.559817,18.044665,kompleksowa,14753,11872,1384,dk
70650,S6e,54.5505945,18.105947,kompleksowa,18225,14894,1656,dk
70651,S6e,54.477039500000004,18.2771145,kompleksowa,25092,20689,2341,dk
70652,S6e,54.4732315,18.3513895,kompleksowa,28594,23541,2803,dk
70653,S6e,54.456011,18.448505,kompleksowa,43584,36987,3578,dk
70654,S6e,54.465137999999996,18.465825000000002,kompleksowa,52889,45221,4053,dk
70306,S6,54.437745,18.488271,bazowa,89539,74468,6900,dk
70315,S6,54.422832,18.4874805,bazowa,88033,73143,6810,dk
70330,S6,54.382923000000005,18.5059685,bazowa,94088,78072,7329,dk
70307,S6,54.36574,18.5184535,bazowa,99479,83896,7115,dk
70334,S6,54.340278999999995,18.525856,bazowa,79509,63188,6557,dk
70316,S6,54.309276999999994,18.553639500000003,bazowa,69991,55564,5118,dk
70331,S6,54.3057975,18.5612535,bazowa,63251,47998,5115,dk
70321,S6,54.283136999999996,18.590677499999998,bazowa,53679,40404,4351,dk
70308,"S6
A1",54.2764255,18.593147000000002,bazowa,46383,34444,3791,dk
70320,6,54.236892,18.611911,,10874,7945,1200,dk
70314,S7w,54.538643500000006,18.454337,bazowa,34154,30337,2497,dk
70333,S7w,54.5107755,18.457645999999997,bazowa,75298,63756,4221,dk
70319,S7w,54.481086000000005,18.4725355,bazowa,82356,69852,5298,dk
70655,S7x,54.4353945,18.427275,kompleksowa,17231,14783,1401,dk
70656,S7x,54.3854365,18.364348999999997,kompleksowa,9082,7525,850,dk
70657,S7x,54.2909435,18.4930435,kompleksowa,-,-,-,dk
70658,S7x,54.288687499999995,18.564431499999998,kompleksowa,-,-,-,dk
70322,S7i,54.295731,18.628379,bazowa,32315,22146,1937,dk
70323,S7i,54.316860500000004,18.695704499999998,bazowa,44318,32445,3164,dk
70324,S7i,54.317669,18.744953,bazowa,47022,39021,2787,dk
70325,S7i,54.3148125,18.75617,bazowa,38070,30634,2624,dk
70332,S7i,54.274086999999994,18.874665,bazowa,38690,31194,2548,dk
70326,S7i,54.2591095,18.9334445,bazowa,38281,30830,2507,dk
70327,S7i,54.214651,19.0990965,bazowa,35570,28018,2579,dk
70328,S7i,54.208522,19.106874,bazowa,36945,29736,2380,dk
70329,S7i,54.1954275,19.135308000000002,bazowa,34631,27530,2519,dk
50921,S7i,54.163086,19.35082,bazowa,28821,22082,2272,dk
50908,S7i,54.136443,19.419539,bazowa,31581,24193,2513,dk
50909,S7g,54.117362,19.506209,bazowa,30847,24342,2070,dk
50917,S7g,54.043262999999996,19.6584605,bazowa,26770,20593,1747,dk
50918,S7g,53.964904000000004,19.6977155,bazowa,24428,18501,1679,dk
50912,S7g,53.779185999999996,19.8121745,bazowa,23357,17522,1636,dk
50920,S7g,53.775448499999996,19.8271195,bazowa,24439,18405,1569,dk
51313,S7g,53.7311205,19.930264,bazowa,25963,19907,1712,dk
51314,S7g,53.727047,19.942314,bazowa,24137,17947,1747,dk
51315,S7g,53.6439485,20.037861,bazowa,24001,17616,1726,dk
51316,"S7g
S7j",53.582715500000006,20.172466,bazowa,23345,17094,1681,dk
51407,S7j,53.534716,20.274985,bazowa,26464,20207,1712,dk
51408,S7j,53.497462,20.3142815,bazowa,25415,19147,1691,dk
51418,S7j,53.374404,20.380946,bazowa,25603,19224,1752,dk
51419,S7j,53.369535,20.387102499999997,bazowa,21454,15850,1365,dk
51421,S7j,53.273027,20.434924,bazowa,23749,17714,1549,dk
11620,S7j,53.185638499999996,20.430619,bazowa,23113,16984,1706,dk
11621,S7j,53.101304999999996,20.412934,bazowa,22030,16312,1382,dk
11622,S7j,53.034774,20.353237,bazowa,21525,16292,1479,dk
11623,S7j,52.862383,20.28689,bazowa,21815,16295,1558,dk
11624,S7j,52.82567349999999,20.261355000000002,bazowa,23251,17439,1739,dk
11625,"S7j
S7d",52.747929,20.3156805,bazowa,22176,17155,1518,dk
11008,S7d,52.620965999999996,20.388225499999997,bazowa,23396,17686,1701,dk
11011,S7d,52.609598500000004,20.394076499999997,bazowa,27704,20825,2168,dk
11010,"S7d
7d
7",52.579763,20.474998,bazowa,27231,21949,2079,dk
11009,"7
S7j",52.463949,20.573768,bazowa,28452,22951,2210,dk
11659,S7j,52.445048,20.61266,bazowa,28517,23123,2231,dk
10206,S7j,52.435316,20.649075,bazowa,33462,27187,2781,dk
10207,"S7j
S7",52.387774,20.735628,bazowa,40920,34186,3022,dk
10222,7,52.3757155,20.7787225,,42919,36083,3267,dk
10208,7,52.334245,20.885258,,50201,42267,4040,dk
10209,7,52.322357,20.912135,,62211,53566,4213,dk
10902,S7m,52.179401999999996,20.9147065,,116450,106024,6642,dk
11634,S7u,52.123624,20.988178,kompleksowa,88485,77558,6722,dk
11633,S7u,52.095588,20.971487,kompleksowa,68780,60486,4819,dk
11632,S7u,52.053707,20.923399,kompleksowa,53202,45766,4204,dk
11631,S7u,52.018268500000005,20.8943045,kompleksowa,47677,40454,3923,dk
11630,S7u,51.982245500000005,20.867188,kompleksowa,43498,36528,3770,dk
11629,S7u,51.955268,20.849317,kompleksowa,40416,33611,3624,dk
10401,"S7u
S7",51.94081,20.846123499999997,kompleksowa,50114,41495,4602,dk
10426,S7,51.884089,20.85597,kompleksowa,42261,34678,3739,dk
10427,S7,51.864503,20.851045,kompleksowa,50348,38920,4642,dk
10403,S7,51.839441,20.875574,kompleksowa,44901,34747,4363,dk
10404,"S7
S7a",51.704023,20.928106,kompleksowa,39951,30622,3905,dk
10405,S7a,51.665859,20.955375,kompleksowa,40667,31232,3830,dk
10420,"S7a
S7",51.609974,20.981892,kompleksowa,40631,31042,4217,dk
10407,"S7
S7n",51.536659,21.07177,kompleksowa,40845,31544,3700,dk
11415,S7n,51.438058,21.0336175,kompleksowa,24741,18520,2600,dk
11416,S7n,51.413964,21.029109,kompleksowa,26030,19632,2594,dk
11417,S7n,51.383851,21.020375,kompleksowa,23989,17834,2253,dk
11418,S7n,51.259578000000005,20.919899,kompleksowa,29646,22461,2622,dk
11419,S7n,51.253937,20.907928,kompleksowa,29439,21617,3096,dk
11420,S7n,51.20780499999999,20.8650605,kompleksowa,28957,21507,2767,dk
21516,S7n,51.186943,20.859682,kompleksowa,33908,25807,2920,dk
21518,S7n,51.109718,20.844654,kompleksowa,33415,25599,2661,dk
21512,"S7n
S7f",51.100501,20.835624,kompleksowa,35078,26693,2871,dk
21503,"S7f
S7e",51.032888,20.818767,kompleksowa,31860,24291,2653,dk
21319,S7e,50.941352,20.675655,kompleksowa,35785,28094,2531,dk
21301,"S7e
S7k",50.9123,20.595215,kompleksowa,27996,21574,2399,dk
21320,S7k,50.879959,20.520836,kompleksowa,29152,21677,2310,dk
21302,S7k,50.839521,20.480382,kompleksowa,29997,21432,2711,dk
21201,"S7k
S7r
S7l",50.651266,20.322268,kompleksowa,29950,23772,2160,dk
21208,"S7l
S7p",50.638521,20.318337,kompleksowa,25181,19164,2072,dk
21209,S7p,50.624604,20.294137,kompleksowa,23641,18574,1890,dk
21210,S7p,50.620919,20.281881,kompleksowa,24342,19539,1941,dk
21211,S7p,50.526332,20.19563,kompleksowa,23593,18720,1940,dk
20229,"S7p
S7t",50.447009,20.189597,kompleksowa,22316,17158,2461,dk
20230,S7t,50.437156,20.188295,kompleksowa,23194,18396,2262,dk
20231,"S7t
S7s",50.354312,20.081553,kompleksowa,21954,17511,2048,dk
20232,S7s,50.212317999999996,20.0164375,kompleksowa,25166,20841,2228,dk
20233,S7s,50.2028265,20.0192685,kompleksowa,26816,22064,2446,dk
20234,S7s,50.128734,20.044755,kompleksowa,27736,22913,2512,dk
20235,S7s,50.117101,20.045954,,23771,19613,1949,dk
20412,7,50.102743,19.860975,,-,-,-,dk
20421,S7o,50.070856,20.065465,bazowa,18017,14369,2043,dk
20434,S7o,50.046229,20.070487,bazowa,41115,33702,4285,dk
20514,S7c,50.0315415,20.063015,bazowa,49581,40484,4119,dk
20431,7,49.966856,19.90084,kompleksowa,56037,47104,5076,dk
20501,7,49.924519,19.882664,kompleksowa,52325,43476,5082,dk
20422,7,49.879549,19.885002,kompleksowa,39864,32880,3881,dk
20502,7,49.851486,19.91952,kompleksowa,45763,38402,4270,dk
20435,7,49.838834,19.947246,kompleksowa,39338,32352,3910,dk
20510,7,49.827521,19.948975,kompleksowa,43359,36039,4152,dk
20507,"7
S7b",49.820761000000005,19.937717,kompleksowa,44809,37165,4537,dk
20424,S7b,49.781961,19.951728,kompleksowa,40324,33621,3859,dk
20509,S7b,49.73325,19.975486,kompleksowa,34978,28957,3402,dk
20801,S7b,49.714571,19.980292,kompleksowa,26891,22769,2139,dk
20800,S7b,49.642535,19.908728,kompleksowa,27263,22459,2661,dk
20601,7,49.577129,19.824811,,9742,7414,1174,dk
20425,7,49.48076,19.695404,,11706,9279,1195,dk
20517,7,49.478785,19.693647,,14363,11211,1598,dk
20602,7,49.42549,19.673475,,5374,3765,501,dk
30412,8,50.433257,16.207632,kompleksowa,10502,7243,467,dk
30411,8,50.417556,16.26309,kompleksowa,10151,6607,665,dk
30409,8,50.416751,16.450851,kompleksowa,12907,9087,877,dk
30408,"8
8o",50.437597,16.61538,kompleksowa,17293,12954,1132,dk
30421,"8o
8",50.447218,16.629484,,13327,9794,1055,dk
30406,8,50.457914,16.669836,,11533,8446,905,dk
30405,8,50.502458,16.727919,,13023,9677,1052,dk
30404,8,50.580818,16.804173,,13933,10023,1141,dk
30422,8,50.596079,16.80526,,12815,9161,1017,dk
30401,8,50.645685,16.826565,,11574,7821,1226,dk
30212,8,50.863759,16.860074,,15953,11897,1266,dk
30211,8,50.969519,16.933298,,19902,15138,1508,dk
30219,"8e
S8e",50.992672,16.950016,kompleksowa,22118,16303,1967,dk
30220,S8e,51.0343,16.938045,kompleksowa,34190,24737,3171,dk
30735,S8e,51.224841,17.167058,bazowa,38464,26311,4141,dk
30729,S8e,51.225277,17.176341,bazowa,37767,25728,3981,dk
30722,S8e,51.231272,17.380898,bazowa,39978,27588,3948,dk
30730,S8e,51.2323335,17.480332,bazowa,30679,21123,3102,dk
30718,S8e,51.29509,17.687048,bazowa,29501,19727,3144,dk
90513,S8e,51.3019115,17.7741055,bazowa,28117,18203,3396,dk
90515,S8e,51.317325,17.978687,bazowa,27264,17742,3082,dk
90514,S8e,51.318437,18.044396,bazowa,27270,17207,3149,dk
91828,S8e,51.317524,18.369076,bazowa,28050,17961,3178,dk
91829,S8e,51.357396,18.524129000000002,bazowa,22969,14993,2923,dk
91830,S8e,51.526891000000006,18.695404500000002,bazowa,25939,17256,3053,dk
91831,S8e,51.591553,18.818147,bazowa,28285,19445,2605,dk
91832,S8e,51.598218,18.868503,bazowa,30410,20983,2832,dk
91833,S8e,51.559154,19.016954,bazowa,30229,21005,2646,dk
91834,S8e,51.572058,19.173768,bazowa,34988,25090,3034,dk
91835,S8e,51.576592,19.182534,bazowa,37564,27209,3497,dk
91836,S8e,51.611463,19.358016,bazowa,28573,19729,2680,dk
91837,S8e,51.615945,19.372131,bazowa,29884,21018,2623,dk
91905,S8e,51.642953,19.538132,bazowa,33563,24563,3054,dk
91405,S8,51.44212,19.668461,kompleksowa,40133,25062,4006,dk
91412,S8,51.443649,19.720137,kompleksowa,43176,26869,4455,dk
91411,S8,51.475286,19.804121000000002,kompleksowa,32854,21947,3403,dk
91410,S8,51.504548,19.874702499999998,kompleksowa,31011,20578,3075,dk
91409,S8,51.526877999999996,19.943036,kompleksowa,28135,18039,3031,dk
91900,S8,51.550298,19.99062,kompleksowa,29514,19676,3085,dk
91408,S8,51.589107999999996,20.0410765,kompleksowa,30510,20563,3192,dk
91611,S8,51.736442,20.232207,kompleksowa,27403,17867,2892,dk
91610,S8,51.772984,20.274113,kompleksowa,28238,18590,2850,dk
91609,S8,51.803782,20.300832,kompleksowa,27995,18674,2892,dk
91608,S8,51.8899215,20.4199855,kompleksowa,27041,17774,2809,dk
91857,"S8
S8h",51.923227,20.4601945,kompleksowa,32647,22467,3385,dk
10921,S8h,51.980024,20.512617,kompleksowa,32757,22598,3187,dk
10929,S8h,51.989159,20.540321,kompleksowa,34669,23879,3538,dk
10966,S8,52.02416100000001,20.653299500000003,kompleksowa,39460,29036,3933,dk
10967,S8,52.026416,20.664976000000003,kompleksowa,43630,33098,4133,dk
10968,S8,52.071676,20.763966,kompleksowa,54175,43286,4200,dk
10969,S8,52.076607499999994,20.7816395,kompleksowa,62731,50881,4852,dk
10970,S8,52.0930415,20.8119095,kompleksowa,71002,59343,4491,dk
10951,S8l,52.111129,20.849334,kompleksowa,76675,64501,5201,dk
10952,S8l,52.140938,20.88393,kompleksowa,90699,74768,6995,dk
10950,S8l,52.150291,20.894158,kompleksowa,100541,82894,8108,dk
10941,S8f,52.2135875,20.860546499999998,bazowa,118780,93211,12702,dk
10942,S8f,52.236104499999996,20.884668499999997,bazowa,123103,98367,11710,dk
11663,S8f,52.243807000000004,20.895047,bazowa,121982,97669,10806,dk
10943,S8f,52.248625,20.932522,bazowa,125221,102253,9855,dk
10944,S8f,52.258823,20.949939,bazowa,195600,166805,13892,dk
10953,S8f,52.26355,20.9546795,bazowa,169007,141123,13528,dk
10954,S8f,52.271847,20.964571,bazowa,162605,135690,12249,dk
10955,S8f,52.2787505,20.976875,bazowa,164928,137960,12042,dk
10956,S8f,52.286567,20.993665,bazowa,178334,150462,12970,dk
10945,S8f,52.2915325,21.0062,bazowa,162353,137479,11587,dk
10957,S8f,52.297359,21.024404,bazowa,145620,122790,11834,dk
10946,S8f,52.302034,21.041832,bazowa,131151,110420,9252,dk
10947,S8f,52.307391,21.082798,bazowa,111895,92789,8808,dk
10212,S8p,52.314874,21.130136,bazowa,96393,78464,8373,dk
10213,S8p,52.350166,21.159857,bazowa,86123,68483,8143,dk
11651,S8p,52.36699,21.189354,bazowa,78679,61280,8009,dk
10214,S8p,52.376146500000004,21.1881615,bazowa,69861,54407,6722,dk
11316,"S8p
S8",52.402955500000004,21.202146499999998,bazowa,60090,46044,5896,dk
10215,S8,52.4666725,21.315093,bazowa,52600,40875,4165,dk
11304,S8,52.505336,21.386573,bazowa,49545,37378,4654,dk
10722,"S8
S8d",52.536597,21.432873,bazowa,47824,36719,3639,dk
10713,S8d,52.562842,21.467962,bazowa,39660,30240,2894,dk
10714,S8d,52.604369000000005,21.4965575,bazowa,35892,26559,2583,dk
10723,"S8d
S8",52.651716,21.561542,bazowa,37261,27544,2812,dk
10724,S8,52.691236,21.646759,bazowa,32521,23165,2397,dk
10702,"S8
S8a",52.754274,21.789117,bazowa,28879,20004,2295,dk
10711,S8a,52.793417,21.867413,bazowa,32159,21126,2671,dk
10712,S8a,52.81854,21.88913,bazowa,30587,19509,2277,dk
10721,"S8a
S8",52.859905999999995,22.000214,kompleksowa,14010,9795,1150,dk
50719,"S8
S8g",52.948391,22.168353,kompleksowa,14385,10121,1236,dk
50712,S8g,52.987018,22.21805,kompleksowa,11532,8207,1086,dk
50721,"S8g
S8n",53.059788,22.400565,kompleksowa,13730,10222,1172,dk
50722,S8n,53.109359,22.583384,kompleksowa,14196,10623,1230,dk
50725,"S8n
S8",53.126138499999996,22.688612,kompleksowa,14796,11177,1272,dk
50325,S8,53.137183500000006,22.7551375,kompleksowa,18410,14157,1715,dk
50327,S8,53.1641605,22.955824,kompleksowa,22656,18228,1793,dk
50302,"S8
8",53.1586505,23.001693500000002,kompleksowa,29483,24193,2559,dk
50303,8,53.149768,23.06394,,23732,19013,2352,dk
50317,8,53.190056,23.151922,,24401,20153,1627,dk
50351,8,53.200497,23.154659,,17882,14143,1312,dk
50316,8,53.440293,23.09553,,6870,5170,588,dk
50204,"8
8p",53.462849,23.088783,,6572,4768,697,dk
50224,"8p
8",53.677114,23.104826,,6260,4457,623,dk
50203,"8r
8
8i",53.807304,22.967195,,8472,6604,658,dk
50217,8i,53.841806,22.950176,kompleksowa,4296,2639,341,dk
50218,8i,53.847755,22.938785,,4114,2570,294,dk
50615,8i,53.974987,22.780372,,2739,2160,310,dk
11410,9,51.322789,21.243122,,13448,10853,1242,dk
11411,"9
9b",51.187581,21.236152,,7289,5597,571,dk
11635,9b,51.165463,21.222237,,4312,2943,291,dk
11412,"9b
9",51.116844,21.222908,,7505,5523,719,dk
21504,9,51.042441,21.19312,,7750,6037,636,dk
21505,9,50.964105,21.274178,,9955,7381,935,dk
21506,9,50.936881,21.36993,,7762,5702,637,dk
21519,9c,50.926898,21.397757,,5014,3339,338,dk
21525,9c,50.916966,21.420147,,10257,8095,707,dk
21520,9c,50.911023,21.390815,,3321,1983,280,dk
21401,"9
9d",50.860562,21.376408,,6388,4629,546,dk
21423,9d,50.806579,21.399312,,-,-,-,dk
21427,9d,50.80042,21.399158,,-,-,-,dk
21403,9,50.772278,21.435224,,8422,5617,707,dk
21404,9,50.672107,21.449442,,5300,3213,473,dk
21405,9,50.571259,21.508582,,6431,3918,450,dk
21406,9,50.52811,21.586165,,11014,7778,843,dk
81603,9,50.513803,21.61012,,5715,3393,534,dk
81604,9,50.486074,21.684456,,7496,5305,509,dk
81605,9,50.423,21.752796,,11539,8854,900,dk
81607,9,50.383184,21.750105,,11020,8312,911,dk
81627,9,50.317018,21.738771,,8166,5713,745,dk
81608,9,50.258952,21.764732,,10046,7637,773,dk
81609,9,50.242972,21.779192,,17196,13809,1441,dk
81610,"9
9a",50.20124,21.856283,,12108,9010,1174,dk
81611,"9a
9",50.117334,21.972027,,26687,21423,2314,dk
81631,9,50.109811,21.97481,,35291,27847,3741,dk
81634,9,50.104971,21.9766605,,27201,23497,2335,dk
81612,9,49.935041,21.898935,,18840,15060,1436,dk
81613,9,49.883515,21.900954,,12932,9886,1083,dk
81115,9,49.796816,21.938881,,10880,8080,982,dk
81101,9,49.787765,21.944819,,12317,9216,1133,dk
81102,9,49.74884,21.92525,,8681,6059,838,dk
81105,9,49.540864,21.692289,,6647,3332,390,dk
81106,9,49.423733,21.692485,,4378,1643,259,dk
60701,10,53.442009,14.405827,,11001,9737,803,dk
60723,10,53.431678,14.455987,,14607,13285,757,dk
60601,"S10
S10b",53.3498225,14.8307205,kompleksowa,26197,21346,1949,dk
60617,S10b,53.353943,14.865366,kompleksowa,21403,17058,1774,dk
60614,S10b,53.342246,14.953208,kompleksowa,14717,11034,1238,dk
60615,S10b,53.3137185,15.0893065,kompleksowa,10492,7543,887,dk
60604,"S10
10",53.298908,15.179149,kompleksowa,10157,7240,907,dk
60605,10,53.274698,15.469837,,6580,4016,766,dk
60612,10,53.271736,15.567721,,6585,4002,626,dk
60606,10,53.29571,15.845046,,5471,3191,529,dk
60812,10,53.298377,15.905741,,9127,6334,785,dk
60802,10,53.299563,15.917606,,7123,4321,739,dk
60803,"10
S10",53.315442,16.340796,kompleksowa,7273,4537,721,dk
60814,S10d,53.2950995,16.4482005,kompleksowa,5640,3162,608,dk
60815,S10d,53.289226,16.504376,kompleksowa,7656,4701,820,dk
60816,S10d,53.2486965,16.594547499999997,kompleksowa,6941,4335,735,dk
60805,"S10
10",53.239961,16.640089,kompleksowa,7997,5213,864,dk
90219,10,53.186375,16.76205,,11147,6786,1026,dk
90230,10,53.167884,16.781813,,12441,7767,1270,dk
90201,10,53.142469,16.859203,,11606,7751,1162,dk
90202,10,53.132327,17.013324,,9783,6162,1063,dk
90203,10,53.154043,17.159551,,10291,6621,1090,dk
90224,S10c,53.16265,17.235281,kompleksowa,7528,4255,824,dk
71001,"S10c
10",53.152336,17.489803,kompleksowa,12417,8419,1333,dk
71449,10,53.151074,17.607432,,10937,7037,1085,dk
71002,10,53.164875,17.704362,,12100,8359,1215,dk
70809,S10e,53.088442,17.902691,kompleksowa,24873,17077,2668,dk
70810,10,53.050831,18.009519,,18072,11492,2158,dk
70811,10,53.061585,18.213891,,21059,14317,2350,dk
70813,10,53.059848,18.250118,,17384,11088,2045,dk
70812,10,53.000116,18.457648,,17869,11636,2037,dk
70815,"10
10a",52.98394,18.487239,,17699,11277,2078,dk
71223,S10a,52.968587,18.666672499999997,,16058,9524,1818,dk
71211,10,53.033784499999996,18.746057,,22004,18351,1663,dk
71224,10,53.030889,18.759767,,26554,22227,2113,dk
71212,10,53.014521,18.818851,,16506,13146,1470,dk
71419,10,52.985455,18.864452,,11967,9033,1185,dk
71418,10,52.948257,18.935541,,10296,7616,1011,dk
71213,10,52.887462,19.130733,,8611,6140,840,dk
71214,10,52.887901,19.401996,,4814,2985,469,dk
11101,10,52.862403,19.672194,,12989,9769,1076,dk
11652,10,52.861045,19.676472,,9727,6765,867,dk
11102,10,52.814648,19.796944,,7020,4455,678,dk
11114,10,52.780212,19.904679,,7184,4451,626,dk
11115,10,52.67281,20.067289,,5260,3437,588,dk
11103,10,52.624734,20.25816,,7240,5329,726,dk
11001,10,52.610857,20.368256,,6070,3215,461,dk
60225,11n,54.172413,15.557238,,16154,14804,944,dk
60226,11n,54.163157,15.553659,,13574,11844,1143,dk
60227,11n,54.17013,15.588752,,14388,12929,990,dk
60228,11n,54.168492,15.591509,,20692,19022,1188,dk
60222,S11,54.184213,16.125242,kompleksowa,14414,12196,1229,dk
60229,S11,54.169012,16.130854,kompleksowa,9035,7390,634,dk
60724,S11,54.023809,16.4605955,kompleksowa,7365,5692,619,dk
60728,S11,53.987106,16.52199,kompleksowa,7691,6059,667,dk
60729,S11,53.944354000000004,16.571685000000002,kompleksowa,7288,5745,621,dk
60501,11,53.812187,16.643471,,5809,4490,512,dk
60515,S11g,53.7142125,16.7103235,kompleksowa,4550,3527,423,dk
60516,S11g,53.707831999999996,16.7248065,kompleksowa,7105,5339,608,dk
60517,S11g,53.6748525,16.737232,kompleksowa,6364,4635,516,dk
90204,"S11g
11",53.568105,16.830436,kompleksowa,7000,5061,672,dk
90205,11,53.47704,16.878122,,6075,4257,549,dk
90206,11,53.425431,16.822793,,10123,6989,963,dk
90220,11,53.408056,16.795202,,10639,7299,1016,dk
90207,11,53.308331,16.793322,,6495,4469,612,dk
90223,11m,53.124696,16.774395,,10270,7085,1256,dk
90208,"11h
11",53.077481,16.731579,,13125,9913,1195,dk
90209,11,53.009237,16.850989,,8407,6007,761,dk
90210,11,52.986392,16.906884,,8467,6093,731,dk
90211,11,52.953519,16.939907,,11080,8430,938,dk
90222,11,52.81881,16.980463,,8614,5989,904,dk
90212,11,52.697373,16.893984,,12131,8898,1090,dk
90231,11,52.66237,16.836973,,16696,12587,1567,dk
90215,11,52.650138,16.820162,,17640,12979,1957,dk
90214,"11
S11c",52.530286,16.834095,kompleksowa,22453,17644,2159,dk
90227,S11c,52.516903,16.829227,kompleksowa,17669,12967,2223,dk
90228,S11c,52.480137,16.743132,kompleksowa,28412,22678,3054,dk
90229,S11c,52.448048,16.74191,kompleksowa,36105,28676,3960,dk
90826,S11c,52.43925,16.739159,kompleksowa,49556,35135,6251,dk
90827,S11c,52.388646,16.748717,kompleksowa,52332,37778,6015,dk
90828,"S11c
S5e",52.356331,16.766513,kompleksowa,48279,33317,6421,dk
90918,S11a,52.335905,17.010557,kompleksowa,58645,45554,5253,dk
90921,S11a,52.323076,17.03352,kompleksowa,47676,37549,4513,dk
90912,S11a,52.266495,17.070161,kompleksowa,39792,31533,3829,dk
90922,S11a,52.25648,17.088105,kompleksowa,25017,19001,2704,dk
90911,"S11a
11",52.228182,17.22949,kompleksowa,23441,17482,2641,dk
90910,11,52.217869,17.260745,,15625,10432,1983,dk
90909,11,52.189724,17.320022,,20021,14424,2300,dk
90920,11,52.16512,17.379503,,17624,11983,2054,dk
90908,"11
S11d",52.075326,17.419792,kompleksowa,15537,10320,1685,dk
90924,S11d,51.979885,17.52175,kompleksowa,13194,8294,1479,dk
90925,11e,51.976526,17.524227,,12816,7877,1486,dk
90906,11,51.937784,17.597614,,12975,8253,1460,dk
90417,11,51.881974,17.781213,,10316,7024,1093,dk
90407,"11
S11b",51.801746,17.854164,kompleksowa,8673,5506,1045,dk
90413,S11b,51.669842,17.845766,kompleksowa,9140,5871,1013,dk
90418,S11b,51.6605775,17.8606335,kompleksowa,13624,8395,1657,dk
90419,S11b,51.5604915,17.8463155,kompleksowa,12773,7923,1486,dk
90505,11,51.557324,17.845479,,15941,10598,1868,dk
90504,11,51.48307,17.87679,,9559,5920,1210,dk
90503,11,51.424629,17.923342,,10579,6781,1241,dk
90502,11,51.332742,17.957481,,10839,6683,1494,dk
90516,S11f,51.331246,17.958694,kompleksowa,7859,4204,1147,dk
90521,S11f,51.307419,18.016092,kompleksowa,9398,5425,1482,dk
90519,S11f,51.283345,18.026917,kompleksowa,8993,5043,1403,dk
90501,"11i
11",51.244506,18.023273,,9615,6451,1305,dk
41101,11,51.136703,18.198293,,6386,3806,808,dk
41102,11,51.029637,18.192211,,7073,4625,812,dk
41113,11,50.976458,18.254511,,7364,4275,951,dk
41331,11,50.958538,18.305379,,6572,3958,812,dk
41326,S11h,50.902058,18.41725,kompleksowa,3936,2138,529,dk
41327,"S11h
11k",50.900583,18.429833,kompleksowa,3543,1757,515,dk
40787,11,50.752564,18.609241,,8383,5971,928,dk
40413,11,50.675264,18.649233,,9122,5813,815,dk
40401,11,50.663437,18.653099,,5753,3810,616,dk
40414,11,50.595864,18.702238,,7302,5089,752,dk
40402,11,50.507731,18.760488,,9594,7321,800,dk
40403,11,50.445638,18.836244,,12005,9427,848,dk
40404,11,50.431621,18.864837,,17705,15254,1220,dk
40415,11,50.423533,18.867617,,15273,13489,920,dk
31922,12n,51.528645,14.738438,,2158,1656,162,dk
31722,12n,51.545148,14.755017,,1855,1423,139,dk
31727,"12n
12",51.60392,14.780846,,3874,3129,367,dk
31708,12,51.634561,14.860519,,5096,3926,641,dk
31709,12,51.632896,14.934,,4664,3622,454,dk
31710,12,51.630512,15.0742,,7762,6391,644,dk
31711,12,51.637323,15.115787,,10188,7798,1051,dk
31717,12,51.654764,15.142858,,9737,7593,910,dk
31719,12f,51.653889,15.15016,,6670,5399,593,dk
31712,12,51.634072,15.216169,,8309,7032,631,dk
31728,12e,51.628938,15.29183,,7450,6158,640,dk
31720,12e,51.621313,15.325467,,11834,9599,1192,dk
31721,12e,51.61417,15.3364,,7185,6064,585,dk
31714,12,51.594068,15.423938,,5189,4281,312,dk
31729,12a,51.574928,15.524415,,3686,2833,349,dk
31716,12a,51.571872,15.550197,,7069,5211,672,dk
31707,12,51.549385,15.572993,,6184,4484,611,dk
31715,12,51.537277,15.62563,,2833,1642,291,dk
30324,"12b
12",51.524287,15.785284,,5055,3618,390,dk
30317,12,51.575019,15.950048,,5711,4294,422,dk
30318,12,51.619121,15.974061,,5214,3648,413,dk
30309,12,51.635778,15.99727,,8572,6677,592,dk
30310,12,51.649568,16.066024,,8856,7619,361,dk
30311,12,51.655568,16.083081,,14178,11157,747,dk
30312,12,51.669509,16.093837,,24556,19880,1914,dk
30313,12,51.70523,16.236536,,9245,5981,941,dk
30314,12,51.726715,16.261205,,7817,4708,900,dk
30315,12,51.801595,16.320417,,14484,10569,1408,dk
30326,12,51.810462,16.328832,,11881,8038,1286,dk
30316,12,51.817116,16.388388,,11446,7821,1283,dk
90748,12,51.828883,16.514178,,8461,6764,1006,dk
90747,12u,51.818057,16.606479,,6040,4838,580,dk
90710,12,51.861902,16.686395,,8336,6860,791,dk
90708,12,51.879561,16.877629,,6023,4669,620,dk
90905,"12l
12",51.88599,17.084584,,5780,4262,718,dk
90919,"12
12g",51.91855,17.202345,,5422,3711,751,dk
90923,12g,51.941496,17.257422,,4069,2763,570,dk
90903,12,51.967983,17.322853,,4643,3323,628,dk
90926,12t,51.958095,17.487451,,6054,4734,615,dk
90928,12t,51.95752,17.507374,,11857,9553,826,dk
90405,12,51.898165,17.768781,,11346,8160,1216,dk
90404,12,51.850383,17.931562,,9794,7292,975,dk
90403,12,51.7365,18.200767,,15068,11669,1448,dk
90409,12,51.688459,18.324914,,6388,4067,741,dk
91861,12,51.650949,18.443004,,11385,8234,1169,dk
91711,12,51.596724,18.656009,,13981,10344,1518,dk
91871,12,51.580668,18.674593,,7889,5245,814,dk
91862,12,51.568213,18.702716,,10259,7297,1036,dk
91402,12,51.634448,19.503441,,20352,16525,1804,dk
91403,12,51.583227,19.568182,,11752,8661,1424,dk
91404,12,51.469587,19.659906,,7657,5226,683,dk
91301,12,51.400948,19.744027,,23114,16253,1877,dk
91302,12,51.360382,19.86551,,19402,12923,1667,dk
91303,"12
12m",51.369632,20.056066,,4806,3092,572,dk
91863,12m,51.369352,20.312852,,3641,2133,366,dk
91306,"12m
12",51.380807,20.379903,,5488,3825,561,dk
11401,12,51.399698,20.486539,,4632,3077,540,dk
11402,12,51.361298,20.619199,,6014,4449,563,dk
11660,12,51.359075,20.638458,,8942,7108,737,dk
11403,12,51.364659,20.713214,,5561,4088,557,dk
11404,12,51.385797,20.998488,,8723,6928,781,dk
11413,12,51.390597,21.032529,,9828,7855,945,dk
11405,12,51.393054,21.269457,,16415,12369,1679,dk
11601,12,51.3617,21.538235,,11942,8341,1279,dk
11616,12,51.357492,21.581498,,14722,10854,1401,dk
11602,12,51.355748,21.586745,,14016,9925,1380,dk
80711,12,51.394764,21.78985,,10325,7263,809,dk
80719,S12s,51.400161,21.82857,kompleksowa,8782,5716,870,dk
80720,S12s,51.437541,21.948075,kompleksowa,13981,10102,1300,dk
80721,S12s,51.441053,21.971055,kompleksowa,16022,11840,1325,dk
80736,S12s,51.4445165,22.014159499999998,kompleksowa,12006,8590,1162,dk
80738,S12s,51.433955999999995,22.1192055,kompleksowa,12259,9029,1207,dk
80744,S12s,51.4119505,22.1902945,bazowa,36285,24847,5253,dk
80729,S12s,51.399104,22.214351,bazowa,37528,26862,4309,dk
80730,S12s,51.380626500000005,22.2893915,bazowa,37301,27560,3131,dk
80731,S12s,51.304961000000006,22.3968605,bazowa,42591,32082,3771,dk
80732,S12s,51.2887615,22.4609875,bazowa rozszerzona,30253,21651,2459,dk
80733,S12s,51.3011685,22.562476,bazowa rozszerzona,31886,23108,2524,dk
80217,S12s,51.296119,22.604824,bazowa rozszerzona,35714,26738,2656,dk
80218,S12s,51.274042,22.654524,bazowa rozszerzona,29409,21483,2137,dk
80219,S12s,51.224565999999996,22.658852000000003,bazowa rozszerzona,22333,15586,2420,dk
80220,S12s,51.200475499999996,22.67626,bazowa rozszerzona,35648,27362,3388,dk
80506,S12s,51.152660999999995,22.7959545,bazowa rozszerzona,32994,25499,2801,dk
80210,S12s,51.145219,22.8308655,bazowa rozszerzona,27437,20617,2415,dk
80211,12,51.149699,22.868127,,16916,12792,1296,dk
80216,12,51.163087,23.028279,,13122,9421,1030,dk
80206,12,51.16721,23.075593,,10732,7325,919,dk
80207,12,51.16794,23.348477,,11169,7852,903,dk
80208,12,51.175743,23.72151,,3243,1629,144,dk
80209,12,51.174936,23.789136,,1549,299,16,dk
60619,13a,53.379989,14.49199,,14581,12371,1188,dk
60620,13a,53.374426,14.487135,,11347,9655,750,dk
60702,13,53.342572,14.446435,,17177,13919,1558,dk
60718,13,53.325344,14.422352,,3918,3297,172,dk
91864,14,52.118963,19.931282,,12884,10176,914,dk
91872,14,52.105153,19.922249,,6602,4648,534,dk
91207,14,52.070547,19.908491,,9916,7543,769,dk
91206,14,51.967511,19.736978,,5282,4267,470,dk
91615,14,51.92392,19.64195,,11282,9535,925,dk
91205,"14
14a",51.904537,19.60941,,11127,8612,831,dk
91204,"14a
14",51.881091,19.582043,,16443,13238,1411,dk
91800,"S14e
S14",51.855369499999995,19.3773905,kompleksowa,15348,12381,1347,dk
91801,S14,51.799797,19.337794,kompleksowa,19454,16076,1526,dk
91813,S14,51.792625,19.336975,kompleksowa,25953,21864,1899,dk
91814,S14,51.7622,19.340654,kompleksowa,28699,24359,2174,dk
91816,S14,51.725069,19.356583,kompleksowa,30359,26482,1719,dk
91858,14,51.699893,19.345946,,27868,25276,1592,dk
91827,"S14
S14c",51.695122,19.34147,kompleksowa,31046,27191,1846,dk
91859,S14c,51.643644,19.270979,kompleksowa,22104,18259,2038,dk
91860,S14c,51.634267,19.27097,kompleksowa,17673,14880,1154,dk
30905,15g,51.312105,17.043669,,8792,6958,808,dk
30903,15g,51.325866,17.056455,,12379,10149,1130,dk
30732,15g,51.317878,17.065158,,9808,7931,909,dk
30710,15,51.365992,17.138779,,6536,5303,594,dk
30709,15,51.519374,17.275659,,11811,10046,943,dk
30708,15,51.626397,17.351718,,6040,4805,491,dk
90711,15,51.663772,17.395914,,8375,6919,679,dk
90723,15,51.699041,17.434631,,14948,12304,1028,dk
90929,15,51.706928,17.438689,,12361,10234,985,dk
90915,"15
15j",51.736447,17.438375,,7040,5361,777,dk
90930,15j,51.81012,17.455068,,-,-,-,dk
90914,"15j
15",51.86988,17.484385,,6205,4705,677,dk
90902,15,52.19191,17.457221,,5178,3196,702,dk
90901,15,52.242098,17.51957,,5428,4027,480,dk
90932,15,52.295748,17.546717,,9854,7630,915,dk
90340,15h,52.328687,17.600617,,4900,3435,527,dk
90341,15h,52.339435,17.598242,,3530,2332,391,dk
90310,15,52.457095,17.591273,,7870,6294,698,dk
90344,15,52.508642,17.594905,,13875,11222,1270,dk
90342,15,52.523939,17.585489,,15674,13018,1368,dk
90326,15a,52.555419,17.628037,,10685,7899,977,dk
90309,"15a
15",52.553026,17.710739,,11823,8883,1010,dk
90339,15,52.567927,17.829419,,7627,5269,747,dk
70913,15,52.609995,17.940974,,6854,4769,628,dk
71505,15,52.62305,18.006413,,5683,3769,577,dk
70914,15,52.622414,18.043853,,7459,5242,722,dk
70917,15,52.639923,18.180505,,5771,4153,526,dk
70922,"15
15f",52.642507,18.181638,,9020,6662,834,dk
70923,15f,52.701704,18.217866,,7620,5448,670,dk
70924,15f,52.756592999999995,18.292073000000002,,9070,6331,891,dk
70925,15f,52.799851000000004,18.303938000000002,,8929,5833,896,dk
70911,15,52.830812,18.312463,,10963,8265,1003,dk
70912,15,52.912409,18.482082,,10244,7580,944,dk
70918,15,52.974079,18.542157,,12295,9656,1410,dk
71215,15,53.054878,18.712675,,15172,12980,1276,dk
71216,15,53.096167,18.778981,,10968,8889,1005,dk
71414,15,53.133417,18.849613,,12418,9372,1234,dk
71225,15,53.158506,18.90725,,14092,10872,1384,dk
71217,15,53.171252,18.947403,,6890,4892,734,dk
71222,15,53.209201,19.173298,,7440,5245,831,dk
71218,15,53.2355,19.279288,,8351,5923,970,dk
71219,15,53.259531,19.361378,,15546,12048,1633,dk
71226,15d,53.265034,19.404663,,9761,7515,964,dk
71506,15,53.272504,19.424873,,10013,7729,942,dk
71221,"15
15i",53.320716,19.533513,,7328,5434,754,dk
51333,15i,53.403802,19.60562,,4395,3030,449,dk
51334,15i,53.40555,19.609807,,4712,3273,494,dk
51335,15i,53.464575,19.619367,,4749,3371,439,dk
51309,"15i
15",53.497363,19.671168,,9012,6913,783,dk
51312,15,53.504965,19.728114,,11880,9409,998,dk
51307,15,53.596026,19.855124,,5811,4172,539,dk
71111,16,53.491521,18.71196,,14659,11671,1432,dk
71112,16,53.517499,19.014646,,5739,4136,671,dk
71500,16,53.518324,19.090454,,7071,5180,763,dk
71113,16,53.548388,19.144301,,4198,2881,527,dk
51336,16,53.600185,19.253325,,5080,3662,543,dk
51320,"16
16b
16",53.594655,19.434362,,5520,4328,519,dk
51337,16,53.59769,19.556712,,15179,12815,1056,dk
51317,16,53.60568,19.58836,,15321,12673,1346,dk
51303,"16
S5j",53.648139,19.710658,kompleksowa,7235,5410,824,dk
51411,16,53.722818,20.145161,,9211,7360,830,dk
51401,"16
16i",53.748399,20.254447,,11408,9508,916,dk
51422,16i,53.7217585,20.419401999999998,,11802,9959,925,dk
51423,S16i,53.711092,20.439898,kompleksowa,20833,15998,2035,dk
51424,S16i,53.73262,20.537515,kompleksowa,21936,16992,2156,dk
51425,S16i,53.747385,20.543869,kompleksowa,21194,16267,2123,dk
51402,"S16i
16c",53.805404,20.624217,kompleksowa,22290,17866,1933,dk
51403,16c,53.836339,20.927385,kompleksowa,14510,11023,1446,dk
51410,"16c
S16c",53.848536,20.974714,kompleksowa,12324,9370,1139,dk
51220,S16c,53.844248,21.131155999999997,kompleksowa,11983,9043,1123,dk
51221,S16c,53.842434,21.228079,kompleksowa,12050,9167,1114,dk
51121,16c,53.847093,21.2891,kompleksowa,8004,6031,755,dk
51104,16,53.825483,21.452992,,4161,3529,398,dk
51122,16,53.807293,21.579041,,5670,4837,566,dk
51102,16,53.851269,21.631793,,4372,3636,469,dk
51118,16,53.806855,21.855765,,3039,2493,354,dk
51119,16,53.810423,21.945495,,10430,8703,786,dk
51003,16,53.794102,22.211516,,5339,3933,455,dk
51021,16d,53.833855,22.329631,,7354,5488,717,dk
51035,16d,53.842182,22.346998,,9775,7705,807,dk
51036,"16d
S16d",53.8434515,22.3904375,kompleksowa,6445,4941,579,dk
51004,16,53.859961,22.620246,kompleksowa,2936,2400,308,dk
50222,16,53.848604,22.786101,kompleksowa,2189,1775,236,dk
50202,16e,53.834103,22.965879,kompleksowa,14183,12384,996,dk
50201,16e,53.837018,22.972829,kompleksowa,13586,11765,964,dk
50220,16e,53.843775,22.995347,kompleksowa,15400,13570,1022,dk
50607,16,53.847218,23.044011,kompleksowa,4902,4196,438,dk
50616,16,54.037279,23.357176,kompleksowa,3276,2663,373,dk
50606,16,54.105737,23.409126,kompleksowa,1353,941,243,dk
50605,16,54.107236,23.411911,kompleksowa,2273,1793,310,dk
10314,S17g,52.213674,21.2580285,bazowa rozszerzona,37281,32602,2959,dk
10315,S17,52.191399000000004,21.278762,bazowa,57702,47384,4904,dk
10316,S17,52.1656225,21.295011,bazowa,50469,41690,3512,dk
10317,S17,52.1345695,21.3385645,bazowa,47934,39088,3728,dk
10318,S17,52.0973895,21.3984175,bazowa,44116,35677,3707,dk
10319,S17,52.06742,21.450027,bazowa,41923,33634,3615,dk
10302,S17,51.960649000000004,21.5689885,bazowa,42799,33183,3510,dk
10310,S17,51.949402000000006,21.5767325,bazowa,44616,35351,3362,dk
10312,S17,51.910047500000005,21.593292499999997,bazowa,37326,28534,3030,dk
10313,S17,51.866753,21.608657,bazowa,40612,32192,2800,dk
10322,S17,51.8450055,21.667893499999998,bazowa,36971,28464,2839,dk
10323,S17,51.8395385,21.673845,bazowa,35312,26582,3019,dk
10324,S17,51.747434,21.7724695,bazowa,31400,23354,2473,dk
80739,S17,51.703452999999996,21.827379999999998,bazowa,31755,23545,2576,dk
80740,S17,51.62701800000001,21.9391925,bazowa,30075,22020,2538,dk
80741,S17,51.553195,22.023225,bazowa,30908,22670,2560,dk
80743,S17,51.487046500000005,22.078326,bazowa,28373,20794,2407,dk
80212,17a,51.138822,22.857336,,14739,11599,1107,dk
80201,17,51.104718,22.931806,,14074,10898,1156,dk
80202,17,51.044322,23.041993,,13472,10231,1216,dk
80213,17,50.993712,23.14133,,11960,8955,1005,dk
80203,17,50.974093,23.162084,,14149,10767,1161,dk
80204,17,50.968321,23.182691,,16663,13015,1431,dk
80214,17,50.898154,23.161441,,12674,9674,1048,dk
80221,17,50.749662,23.241804,,20727,17046,1582,dk
80803,17,50.702018,23.294286,,13844,11614,868,dk
80820,17,50.653148,23.367687,,10490,8450,824,dk
80816,"17
S17f",50.624783,23.377368,kompleksowa,7330,5647,664,dk
80821,S17f,50.465272,23.433677,kompleksowa,3823,2440,534,dk
80806,"S17f
17",50.388341,23.436696,kompleksowa,8902,7189,671,dk
80807,17,50.341375,23.516501,,4798,3572,406,dk
50315,"19
S19",53.504652,23.640396,,1563,1385,121,dk
50314,19,53.411967,23.518449,,6071,4965,260,dk
50313,19,53.405276,23.496613,,10438,8824,505,dk
50312,19,53.258062,23.25149,,11264,9032,759,dk
50311,19,53.219943,23.212273,,9772,7699,633,dk
50318,19,53.083135,23.256064,,13309,11035,837,dk
50328,19,53.031397,23.303709,,9473,7661,504,dk
50401,19,53.008972,23.333545,,3040,1850,209,dk
50402,19,52.811774,23.194656,,8429,6542,689,dk
50422,S19,52.793858,23.171404,bazowa rozszerzona,-,-,-,dk
50423,S19,52.762063,23.144383,bazowa rozszerzona,-,-,-,dk
50405,19,52.564041,22.911605,,5170,3434,510,dk
50414,19,52.431247,22.860833,,11126,8773,723,dk
50406,19,52.425628,22.864473,,8196,6028,577,dk
11501,19,52.321899,22.880579,,6364,4320,548,dk
11503,19,52.273982,22.834405,,4399,3166,355,dk
11502,19,52.20011,22.727355,,3429,2101,254,dk
80616,19,51.999867,22.751158,,7964,4412,667,dk
80618,19,51.906723,22.706755,,7336,5085,615,dk
80401,"19
S19c",51.715983,22.525886,,9132,6103,971,dk
80419,S19c,51.619472,22.460573,,6463,4013,658,dk
80423,"S19c
19",51.582643,22.488193,,10792,7834,1035,dk
80403,"19
19a",51.482151,22.588076,,11092,8080,1022,dk
80417,"19a
103677",51.462726,22.57644,,11040,7570,957,dk
80501,19,51.430806,22.631307,,21916,16918,1774,dk
80502,19,51.370759,22.63275,,20292,15241,1554,dk
80503,19,51.317617,22.606293,,24906,19480,1867,dk
80504,19,51.311101,22.598669,,26845,21029,2156,dk
80324,S19d,51.268906,22.4271515,bazowa,31316,24825,2331,dk
80325,S19d,51.225826,22.4391785,bazowa,27129,21061,2047,dk
80327,S19d,51.194529,22.438493,bazowa,30059,24300,1960,dk
80328,S19d,51.130401500000005,22.408359,bazowa,24780,19188,2065,dk
80329,S19d,51.084243,22.40526,bazowa,23117,17859,1856,dk
80330,S19d,50.963335,22.286073,bazowa,21608,16361,1808,dk
80331,S19d,50.925822499999995,22.2609575,bazowa,18057,13212,1462,dk
80332,S19d,50.879354,22.262982,bazowa,17169,12843,1557,dk
80333,S19d,50.784011,22.291758,bazowa,16133,12113,1398,dk
80334,S19d,50.735767,22.341728,bazowa,16832,12883,1300,dk
80335,S19d,50.7208215,22.376478,bazowa,13940,10401,1189,dk
80336,S19d,50.691418,22.3710025,bazowa,15389,11455,1457,dk
81635,"S19d
S19",50.611695999999995,22.2899985,bazowa,15608,11597,1462,dk
81636,S19,50.498569,22.200521000000002,bazowa,14581,10651,1414,dk
81637,S19,50.472864,22.157415999999998,bazowa,15452,11443,1523,dk
81638,S19,50.387623500000004,22.156414499999997,bazowa,17159,12687,1829,dk
81639,S19,50.3376035,22.1994465,bazowa,18102,13775,1647,dk
81640,S19,50.304469499999996,22.137790000000003,bazowa,18207,13769,1716,dk
81641,S19,50.2853115,22.1123725,bazowa,19680,15397,1670,dk
81320,S19,50.234317,22.140103,bazowa,19506,14725,1385,dk
81321,S19,50.161978,22.084358,bazowa,24066,19038,2072,dk
81628,S19,50.1138525,22.074216,bazowa,29136,23733,2408,dk
81620,S19,50.09962,21.930830999999998,bazowa rozszerzona,18251,13083,2148,dk
81632,S19,50.018675,21.921659,bazowa rozszerzona,13983,10230,1712,dk
81121,S19,49.665686,21.851995000000002,bazowa rozszerzona,9891,7159,829,dk
81122,S19,49.6067815,21.726997500000003,bazowa rozszerzona,8886,6154,629,dk
60616,20d,53.330065,15.064765,,6729,5741,538,dk
60607,20d,53.343149,15.0524,,16149,14218,1038,dk
60608,20,53.382882,15.173739,,4408,3801,316,dk
60618,20,53.461154,15.333498,,7214,5964,577,dk
60609,20,53.532255,15.553887,,3879,2982,381,dk
60610,"20c
20",53.517592,15.776825,,3868,3046,315,dk
60503,20,53.525174,15.792763,,7610,6335,531,dk
60519,20,53.534626,15.809255,,6574,5561,372,dk
60504,"20
20a",53.530357,15.996556,,5731,4818,444,dk
60511,"20a
20",53.529016,16.011906,,8881,7635,628,dk
60510,20,53.549936,16.123237,,4178,3389,403,dk
60731,20,53.557434,16.232909,,7833,6417,686,dk
60505,20,53.651728,16.629213,,4481,3742,404,dk
60730,20,53.663029,16.676503,,1516,1063,176,dk
60507,20,53.718085,16.744799,,7395,5880,714,dk
60506,20,53.846378,16.829846,,3177,2369,313,dk
60513,20,53.895877,16.833301,,8924,6677,867,dk
70402,20,53.934385,16.912814,,4221,3119,378,dk
70401,20,53.999513,16.977037,,12753,10916,904,dk
70403,20,54.136098,17.432221,,4980,4276,403,dk
70404,"20
20b",54.165342,17.489465,,10064,8352,926,dk
70405,20,54.147452,17.643137,,5234,4158,553,dk
70406,"20
20e",54.120964,17.884978,,13188,10829,1119,dk
70417,20e,54.1086425,17.9602085,,12633,10274,1013,dk
70418,20e,54.1090155,17.9826615,,12972,10765,1039,dk
70419,20e,54.12704050000001,18.0183695,,9300,7551,744,dk
70412,"20e
20",54.218681,18.124988,,12824,10387,1071,dk
70673,20,54.238228,18.201268,,17723,14301,1903,dk
70411,20,54.300309,18.311141,,15768,13159,1281,dk
70675,20i,54.313148999999996,18.3824325,,-,-,-,dk
70507,21,54.246252,17.098641,,3410,2654,308,dk
70506,21,54.366287,17.022602,,5574,4405,483,dk
70505,21,54.4266,17.007065,,12451,10499,1043,dk
70509,21,54.536956,16.974908,,11546,10395,639,dk
70510,21,54.578479,16.863129,,8057,7279,455,dk
70511,21,54.580586,16.854465,,2538,2289,131,dk
31502,22,52.58076,14.637382,,6742,5852,844,dk
31730,22,52.577085,14.641038,,7729,6133,784,dk
31512,22,52.542843,14.759697,,3868,3140,428,dk
31741,22b,52.563061,14.831013,,4619,3639,576,dk
31506,22,52.57187,14.986475,,7233,5081,1150,dk
31307,22,52.582269,15.026815,,6043,4310,852,dk
31731,22,52.583693,15.204161,,8665,6507,1155,dk
31109,"22
22a",52.653493,15.243974,,8232,6597,891,dk
31111,22a,52.678475,15.237617,,9263,7558,957,dk
31104,22,52.795647,15.327565,,9355,7647,806,dk
31105,22,52.837129,15.460615,,7736,6152,744,dk
31743,22g,52.865124,15.506806,,3349,2270,426,dk
31744,22g,52.890789,15.510911,,3765,2507,504,dk
31107,22,52.909849,15.663157,,4222,3017,456,dk
31733,22,52.966441,15.749577,,6928,5278,787,dk
60806,22,53.015822,15.984654,,2746,1612,408,dk
60817,22,53.088284,16.120688,,4240,3021,468,dk
60807,22,53.161048,16.252319,,3002,1959,399,dk
60808,22,53.244337,16.389171,,4141,3148,396,dk
60810,22,53.271506,16.468207,,14620,12508,1048,dk
60811,22f,53.276772,16.464368,,11770,10275,818,dk
60813,22,53.276207,16.482433,,12826,11165,788,dk
60809,22,53.300541,16.529551,,5020,3507,550,dk
90217,22,53.378644,16.681618,,3344,1984,463,dk
70201,22,53.560423,17.031164,,3437,1885,434,dk
70202,22,53.650104,17.317673,,6475,4634,556,dk
70203,22c,53.666133,17.347782,,7840,5943,591,dk
70211,22c,53.671993,17.357401,,11846,8844,932,dk
70204,22,53.684849,17.427961,,12808,9716,1075,dk
70215,22d,53.688506,17.475457,,7954,5570,801,dk
70216,22d,53.681024,17.596951,,10406,7789,969,dk
70217,22d,53.694477,17.625061,,6717,4897,777,dk
70206,22,53.756487,17.79196,,6004,4393,645,dk
70218,22,53.795707,17.969163,,9214,7097,1007,dk
70219,22,53.798417,17.989323,,10223,8080,1025,dk
70207,22,53.922331,18.283848,,8662,6784,813,dk
70208,22,53.944077,18.460585,,12476,10277,880,dk
70220,22,53.961489,18.506138,,16595,13889,1040,dk
70607,22,53.97237,18.519181,,20774,18020,1206,dk
70221,22,53.971472,18.539539,,14386,11884,1168,dk
70608,22,54.032302,18.651922,,11878,9649,1149,dk
70642,22,54.046597,18.734383,,11527,9420,956,dk
70609,22,54.053331,18.91674,,10089,7900,776,dk
70621,22,54.0360175,19.022234,,24339,21235,1535,dk
70610,22,54.035557,19.034654,,20993,18100,1297,dk
70622,22,54.035986,19.057658,,15426,12952,1218,dk
70611,22,54.041186,19.138906,,6805,5401,637,dk
50903,S22,54.139914,19.452638,kompleksowa,5888,4648,577,dk
50919,S22,54.187972,19.56095,kompleksowa,4660,3706,445,dk
50915,S22,54.250214,19.682221,kompleksowa,4313,3416,405,dk
50913,S22,54.354879,19.92123,kompleksowa,1781,1375,150,dk
50914,S22,54.358084,19.928441,kompleksowa,1290,1129,73,dk
60321,23,52.857431,14.832677,,4047,3285,349,dk
60306,23,52.784342,14.762465,,6127,4987,606,dk
60307,23,52.732547,14.694456,,10572,9219,851,dk
60308,23,52.6946,14.689406,,6508,5465,618,dk
90810,24,52.536061,16.151544,,11108,7206,1338,dk
90811,24,52.564523,15.958544,,9744,6220,1196,dk
31305,24,52.570609,15.730034,,8288,4968,1034,dk
31747,24,52.575337,15.576159,,6646,3637,788,dk
31117,24a,52.586389,15.443367,,3800,2712,528,dk
31308,24,52.589547,15.423372,,1934,1287,293,dk
60733,25l,53.940025,16.584453,,5343,4036,480,dk
60734,25m,53.941662,16.590566,,3398,2631,345,dk
60508,25,53.904018,16.774478,,5099,3761,506,dk
70213,"25
25j
25",53.884847,16.854562,,5211,3948,393,dk
70209,25,53.733907,17.19912,,6347,4864,492,dk
70214,"25
25b
25",53.663957,17.361345,,10553,9151,754,dk
70210,"25
25n
25
25o
25",53.619582,17.449905,,3944,3127,337,dk
71501,25,53.58514,17.492665,,5335,4093,467,dk
71005,25,53.529328,17.512422,,6031,4604,564,dk
71006,25,53.448312,17.52841,,12296,10234,910,dk
71008,25,53.435807,17.551286,,5251,4009,536,dk
71009,25,53.387511,17.834628,,8517,6552,929,dk
71010,25,53.261799,17.920002,,10963,8589,1140,dk
70901,25,53.045343,18.001793,,24043,20010,1918,dk
70926,25,52.997771,18.057332,,14343,11761,1265,dk
70902,25,52.948685,18.097852,,11492,9224,1108,dk
71502,25,52.903239,18.141195,,12727,10337,1126,dk
70903,"25
25i",52.862495,18.18745,,10543,8606,915,dk
70928,25i,52.827450999999996,18.227356999999998,,5128,3551,529,dk
70919,25,52.634282,18.172563,,7185,5412,609,dk
70909,25,52.576397,18.22659,,3347,2229,296,dk
90612,"25
25a",52.45471,18.33738,,4723,3334,506,dk
90611,"25a
25",52.34016,18.302734,,8677,7051,732,dk
90610,"25d
25",52.166366,18.208406,,14687,11155,1557,dk
90609,25,52.116297,18.167585,,10051,7119,1332,dk
90410,25,51.96345,18.138503,,7742,5292,993,dk
90402,25,51.890932,18.101426,,9442,7034,1036,dk
90414,25e,51.70346,17.960209,,14786,10820,1695,dk
90401,"25e
25",51.688993,17.923935,,19746,14925,2080,dk
90509,25,51.495355,17.783944,,6996,4723,930,dk
90512,25,51.441303,17.7017,,7116,4782,993,dk
30719,25,51.369692,17.615898,,6698,4745,671,dk
30711,25,51.246947,17.473128,,7015,5075,701,dk
60301,26,53.006374,14.344914,,4424,3341,308,dk
60315,26,52.96092,14.432462,,13101,11107,909,dk
60302,26,52.962932,14.618482,,2824,1935,340,dk
60303,26,52.948433,14.790573,,3365,2501,328,dk
60325,26,52.922344,14.87767,,7002,5350,695,dk
60305,26,52.939215,14.92551,,7010,5475,642,dk
31718,27,51.478294,14.950011,,2638,2320,208,dk
31706,27,51.517906,14.988517,,1864,1592,201,dk
31705,27,51.597957,15.094143,,6190,4929,614,dk
31734,27,51.632394,15.1171,,9048,7532,774,dk
31412,27,51.717986,15.177794,,6612,5163,627,dk
31735,27,51.798579,15.236464,,10593,8702,867,dk
31413,27,51.864985,15.36117,,10810,8627,1040,dk
31411,27,51.905589,15.415997,,14237,11823,1205,dk
20219,28,49.992313,19.438181,,11065,8831,1067,dk
20203,28,49.948381,19.447947,,8758,6793,927,dk
20221,28,49.893499,19.489456,,18864,15861,1428,dk
20217,28,49.87971,19.506812,,17201,13932,1866,dk
20222,28,49.869323,19.502183,,16012,13717,1317,dk
20212,"28
28d
28",49.817938,19.521598,,11119,9216,1044,dk
20214,28,49.749129,19.605027,,10356,8246,1106,dk
20215,28,49.735211,19.621536,,17221,14534,1593,dk
20804,28,49.646729,19.850287,,9818,7910,997,dk
20723,28,49.645805,19.91009,,6289,4988,689,dk
20805,28,49.639719,19.920799,,5890,4846,541,dk
20806,28,49.634177,20.015779,,8071,6527,954,dk
20722,28,49.674616,20.070435,,18060,14917,1920,dk
20807,28,49.700911,20.129015,,8306,6529,999,dk
20808,28,49.717046,20.258322,,8346,6861,900,dk
20809,28,49.716846,20.414313,,19508,16638,1411,dk
20437,28,49.701137,20.424469,,10406,9016,877,dk
20706,28,49.640115,20.616118,,6717,5616,714,dk
20438,28i,49.631498,20.653112,,12012,9413,1430,dk
20707,28,49.616805,20.862006,,9281,7805,861,dk
20708,28,49.625255,20.9574,,8714,7218,922,dk
20727,"28a
28",49.669839,21.181239,,12872,11279,1024,dk
20711,28,49.69927,21.212947,,11463,9706,1086,dk
20710,28b,49.722755,21.256278,,7950,6581,839,dk
81107,28,49.729239,21.410785,,8753,7299,747,dk
81116,"28
28c",49.733834,21.464676,,18086,15983,994,dk
81120,28c,49.743821,21.488377,,15356,12376,1140,dk
81114,28c,49.746165,21.491351,,12861,11155,937,dk
81109,28,49.760341,21.53878,,13792,11277,1055,dk
81110,28,49.757433,21.611691,,9021,7094,736,dk
81111,28,49.63596,21.786521,,17251,14791,955,dk
81112,28,49.616042,21.798916,,13842,12030,854,dk
81117,28,49.581436,21.914982,,8093,6793,619,dk
81201,28,49.561351,22.114659,,10538,9229,703,dk
81218,28e,49.560804,22.163565,,10651,9209,822,dk
81212,28e,49.54038,22.208979,,11079,9736,754,dk
81213,28f,49.540401,22.221207,,11961,10967,544,dk
81214,28f,49.553069,22.21184,,22186,20127,987,dk
81215,28f,49.554961,22.211727,,12426,11140,618,dk
81203,28,49.544882,22.243872,,5607,5128,290,dk
81204,28,49.5973,22.391559,,1630,1331,153,dk
81505,28,49.695808,22.503383,,2270,1938,162,dk
81504,28,49.79768,22.922593,,7055,5109,896,dk
31507,29,52.348074,14.558684,,15533,14510,843,dk
31736,29,52.348086,14.572399,,12978,11395,926,dk
31508,29,52.341947,14.584279,,11680,9986,1033,dk
31748,29,52.335293,14.593788,,7854,5712,713,dk
31509,29,52.328937,14.607034,,14085,8606,1846,dk
31749,29,52.309429,14.648561,,6516,3781,902,dk
31510,29,52.307913,14.65185,,3765,3047,353,dk
31203,29,52.148062,14.906115,,3540,2673,487,dk
31206,29,52.080549,15.044566,,5269,4179,563,dk
31745,29,52.0528,15.112485,,11495,9776,970,dk
31212,29,52.048407,15.097976,,12987,10935,1182,dk
31207,29,52.030547,15.103366,,7256,5984,698,dk
30605,30,51.156004,15.028999,,14160,10631,1399,dk
30612,30,51.147729,15.177674,,7134,6167,551,dk
30613,30,51.129751,15.281658,,13573,11720,1049,dk
30628,30,51.120959,15.295298,,14429,12639,1045,dk
30614,30,51.081586,15.334184,,10066,8401,1055,dk
30622,30,51.031831,15.420812,,8532,7340,681,dk
30631,30,51.023723,15.429041,,9667,8363,796,dk
30615,"30a
30",50.980162,15.489408,,5803,4865,551,dk
30611,30,50.956648,15.572784,,7887,6555,796,dk
60703,31,53.305573,14.529333,,9400,8122,741,dk
60622,31a,53.25826,14.514534,,3832,3066,388,dk
60623,31a,53.256957,14.515998,,4197,3374,407,dk
60704,31,53.221296,14.490326,,9529,8305,677,dk
60313,31,53.12617,14.390661,,4306,3548,319,dk
60314,31,53.024979,14.444414,,2755,2222,273,dk
60316,31,52.900159,14.457946,,2514,1890,224,dk
60317,31,52.715243,14.569209,,1478,1125,146,dk
31737,31,52.655165,14.674352,,7192,5980,653,dk
31750,31,52.593567,14.651244,,8368,6941,726,dk
31738,31,52.586202,14.648487,,10698,8835,1031,dk
31746,31,52.57553,14.64079,,3634,2756,353,dk
31505,31,52.406613,14.657427,,3063,2328,300,dk
31518,31,52.356353,14.562536,,8856,7803,495,dk
31201,32,51.904748,14.707958,,3770,2887,345,dk
31739,32,51.921928,14.738252,,2286,1422,268,dk
31202,32,51.940616,14.791266,,2184,1390,290,dk
31204,32,51.995599,15.017603,,5184,3983,622,dk
31205,32,52.010932,15.064503,,6862,5442,764,dk
31208,32,51.986623,15.300243,,9615,7776,727,dk
31209,32,51.986371,15.314922,,9265,7506,890,dk
31414,32,51.91069,15.42066,,8178,6343,935,dk
31742,32b,51.923633,15.558407,,22580,19466,1571,dk
31410,32a,52.065857,15.621436,,7454,5276,835,dk
31409,32,52.0906,15.656085,,9869,7543,1031,dk
31408,32,52.068095,15.832173,,6521,4602,824,dk
31740,32,52.073908,15.870363,,8960,6676,974,dk
90933,"32
32c
32",52.120436,15.987586,,5712,3833,763,dk
90817,32,52.112216,16.090784,,11075,8338,1165,dk
90836,32,52.109953,16.102266,,14256,10768,1512,dk
90816,32,52.1121,16.12611,,10364,7537,1065,dk
90815,32,52.134932,16.233039,,9792,7146,1077,dk
90814,32,52.183389,16.335454,,10461,7719,1098,dk
90838,32,52.221422,16.372161,,13171,8861,1521,dk
90813,32,52.222767,16.520288,,11613,8397,1293,dk
90839,32,52.251207,16.630529,,7771,5438,955,dk
90837,32,52.269888,16.674602,,8458,6395,1092,dk
30424,33a,50.43263,16.628462,,10811,8317,816,dk
30414,"33a
33",50.373352,16.674162,,12688,10929,937,dk
30415,33,50.352452,16.665423,,7673,6553,632,dk
30425,33,50.305615,16.660106,,7281,6304,573,dk
30417,33,50.21392,16.67985,,4021,3394,356,dk
30418,33,50.132184,16.664938,,2815,2427,219,dk
30812,34,50.85515,16.319675,,13169,11364,854,dk
30837,34,50.858171,16.319258,,9871,8539,594,dk
30806,34,50.894808,16.260134,,6355,5229,454,dk
30815,35,50.63949,16.219065,,1725,1553,86,dk
30814,35,50.671607,16.194447,,4019,3616,244,dk
30820,35,50.715327,16.250057,,2294,2059,138,dk
30844,35b,50.813591,16.27316,,28388,26553,1084,dk
30845,35b,50.81467,16.275425,,32199,29787,1175,dk
30813,35,50.848783,16.322591,,22458,19178,1527,dk
30808,35,50.855325,16.335372,,12126,10332,817,dk
30833,35,50.851202,16.370772,,15080,12815,1133,dk
30805,35,50.839737,16.442486,,11513,10096,655,dk
30838,35,50.847149,16.472922,,17045,15238,839,dk
30804,35,50.85086,16.479285,,19514,17117,948,dk
30826,35,50.855635,16.510358,,19408,16711,1110,dk
30839,35,50.85565,16.535806,,14930,12729,922,dk
30803,35,50.881213,16.586843,,12410,10267,956,dk
30801,35,50.987388,16.831491,,17727,14367,1560,dk
30210,35,50.989028,16.83684,,17454,14609,1187,dk
30224,"35
35a",51.012209,16.883572,,9264,7625,626,dk
30227,35a,51.025557,16.908188,,11871,9637,629,dk
30232,35,51.040887,16.945982,,18471,15495,1059,dk
30215,35,51.047132,16.962046,,20617,18684,898,dk
30233,35,51.046975,16.965611,,26517,23884,1305,dk
30209,35,51.048088,16.971234,,35132,31560,1724,dk
30228,35/S8e,51.030772,16.934964,,18300,13380,1482,dk
30919,36,51.287875,16.347042,,7795,6052,562,dk
30911,36,51.330995,16.30484,,7347,5725,499,dk
30306,36d,51.39572,16.219859,,16156,13784,979,dk
30907,36,51.399994,16.303327,,6799,5996,528,dk
30917,36a,51.409716,16.419203,,2786,2276,291,dk
30920,36a,51.409296,16.438251,,3828,3170,364,dk
30930,36,51.408399,16.441244,,6335,5542,536,dk
30921,36,51.420385,16.465743,,3580,2998,386,dk
30914,36,51.457578,16.549269,,3062,2470,351,dk
30908,"36
36b",51.573392,16.710843,,4343,3540,396,dk
90728,36b,51.604285,16.803128,,6068,4359,922,dk
90729,36b,51.628099,16.847398,,7733,5320,1063,dk
90730,36b,51.629059,16.851447,,6002,3854,828,dk
90745,36,51.636329,16.907135,,13160,9853,1514,dk
90744,36,51.655689,16.960879,,7311,5566,758,dk
90705,36,51.676219,17.040701,,4866,3520,555,dk
90746,36,51.714051,17.226433,,6043,4537,639,dk
90703,36,51.73243,17.316089,,6357,4773,705,dk
90702,36,51.698248,17.446856,,12502,10177,1001,dk
90701,36,51.65803,17.66507,,6534,4721,804,dk
90416,36,51.655949,17.798335,,17610,14894,1416,dk
90421,36,51.663628,17.801397,,10313,8909,742,dk
90420,36,51.680525,17.805096,,4420,3506,451,dk
60216,37,54.411731,16.410408,,5392,4680,472,dk
60220,37,54.344263,16.540516,,2568,2065,226,dk
41007,38,50.192624,17.816927,,2940,2523,217,dk
41008,"38
38a
38",50.200335,17.836658,,3717,3264,279,dk
41328,38,50.206117,17.907184,,3017,2497,253,dk
41010,38,50.244007,18.047848,,5172,4317,421,dk
30213,39,50.800999,16.895735,,3446,2511,358,dk
30216,39,50.783116,17.052442,,6400,5214,339,dk
30214,39,50.77647,17.083698,,7144,5865,401,dk
30231,39,50.777208,17.091762,,4249,3232,278,dk
30738,39,50.776982,17.140707,,3097,2315,205,dk
30707,39,50.821933,17.268394,,2645,1801,241,dk
40901,39,50.845911,17.381394,,7863,5466,650,dk
40912,39,50.857507,17.46409,,15388,13522,859,dk
41315,39,50.877281,17.479648,,14496,12323,1085,dk
40911,39,50.913207,17.518421,,5759,4456,523,dk
40910,"39
39a",50.961955,17.60923,,2386,1435,261,dk
40906,"39a
39",51.067829,17.718078,,9636,7901,723,dk
40915,39,51.075477,17.726824,,14186,12095,933,dk
90518,39,51.146252,17.848746,,4394,3216,471,dk
90510,39,51.257652,17.999774,,7962,5949,987,dk
90520,39,51.261887,18.005523,,7739,5737,1014,dk
41214,40,50.317597,17.375707,,5001,4394,355,dk
41215,40,50.316727,17.387377,,6804,5820,440,dk
41216,40,50.327789,17.474105,,3640,2992,370,dk
41332,40,50.312923,17.52606,,6084,5205,508,dk
41219,40,50.321908,17.58659,,16074,14473,925,dk
41231,40,50.323784,17.587765,,13407,11270,925,dk
41223,"40a
40",50.333001,17.702328,,4838,3574,450,dk
41213,40,50.349455,17.779824,,3168,2272,274,dk
41017,40,50.352292,17.863655,,10986,9048,917,dk
41024,40,50.348937,17.878013,,5294,4074,484,dk
41004,40,50.341803,17.989552,,3605,2642,327,dk
41021,40b,50.322971,18.139294,,8855,6986,578,dk
41022,40b,50.336281,18.178738,,17984,15425,1054,dk
41018,40,50.35128,18.2084205,,14760,12443,1015,dk
41322,40c,50.389344,18.295035,,8143,6089,671,dk
41323,"40c
40",50.398035,18.360939,,5409,3816,603,dk
40325,40,50.399692,18.487439,,4721,3607,552,dk
40312,40,50.393794,18.604058,,4542,3758,403,dk
41225,41b,50.472624,17.405961,,4903,3092,471,dk
41226,41b,50.470357,17.406894,,4124,2482,432,dk
41210,"41
41a",50.382891,17.525032,,5573,4016,453,dk
41218,41,50.31671,17.589284,,3356,2397,222,dk
40907,42,51.065351,17.801495,,4547,3664,428,dk
41118,42,51.017139,18.052565,,7835,6415,701,dk
41109,42,51.011507,18.059857,,5869,4680,591,dk
41123,42c,50.975188,18.184153,,5258,3652,565,dk
41124,42,50.991182,18.210829,,12050,9999,1048,dk
41107,42,51.001237,18.315895,,4137,3152,408,dk
41337,42b,51.036234,18.4202,,2920,2114,342,dk
41329,42b,51.037544,18.423441,,3245,2071,394,dk
41115,42,51.036034,18.503122,,4558,3631,454,dk
41111,42,51.035835,18.608451,,7851,5132,1078,dk
41112,42,51.031765,18.649821,,1277,848,146,dk
91809,42,51.098447,18.854252,,2760,1998,271,dk
91838,42,51.115095,18.869945,,4003,2783,313,dk
91805,42,51.12468,18.905768,,7884,6206,562,dk
91806,42,51.146974,18.992465,,12448,10345,818,dk
91910,42,51.078754,19.122882,,4710,3448,546,dk
91504,42,51.07913,19.179998,,4961,3577,589,dk
91513,42,51.080513,19.363163,,6965,5404,686,dk
91505,42,51.077307,19.394365,,9586,7727,1078,dk
91700,42,51.069859,19.432381,,16226,14055,1296,dk
91874,42,51.066768,19.444942,,10675,8992,795,dk
91865,42,51.074146,19.460504,,9610,8254,672,dk
91509,42,51.083788,19.5785,,5444,4206,551,dk
91875,42,51.08878,19.871439,,10698,8568,1010,dk
21315,42,51.1455,20.228933,,3921,2940,376,dk
21316,42,51.179115,20.329543,,4658,3800,368,dk
21312,42,51.19013,20.402021,,9957,8176,689,dk
21313,42,51.186124,20.423949,,8991,7456,763,dk
21314,42,51.160692,20.509714,,6486,5128,622,dk
21507,"42
42a",51.107102,20.761895,,9291,7697,731,dk
21515,42a,51.102982,20.856502,,9439,7166,835,dk
21521,42,51.091339,20.883587,,13387,10932,1035,dk
21523,42a,51.055097,21.035478,,-,-,-,dk
21524,42,51.044151,21.064782,,9908,7876,855,dk
21510,42,51.026989,21.075421,,14723,12557,973,dk
21511,42,50.999879,21.152088,,6432,4971,626,dk
91876,43,51.218375,18.570304,,11512,8862,971,dk
91807,43,51.175127,18.60386,,9388,6940,1029,dk
91808,43,51.115944,18.610253,,6166,3987,835,dk
40408,"43
43b",51.005623,18.659216,,6588,4217,919,dk
40409,43,50.93473,18.851359,,9313,6458,1265,dk
40416,43,50.9027,18.930949,,14859,11217,1656,dk
40410,43,50.858147,19.027894,,17714,13646,2096,dk
40788,43,50.847238,19.044539,,14345,12238,1323,dk
40629,44,50.249539,18.743524,,10057,8554,676,dk
40604,44,50.226839,18.808263,,11284,9030,927,dk
40618,44,50.214044,18.841714,,15080,12456,1249,dk
40630,44,50.184236,18.877384,,15079,12338,1324,dk
40605,44,50.178987,18.904698,,34943,30355,2560,dk
40631,44,50.165805,18.917698,,17333,14193,1638,dk
40619,44,50.159525,18.923821,,19295,16041,1714,dk
40612,44a,50.0909,19.105829,,14483,11237,1083,dk
40613,44a,50.07934,19.161246,,19046,15402,1356,dk
20201,"44a
44",50.056871,19.198268,,18103,14793,1348,dk
20216,44,50.041772,19.214748,,23144,19844,1391,dk
20223,44,50.031993,19.216652,,25661,22248,1540,dk
20224,"44
44d",50.024074,19.231901,,8833,7164,609,dk
40790,44c,50.0454815,19.133968000000003,,-,-,-,dk
20246,44c,50.021221,19.233164,,3030,2394,274,dk
20247,"44c
44",50.025773,19.253007,,12105,9749,917,dk
20202,44,50.020201,19.326559,,13333,11161,1003,dk
20218,44,50.005892,19.377544,,12679,10483,893,dk
20724,44,49.9981,19.42893,,16252,13058,1220,dk
20725,44,49.994763,19.514968,,8447,6581,931,dk
20505,44,49.964816,19.638656,,13048,10324,1411,dk
20225,44b,49.975372,19.793531,,17773,14345,1880,dk
20226,44b,49.984286,19.812882,,20141,16145,1964,dk
20227,44b,49.988335,19.828605,,17546,13578,1927,dk
20228,44,49.991865,19.848937,,33400,26901,3445,dk
40323,"45a
45",49.958841,18.303324,,4057,3013,381,dk
40322,45,50.024184,18.209943,,5906,4801,455,dk
40321,45,50.071498,18.195814,,9333,7878,683,dk
40320,45,50.085471,18.195299,,7334,6069,552,dk
40334,45,50.098099,18.2059,,15824,13578,979,dk
40335,45,50.103141,18.212611,,5999,4955,420,dk
40303,45,50.136472,18.186939,,5063,3889,431,dk
41333,45,50.206402,18.140045,,4635,3383,468,dk
41003,45,50.282043,18.149431,,6216,4875,520,dk
41019,45,50.315234,18.121006,,7447,5939,629,dk
41023,45,50.324009,18.117698,,9123,7422,836,dk
41002,"45
45b
45",50.411724,18.047739,,5179,4363,538,dk
41020,45,50.465348,17.966165,,10298,9231,809,dk
41001,45,50.468988,17.952325,,4878,4182,468,dk
41314,45,50.535618,17.920431,,7923,6434,965,dk
41311,45,50.622489,17.922829,,8863,7653,774,dk
41307,45,50.712032,17.99069,,15637,13341,1138,dk
41319,45,50.786561,18.05878,,7683,6071,694,dk
41306,45,50.818098,18.153214,,5992,4455,609,dk
41108,45,50.854448,18.192443,,4746,3712,476,dk
41320,45d,50.965352,18.190372,,2688,1832,310,dk
41321,45d,50.973046,18.185488,,4999,3917,281,dk
41330,45c,51.047187,18.483112,,2065,1342,248,dk
41106,45,51.126073,18.537941,,3571,2626,390,dk
91804,45,51.194777,18.557699,,5050,3960,500,dk
91817,45,51.219782,18.565563,,11800,8823,1048,dk
91803,45,51.238794,18.559746,,12005,9442,1126,dk
91802,45,51.343804,18.606828,,6299,4533,706,dk
30426,46h,50.419948,16.660419,,8071,6027,556,dk
30427,46h,50.432079,16.684185,,2746,1309,185,dk
30419,46,50.44021,16.790758,,6074,4155,457,dk
41205,46,50.458728,16.979005,,6718,4394,577,dk
41208,46i,50.44974,16.953785,,1236,1085,79,dk
41334,46,50.453447,17.008363,,7864,5469,620,dk
41206,46,50.445769,17.110206,,9965,7120,905,dk
41224,46c,50.459438,17.194073,,9799,7108,763,dk
41207,"46c
46",50.468664,17.21635,,13228,10124,1065,dk
41227,46g,50.495488,17.287218,,8333,5528,745,dk
41228,46g,50.5014075,17.3314435,,9529,6435,898,dk
41201,46,50.546341,17.372527,,16687,12129,1561,dk
41202,"46
46k",50.571888,17.446794,,9195,6465,967,dk
41324,46k,50.6177675,17.634436,,9517,6645,957,dk
41325,46k,50.616482000000005,17.6436785,,11164,7965,1070,dk
41230,"46k
46",50.66463,17.69844,,15549,11438,1595,dk
40905,46,50.690589,17.787614,,17487,13701,1590,dk
41335,46,50.668021,18.063091,,13487,10924,995,dk
41308,46,50.665291,18.122094,,11990,9433,1014,dk
41309,"46
46j",50.701066,18.256489,,8111,6078,678,dk
41316,46a,50.721228,18.400104,,6943,4426,554,dk
41310,"46a
46",50.734029,18.471812,,6408,4363,706,dk
40405,46,50.674826,18.645404,,7285,5165,565,dk
40722,46f,50.703137,18.732527,,7215,4675,836,dk
40419,46,50.746819,18.876257,,9553,6733,1005,dk
40406,46,50.767372,18.944533,,10943,7703,1186,dk
40407,46,50.776204,18.976566,,12421,9631,1163,dk
40791,46,50.785119,19.011072,,10865,9294,916,dk
40216,46,50.753573,19.257652,,9611,8228,772,dk
40207,46,50.742009,19.338183,,4722,3816,512,dk
40715,46,50.696245,19.549235,,2586,1879,340,dk
40777,46,50.684868,19.621535,,4545,3504,489,dk
40706,46,50.654808,19.725771,,2264,1644,324,dk
20603,47a,49.597421,19.930064,,26677,22733,2524,dk
20518,47a,49.592561,19.933826,,25827,22361,2205,dk
20519,47a,49.513817,19.98226,,26192,22594,2351,dk
20520,47a,49.501228,19.9885565,,19049,16451,1726,dk
20521,47a,49.4672705,20.008143500000003,,19768,17513,1527,dk
20606,47,49.438999,20.021256,,23640,20833,1920,dk
20607,47,49.360471,20.006148,,21224,18773,1580,dk
20608,47,49.320467,19.985528,,21449,18957,1449,dk
91320,48c,51.562189,20.02164,,8333,6261,780,dk
91877,48,51.555737,20.024202,,6916,4727,803,dk
91307,48,51.541307,20.133834,,7848,6140,689,dk
91400,48,51.52076,20.222962,,8407,6409,751,dk
91308,48,51.531905,20.364822,,3743,2560,474,dk
10415,48,51.533143,20.631429,,4498,3024,620,dk
10411,48,51.60749,20.767903,,1721,1259,277,dk
10412,48,51.626647,20.828815,,3090,2512,358,dk
10423,48,51.643977,20.947561,,5070,4494,357,dk
10418,"48a
48",51.647495,20.962058,,8484,7469,681,dk
11669,48,51.642744,21.174513,,1926,1536,177,dk
11609,48,51.600248,21.347193,,5205,4219,555,dk
11617,48,51.588245,21.539039,,11578,10444,590,dk
11615,48,51.584511,21.549563,,8775,7587,440,dk
11610,48,51.554919,21.634974,,4707,3645,551,dk
11611,48,51.538671,21.745125,,2924,2257,362,dk
11653,48,51.541772,21.813128,,3679,3032,362,dk
80707,48,51.561483,21.840815,,10351,9348,525,dk
80708,48,51.56268,21.865223,,8940,7943,502,dk
80709,48,51.598725,21.962608,,7043,5971,605,dk
80745,48,51.600937,21.96847,,8908,7512,740,dk
80718,48,51.60387,22.186945,,4309,2982,455,dk
80710,48,51.628439,22.314791,,4367,2985,547,dk
80421,48,51.645558,22.443844,,4464,2900,499,dk
20609,49,49.477508,20.034957,,18065,15561,1516,dk
20522,49,49.476084,20.051432,,16780,14277,1516,dk
20610,49,49.427872,20.087171,,12398,10785,1160,dk
20611,49,49.357971,20.131488,,5628,4767,625,dk
20617,49,49.311099,20.157186,,4194,3526,473,dk
10506,50,52.875206,20.619481,,6600,6075,317,dk
11664,50,52.863835,20.628313,,16438,14009,1307,dk
10513,50,52.848494,20.623701,,6271,5256,515,dk
11005,50,52.769277,20.545068,,6789,5366,727,dk
11002,50,52.55876,20.340768,,9771,6724,800,dk
11012,"50
50e
50",52.47416,20.223023,,6943,4123,663,dk
11004,50,52.388014,20.181795,,11867,6744,1278,dk
10906,50,52.343852,20.212224,,10448,5812,1022,dk
10924,50,52.243178,20.179656,,16853,11208,1552,dk
10925,50,52.219902,20.202799,,13986,8271,1593,dk
10912,"50
50f",52.101183,20.352443,,15797,10577,1431,dk
10913,50f,52.090678,20.363906,,13332,7418,1504,dk
10914,50f,52.034352,20.421517,,13227,7613,1297,dk
10926,"50f
50
50a",51.999405,20.494265,,18483,11873,1904,dk
10971,50a,51.984646,20.514868,,15676,9497,1526,dk
10927,50a,51.974232,20.571119,,11815,5224,1051,dk
10932,50a,51.955034,20.574565,,9475,4600,988,dk
10408,"50a
50",51.886068,20.806929,,11595,6784,779,dk
10419,50,51.872432,20.863442,,12967,9378,1374,dk
10428,50,51.873044,20.866089,,14614,11245,1329,dk
10429,50,51.872926,20.869649,,11986,8961,1239,dk
10409,"50
50c
50
50d",51.875924,20.91105,,7839,5299,906,dk
10421,"50d
50",51.957251,21.151251,,7963,5493,878,dk
10424,"50
50g",51.969443,21.190167,,10495,7644,1092,dk
10422,50g,51.96937,21.205424,,14111,10625,1418,dk
10304,"50g
50",51.988583,21.232408,,12949,9413,1465,dk
10320,50,52.001111,21.246827,,11183,7830,1261,dk
10305,50,52.019728,21.295816,,8310,5720,695,dk
10325,50,52.041314,21.387934,,7991,5279,1036,dk
10608,"50
50b",52.14601,21.502549,,11866,8219,1014,dk
10619,50b,52.195053,21.530357,,12943,8945,1117,dk
10609,"50b
50",52.243242,21.543445,,11275,7480,1004,dk
10610,50,52.289975,21.554146,,12914,8657,1112,dk
10611,50,52.387002,21.609101,,7549,4264,674,dk
10606,50,52.508771,21.679696,,10703,7056,939,dk
10706,"50h
50
50i
50",52.600994,21.833032,,6065,3498,473,dk
10708,50,52.705837,21.84728,,6670,4088,566,dk
51201,51,54.281721,20.776676,,2074,1775,136,dk
51210,51,54.255692,20.807947,,14272,12816,798,dk
51202,51,54.238728,20.810677,,7932,6683,650,dk
51203,51,54.208792,20.784298,,4353,3489,432,dk
51205,51,54.125268,20.587476,,8018,6712,626,dk
51209,"51
51f
51",54.084524,20.540002,,5321,4433,440,dk
51216,51,53.990863,20.394675,,9738,8182,789,dk
51211,51,53.98778,20.396405,,13432,11507,1059,dk
51206,"51
51a
51",53.926776,20.431091,,8911,7465,773,dk
51217,51,53.832247,20.473777,,18126,16031,1192,dk
51426,S51d,53.779426,20.5560445,,20511,16820,1827,dk
51427,S51c,53.667072,20.403107,kompleksowa,25461,20763,2081,dk
51428,"S51c
S51b",53.65932,20.397107,kompleksowa,21938,17473,1679,dk
51415,S51b,53.6033415,20.300942999999997,kompleksowa,18215,13992,1510,dk
40534,S52b,49.763697,18.62099,kompleksowa,11483,6771,1051,dk
40533,S52b,49.7661565,18.644488000000003,kompleksowa,15531,11033,1574,dk
40532,S52b,49.775091,18.750044000000003,kompleksowa,17470,12683,1852,dk
40531,S52b,49.788542,18.823161,kompleksowa,31877,25648,3420,dk
40530,S52b,49.813156,18.923382,kompleksowa,40264,33367,3979,dk
40529,S52b,49.8378525,18.991736000000003,kompleksowa,53279,44516,5139,dk
40528,S52b,49.841645,19.00266,kompleksowa,51167,42287,5183,dk
40725,S52b,49.850431,19.047356,bazowa,50247,41210,5083,dk
40726,S52b,49.843426,19.077035,bazowa,33914,27020,3735,dk
40792,52,49.844053,19.140243,,19285,16522,1648,dk
40520,52,49.851165,19.19897,,14609,12167,1405,dk
40793,52,49.848152,19.222856,,17815,14996,1521,dk
40525,52,49.860452,19.228427,,15647,13374,1036,dk
20205,52,49.867975,19.226339,,13040,11073,609,dk
20206,52,49.876922,19.28277,,11867,9650,1139,dk
20207,52,49.856883,19.330389,,16611,14241,1306,dk
20726,52,49.854894,19.341271,,16043,13442,1385,dk
20208,52,49.868694,19.425791,,15646,13053,1591,dk
20209,52a,49.886655,19.478223,,13221,10821,1369,dk
20210,52,49.865236,19.582079,,11574,9660,1370,dk
20211,52,49.866834,19.722637,,11497,9329,1603,dk
20506,52,49.907431,19.865016,,17763,14774,2072,dk
20420,S52c,50.102815,19.835397,bazowa,57765,49284,3794,dk
20238,S52c,50.119626499999995,19.8781495,kompleksowa,41944,35657,3698,dk
20239,S52c,50.11241,19.928771,kompleksowa,35707,30295,3101,dk
20240,S52c,50.1120635,19.992752,kompleksowa,32055,27052,2757,dk
20241,S52c,50.107122000000004,20.0186785,kompleksowa,23771,19613,1949,dk
51405,"53a
53",53.712521,20.630171,,7083,6080,554,dk
51501,53,53.612986,20.858056,,5497,4597,489,dk
51514,53,53.565641,20.980778,,12174,10672,764,dk
51515,53,53.5643545,20.9929965,,12873,11410,614,dk
51512,53,53.560593,21.003023,,11092,9954,506,dk
51502,53,53.553057,21.153495,,3927,3108,361,dk
51503,53,53.436719,21.36881,,4907,3881,466,dk
10807,53,53.381686,21.346191,,11412,9590,802,dk
10806,53,53.247496,21.451233,,5768,4799,478,dk
10801,53,53.135399,21.500456,,10020,8645,671,dk
10803,53,53.017073,21.491997,,4526,3249,372,dk
50902,54,54.290642,19.790067,,2956,2426,265,dk
50904,54,54.383189,19.826279,,14533,13405,652,dk
50901,54,54.403561,19.855715,,986,894,52,dk
70312,"55b
55",54.187913,19.114164,,9047,7511,637,dk
70313,55,54.045856,19.024442,,12532,10690,804,dk
70612,55,54.027343,19.019149,,11542,9810,901,dk
70613,55,53.956439,19.023436,,8310,7016,570,dk
70614,55,53.919569,19.031619,,12502,10944,651,dk
70643,55,53.875922,19.002938,,3622,2799,343,dk
70615,55,53.756099,18.941086,,6372,5247,576,dk
70624,55,53.744168,18.934702,,9948,8369,683,dk
70616,55,53.733064,18.936405,,10632,9260,567,dk
70672,55,53.719835,18.939306,,12362,11294,429,dk
70617,55,53.644055,18.954337,,5568,4388,458,dk
70671,55,53.610087,18.944504,,6936,5537,596,dk
71114,55,53.566893,18.860366,,5011,3782,593,dk
71503,55,53.523416,18.81114,,9689,7738,979,dk
71115,55,53.3471,18.565977,,3899,2904,443,dk
71012,56,53.286295,18.124709,,4727,4113,366,dk
51204,57,54.161185,20.82821,,2484,1973,230,dk
51218,57,54.087167,20.899908,,3005,2395,267,dk
51222,57,54.010774,20.898058,,2363,1726,288,dk
51213,57,53.915134,20.898921,,2918,2317,220,dk
51215,57,53.86658,20.953965,,7617,6576,496,dk
51219,57,53.859727,20.959986,,10166,8802,775,dk
51214,57,53.789607,20.972365,,2341,1573,207,dk
51505,57,53.647849,20.961107,,2606,1935,192,dk
51516,57,53.568545,20.991095,,8260,7328,410,dk
51510,57,53.561004,20.991901,,9458,8410,525,dk
51506,57,53.491197,20.961311,,4081,3384,314,dk
51520,57,53.398241,20.945743,,6492,5188,536,dk
11210,57,53.290002,20.913248,,2640,2084,190,dk
11211,57,53.254538,20.897583,,8105,6963,456,dk
11201,57,53.106812,20.853773,,3129,2599,205,dk
11202,57,53.066833,20.862625,,5197,4412,286,dk
11203,57,53.017787,20.888898,,10198,8585,488,dk
11667,57,53.009252,20.908696,,6774,5521,406,dk
11204,57,52.929637,21.007123,,3886,2919,273,dk
11205,57,52.866796,21.101284,,8935,7686,422,dk
11206,57,52.810789,21.089537,,4099,3411,278,dk
51416,58c,53.602174,20.305599,,5891,5095,410,dk
51430,58,53.581564,20.292785,,5373,4438,394,dk
51406,58,53.553231,20.419554,,1568,1291,114,dk
51412,58,53.535926,20.67732,,1543,1249,126,dk
51521,58,53.527646,20.725264,,4138,3313,384,dk
51504,58,53.538961,20.780937,,2450,2002,223,dk
51507,58,53.640626,21.124073,,1560,1286,145,dk
51517,58,53.666804,21.340291,,811,634,70,dk
51518,58,53.659274,21.345163,,3015,1754,197,dk
51511,58,53.649511,21.395582,,1940,978,127,dk
51013,58,53.638726,21.760893,,6217,4605,514,dk
51015,58b,53.629915,21.802301,,15383,13233,1084,dk
51027,58b,53.629477,21.802612,,9025,7588,544,dk
51028,58b,53.622638,21.820286,,9877,8579,563,dk
51005,58,53.618798,21.974592,,4733,3694,418,dk
51029,58,53.610742,22.075709,,4584,3558,343,dk
51111,59,54.036748,21.745349,,13789,11981,899,dk
51120,59,54.021389,21.739388,,11191,9663,775,dk
51123,59,53.959843,21.657325,,5125,4097,480,dk
51106,"59
59b",53.896817,21.414009,,4084,3128,419,dk
51116,59b,53.87613,21.286978,,10530,8709,880,dk
51125,59b,53.854287,21.279898,,10983,8701,1124,dk
51522,59,53.779649,21.334177,,7224,5496,543,dk
51519,"59
59a",53.716701,21.318839,,3807,2615,240,dk
51509,"59a
59",53.695458,21.342593,,2166,1172,126,dk
51513,59,53.589123,21.351635,,1581,1220,136,dk
91115,60,52.185913,19.313064,,4089,3536,311,dk
91124,60,52.214399,19.379586,,9341,6935,691,dk
91866,"60a
60",52.235534,19.377538,,8193,6679,456,dk
91878,60,52.282123,19.394841,,8375,6747,639,dk
11104,"60
60c",52.398618,19.449612,,9351,6824,733,dk
11119,60c,52.402604,19.454745,,7615,5250,716,dk
11117,60c,52.414261,19.477064,,8974,6390,798,dk
11118,"60c
60",52.451422,19.535442,,13575,10186,1324,dk
11107,60,52.483118,19.640258,,15731,12141,1535,dk
11638,60,52.605735,19.796074,,10180,8191,775,dk
11108,60,52.622544,19.78985,,9179,7311,703,dk
11120,60,52.66909,19.800708,,10717,8771,784,dk
11111,60,52.731989,19.979755,,5946,4382,571,dk
10501,"60
60b
60",52.762121,20.061731,,6147,3609,616,dk
10503,60,52.842817,20.510466,,6481,4612,346,dk
10514,60,52.870107,20.601983,,9808,8563,527,dk
10504,60,52.88196,20.612449,,15068,13418,744,dk
10515,60,52.881534,20.625781,,12757,11496,598,dk
10505,60,52.881579,20.630208,,14361,12360,738,dk
11207,60,52.832701,20.8114,,6283,4272,524,dk
11208,60,52.836214,20.976654,,3277,2062,240,dk
11661,60,52.86531,21.095552,,8925,7358,532,dk
11209,60,52.864731,21.108261,,10816,8568,662,dk
10802,60,52.87991,21.304115,,4003,2385,324,dk
10704,60,52.837184,21.749599,,4573,3082,326,dk
11305,61a,52.359495,20.938193,,52371,47095,3022,dk
11317,61a,52.367643,20.935236,,33213,30048,1779,dk
11306,61,52.3918,20.933907,,31834,28792,1889,dk
10216,61,52.415081,20.963358,,25465,22548,1579,dk
11307,61,52.432844,20.985953,,17092,15084,1000,dk
11308,"61
61b",52.491445,21.048932,,23759,20619,1821,dk
11314,61b,52.494986,21.048952,,17515,14808,1586,dk
11318,61b,52.5193265,21.0537435,,18837,15366,1608,dk
11309,"61b
61",52.625654,21.099529,,10907,9076,642,dk
11310,61,52.699242,21.0855,,19965,17017,1077,dk
11311,61,52.718124,21.084899,,13519,11333,987,dk
10805,61,52.845066,21.271559,,3753,2900,312,dk
50526,61,53.210108,22.103798,,8917,7777,616,dk
11644,S61,52.8528085,21.870824,bazowa,19405,12066,1450,dk
11645,S61,52.9802635,21.903775,bazowa,17957,11090,1313,dk
50512,S61,52.990863,21.907042,bazowa,18083,11033,1608,dk
50513,S61,53.11911,22.020224,bazowa,17294,10050,1459,dk
50514,S61,53.172241,21.978346,bazowa,15837,8581,1344,dk
50515,S61,53.214121,22.033147,bazowa,15859,8567,1337,dk
50516,S61,53.2468645,22.102414,bazowa,15760,8502,1369,dk
50517,S61,53.252641499999996,22.1084795,bazowa,16623,9409,1366,dk
50518,S61,53.434235,22.172779,bazowa,17340,9909,1362,dk
50519,S61,53.458358,22.198394,bazowa,17078,9639,1340,dk
50520,S61,53.5691075,22.2679905,bazowa,16047,8732,1425,dk
51037,S61,53.595371,22.3273795,bazowa,14062,7599,1189,dk
51032,S61,53.757821,22.3471865,bazowa,13288,6998,1070,dk
51033,S61,53.8561885,22.579599,bazowa,17084,9840,1600,dk
51034,"S61
S61f",53.8583565,22.588905500000003,bazowa,13793,6997,1295,dk
50609,S61f,53.976256,22.792077,bazowa,16766,8769,1410,dk
50611,S61f,54.087601,22.8712545,bazowa,15002,7476,1184,dk
50612,"S61f
S61",54.1129985,22.907136,bazowa,12531,5852,1017,dk
50617,S61,54.135194999999996,22.9621705,bazowa,12357,6016,970,dk
50618,S61,54.2752865,23.101287,bazowa,10579,4282,788,dk
70915,62g,52.677597,18.282313,,2806,1728,280,dk
70916,62,52.6742645,18.33399,,10770,8613,784,dk
70927,62,52.639762,18.383418,,5727,4051,519,dk
71307,62,52.63104,18.536956,,6541,4959,530,dk
71310,62,52.60299,18.872291,,5105,3583,515,dk
71308,62,52.61755,18.947273,,10546,8150,944,dk
71413,62,52.625243,18.970347,,12467,10324,1047,dk
11109,62,52.583531,19.475573,,5038,3933,510,dk
11112,62,52.545347,19.634173,,6918,5818,539,dk
11110,62,52.514505,19.824856,,14833,12590,1020,dk
11113,62,52.405811,20.142952,,7998,6135,765,dk
10210,62,52.4013,20.297074,,5946,4120,621,dk
10203,62,52.443453,20.531021,,7420,5559,628,dk
10202,62,52.446996,20.685052,,12322,9842,905,dk
10217,"62
62b
62",52.464262,20.72085,,14716,12032,1296,dk
10204,62,52.473273,20.739662,,14529,11741,1262,dk
10218,62,52.495949,20.863541,,4916,3352,534,dk
10205,62,52.505019,20.992387,,6193,4549,635,dk
10219,62,52.508554,21.04201,,7363,5468,763,dk
11313,"62d
62",52.569158,21.309549,,5909,4452,563,dk
10717,62,52.591384,21.448035,,14465,12432,964,dk
10718,62,52.592375,21.455198,,20654,17491,1355,dk
10719,62c,52.58976,21.46141,,21566,18315,1411,dk
10720,62,52.586162,21.473161,,6953,5385,544,dk
10707,62,52.549113,21.628415,,7737,5967,635,dk
10607,62,52.456286,21.944266,,5584,4408,499,dk
11516,62a,52.402713,22.024798,,6435,5140,406,dk
11507,"62a
62",52.400293,22.119667,,5922,4705,444,dk
11639,62,52.407187,22.226877,,15292,13679,772,dk
11505,62,52.407475,22.252956,,13070,10986,697,dk
11519,62,52.405283,22.254463,,9714,7625,754,dk
11508,62,52.395582,22.26977,,5558,4651,295,dk
50417,62,52.410773,22.610673,,3238,2408,328,dk
50407,62,52.392891,22.829938,,2097,1331,173,dk
51112,63,54.2239,21.732534,,1971,1765,117,dk
51126,63,54.210119,21.742911,,14683,13558,683,dk
51101,63,54.13814,21.857681,,5725,4967,389,dk
51124,63,54.036852,21.799414,,9045,7293,874,dk
51108,63,54.01334,21.827685,,8942,7278,805,dk
51114,63,53.829718,21.951623,,4026,3030,380,dk
51006,63,53.693726,21.814524,,3718,2709,290,dk
51007,63,53.488059,21.875385,,2317,1823,186,dk
50508,63,53.409876,21.929598,,8735,7720,482,dk
50509,63,53.370035,21.968482,,5151,4251,403,dk
50510,63,53.309068,22.025605,,4304,3535,324,dk
50525,63e,53.262922,22.096476,,2503,1991,211,dk
50521,63f,53.114509,22.028862,,5003,3517,511,dk
50732,63f,53.093809,22.136811,,2620,1657,250,dk
50704,"63f
63",53.061003,22.155903,,6995,5491,555,dk
50717,63,53.004707,22.201835,,4460,3452,319,dk
50728,63c,52.983459,22.244579,,12562,10284,541,dk
50729,63,52.974193,22.244734,,11580,10197,665,dk
50705,"63
63",52.899416,22.25302,,3317,2562,318,dk
11509,"63
63",52.723461,22.302201,,1491,919,155,dk
11514,63,52.659533,22.282342,,2505,1744,254,dk
11510,63,52.504521,22.301195,,2670,2116,175,dk
11515,63,52.258948,22.248394,,6778,5445,494,dk
11506,63,52.205184,22.244299,,14059,11488,1114,dk
11513,63,52.139821,22.318364,,11596,9150,1168,dk
80418,63,52.022671,22.313656,,7181,5420,805,dk
80411,63,51.938027,22.376798,,5356,4558,360,dk
80412,63,51.924298,22.386808,,11094,9600,771,dk
80435,63,51.917522,22.389451,,4713,3857,383,dk
80414,63,51.810914,22.495232,,5109,3857,554,dk
80405,63,51.773111,22.600476,,7230,6073,506,dk
80406,63,51.773938,22.6226,,8358,7244,640,dk
80425,63,51.779141,22.786541,,2364,2002,136,dk
80407,63,51.775325,22.961547,,2193,1726,178,dk
80408,63,51.781986,23.22052,,2116,1807,167,dk
80409,63,51.773157,23.564491,,317,251,26,dk
50522,64a,53.215754,22.103085,,1272,943,106,dk
50524,64,53.193515,22.101908,,10114,8622,833,dk
50506,64,53.193388,22.343841,,4606,3785,458,dk
50507,64,53.201747,22.393723,,4926,3945,447,dk
51001,"65
65b",54.323828,22.298357,,2147,1875,94,dk
51030,65b,54.297876,22.292683,,1168,898,70,dk
51002,"65b
65",54.210928,22.412503,,3122,2544,262,dk
51023,"65
65f
65
65c",54.105452,22.434637,,3534,2751,252,dk
51024,65c,54.063285,22.481379,,2290,1784,179,dk
51025,65c,54.010853,22.476646,,1112,759,106,dk
51026,"65c
65",53.891749,22.345829,,1081,727,97,dk
51031,65,53.700369,22.429581,,3616,2927,305,dk
50210,65,53.650461,22.455109,,9192,8257,548,dk
50214,65,53.643193,22.456838,,14353,12897,760,dk
50209,65,53.594114,22.520697,,5803,4555,566,dk
50221,65,53.478597,22.647252,,5758,4443,557,dk
50215,65,53.448821,22.705646,,6076,4873,562,dk
50208,65,53.404746,22.794844,,12968,11151,1011,dk
50216,65,53.385282,22.811109,,8895,7553,587,dk
50323,65,53.30802,22.914361,,9279,7784,811,dk
50322,65,53.163431,23.069558,,15615,13483,1193,dk
50330,65,53.125646,23.229802,,16572,14287,1304,dk
50334,65,53.125243,23.248203,,17435,15272,1144,dk
50331,65,53.125538,23.313753,,7400,6413,456,dk
50320,65,53.140686,23.473214,,2876,2573,177,dk
50350,65,53.110473,23.664816,,847,737,45,dk
50716,66a,53.004382,22.201444,,2645,2073,237,dk
50730,66b,52.974302,22.219598,,5091,3638,494,dk
50706,66,52.963757,22.270055,,6542,4970,476,dk
50707,66,52.910772,22.51114,,6288,5477,264,dk
50708,"66
66d
66",52.869711,22.523453,,3576,2662,255,dk
50709,66,52.756212,22.787044,,2462,1798,259,dk
50409,"66
66e",52.742617,22.918908,,2958,2259,269,dk
50427,66e,52.755076,23.149875,,915,603,104,dk
50428,66e,52.738733,23.207937,,1112,831,96,dk
50410,66,52.727759,23.215364,,3168,2717,167,dk
50416,66,52.57864,23.329178,,3389,2822,184,dk
50411,66,52.55835,23.318187,,1660,1410,112,dk
71311,67,52.846903,19.179224,,15571,13396,1109,dk
71309,67,52.809451,19.135286,,8159,6430,875,dk
71416,67,52.674241,19.116988,,9155,7095,1017,dk
80608,68,52.038617,23.471296,,1724,491,62,dk
91215,70,52.116309,19.973627,,7004,4093,488,dk
91216,"70c
70",52.107167,19.956496,,12998,9385,891,dk
91879,70,52.09313,19.99481,,9762,6428,788,dk
91867,70,52.00421,20.089458,,8879,7357,829,dk
91601,70,51.945718,20.256516,,9275,7778,909,dk
91602,70,51.919956,20.441921,,4528,3544,570,dk
91208,71,51.859463,19.49189,,10134,8493,976,dk
91212,71,51.852253,19.4328,,13958,12205,754,dk
91880,71,51.81705,19.315148,,17730,16140,901,dk
91931,71,51.806565,19.321579,,17482,15748,1032,dk
91881,71,51.680398,19.335227,,8937,7676,732,dk
91868,71,51.669635,19.354511,,11757,10283,757,dk
91702,71,51.669068,19.36749,,13553,11832,1028,dk
91406,71,51.666193,19.378053,,9240,8016,673,dk
91407,71,51.6619,19.438152,,11628,9479,1470,dk
90616,"72
72a",52.166655,18.275299,,6530,5452,623,dk
90637,"72a
72",52.118709,18.305261,,6026,4709,714,dk
90636,"72
72c
72",52.041529,18.360819,,5614,4360,660,dk
90614,72,52.010421,18.498228,,13326,11861,963,dk
90635,72,52.010136,18.516422,,8215,7481,540,dk
90613,72,51.984046,18.598056,,7538,6094,688,dk
90622,72,51.975731,18.665975,,4510,3397,510,dk
91715,72,51.963833,18.801582,,5566,4679,441,dk
91719,72,51.899958,18.917804,,3693,3287,241,dk
91932,72,51.891229,18.932488,,5672,4892,356,dk
91882,72,51.890664,18.946292,,11623,10400,677,dk
91718,72,51.857544,19.149226,,8275,7128,820,dk
91717,72,51.820185,19.283562,,15072,13523,957,dk
91716,72,51.815479,19.322776,,17908,16261,858,dk
91603,72,51.793988,19.623962,,14677,11220,1727,dk
91604,72,51.798706,19.753352,,14499,11577,1305,dk
91605,72,51.80668,19.874262,,8024,6135,908,dk
91606,72,51.773596,20.133883,,5144,3677,490,dk
91612,72,51.771849,20.269409,,6546,4331,909,dk
21303,73c,50.930273,20.67704,,18913,16331,1241,dk
21304,"73f
73",50.756159,20.618402,,17604,14079,1280,dk
21317,73,50.749861,20.618302,,21279,16787,1654,dk
21305,73,50.690693,20.664397,,10346,7635,887,dk
21325,73,50.617432,20.744081,,9136,6206,857,dk
21101,73,50.527315,20.730922,,10634,7293,938,dk
21102,73,50.47171,20.72916,,9995,7240,903,dk
21103,73,50.440159,20.852112,,7275,4941,693,dk
21112,73,50.43691,20.93829,,7367,4910,726,dk
21109,73,50.412296,21.001573,,5260,2985,530,dk
21114,73,50.350826,21.063054,,5989,3606,761,dk
20910,73,50.311576,21.074841,,10064,7110,1110,dk
20911,"73
73e",50.303686,21.072287,,7597,5549,542,dk
20925,73e,50.189136,20.966321,,4970,3094,582,dk
20926,73e,50.16315,20.973488,,5841,3952,602,dk
20913,"73e
73",50.115807,21.006112,,11761,9079,1239,dk
20914,73,50.069939,21.018014,,19646,15475,1921,dk
81118,73a,49.982509,21.299066,,12092,8662,991,dk
81010,73,49.942399,21.32961,,13109,9573,1166,dk
81015,73,49.892884,21.386457,,10894,7502,1011,dk
81013,73,49.780711,21.423004,,8980,6060,635,dk
81119,73,49.754856,21.489176,,9368,7709,564,dk
91930,74j,51.308183,18.379987,,8305,4829,1013,dk
91812,74j,51.286447,18.394907,,8595,5368,660,dk
91889,74j,51.247819,18.524574,,4737,2523,517,dk
91890,74j,51.249783,18.564544,,4233,2321,476,dk
91815,74j,51.248725,18.702699,,6987,4617,695,dk
91810,74j,51.320797,18.971478,,5322,3261,519,dk
91926,74j,51.345502,19.114379,,5433,3338,533,dk
91512,74j,51.342773,19.247167,,8695,6363,644,dk
91891,74j,51.353837,19.311612,,4952,2980,446,dk
91898,74j,51.398323,19.3643,,6219,3915,571,dk
91899,74j,51.39265,19.404031,,4793,2616,489,dk
91511,74j,51.412832,19.465316,,8987,6297,868,dk
91510,74j,51.416013,19.559998,,10691,7826,981,dk
91309,74,51.28487,20.141633,,10262,5645,987,dk
91883,74,51.250904,20.171231,,12846,7552,1205,dk
91310,74,51.209163,20.197729,,9011,4592,923,dk
21306,74,51.122608,20.26122,,8498,4268,765,dk
21307,74,51.072044,20.384684,,11148,7110,1014,dk
21309,74,50.969121,20.546713,,14307,9695,1377,dk
21308,"74
74i",50.915718,20.572967,,22400,16692,2061,dk
21321,74i,50.904556,20.586745,,28768,22841,2391,dk
21322,S74h,50.883188,20.643303,kompleksowa,32309,27683,1632,dk
21323,S74h,50.868011,20.728595,kompleksowa,20873,17237,1481,dk
21318,"74h
74",50.863071,20.74044,,20794,16498,1675,dk
21310,74,50.86013,20.795584,,17012,13359,1343,dk
21324,74,50.852532,20.826299,,13889,10952,1029,dk
21311,74,50.780523,21.041615,,6848,4878,567,dk
21407,74,50.798871,21.233191,kompleksowa,5852,3535,434,dk
21424,S74n,50.796496,21.375352,kompleksowa,-,-,-,dk
21425,S74n,50.789331,21.408931,kompleksowa,-,-,-,dk
21426,"74o
74m",50.817011,21.41634,,-,-,-,dk
21408,74,50.809339,21.481049,,5342,3169,367,dk
21420,74b,50.851608,21.653707,,3252,1611,288,dk
21409,74,50.880292,21.742018,,4992,2958,533,dk
80310,74,50.886236,21.835493,,5650,3471,610,dk
80326,74,50.88812,21.862997,,7515,5133,760,dk
80311,74,50.866648,21.99929,,6652,4690,511,dk
80312,74,50.913103,22.182525,,7597,5354,677,dk
80337,74,50.906882,22.242554,,4954,3335,505,dk
80338,74l,50.710545,22.406248,,9720,8520,609,dk
80315,74,50.702481,22.418079,,11242,9800,776,dk
80316,"74
74f",50.701051,22.53607,,4395,3508,392,dk
80323,74f,50.676422,22.673889,,2157,1635,167,dk
80317,"74f
74",50.681071,22.842241,,1735,1463,140,dk
80808,74,50.700984,22.963772,,1202,946,129,dk
80822,74,50.695947,22.982057,,9341,8074,514,dk
80817,74,50.719262,23.060724,,7349,6181,504,dk
80809,74,50.711381,23.212637,,13228,11436,829,dk
80802,74d,50.744678,23.245696,,12727,10951,671,dk
80810,74,50.716921,23.360979,,8685,7558,513,dk
80818,74,50.754821,23.784587,,5675,4632,384,dk
80811,"74
74e",50.756004,23.836848,,5513,4602,357,dk
80819,74e,50.788169,23.898632,,4404,3656,292,dk
80825,"74e
74",50.834698,23.978775,,2598,2124,230,dk
80814,74,50.856781,24.12773,,846,499,184,dk
20312,75,50.042113,20.220863,,12295,10174,1291,dk
20313,75,50.005549,20.263509,,10534,9117,728,dk
20923,75a,49.985675,20.592866,,23871,18408,2553,dk
20613,75a,49.966698,20.583525,,14635,11366,1620,dk
20915,"75c
75",49.872042,20.618262,,15268,11958,1663,dk
20916,75,49.854221,20.636055,,12597,9622,1385,dk
20713,"75
75b
75",49.74007,20.627904,,15479,11993,1647,dk
20714,75,49.669683,20.686677,,21607,17761,1917,dk
20715,75,49.560677,20.744346,,17819,15492,1602,dk
20716,75,49.526633,20.858082,,9464,8002,910,dk
20720,75,49.450828,20.980556,,2481,1952,375,dk
20721,75,49.382196,21.071799,,1133,811,245,dk
10308,76,51.862245,21.432248,,3190,2790,234,dk
10307,76,51.900276,21.578315,,10278,8895,746,dk
10326,76,51.897677,21.601825,,10988,9875,671,dk
10306,76,51.901453,21.622084,,7723,6715,596,dk
10327,76,51.928964,21.692952,,6343,5565,434,dk
80410,76,51.946104,21.918712,,2867,2099,420,dk
80415,76,51.948907,22.053574,,3749,2795,475,dk
80416,76,51.924064,22.343632,,6847,5815,592,dk
80424,76,51.925817,22.370035,,9026,8321,427,dk
21417,77,50.723816,21.54225,,6182,4781,534,dk
21413,77,50.697173,21.741019,,15948,12951,1352,dk
21414,77,50.683146,21.755767,,23034,18931,1979,dk
21415,77,50.670124,21.75936,,21284,17570,1713,dk
81307,77,50.66251,21.791312,,8089,6204,848,dk
81325,"77
77a",50.647775,21.889916,,7242,5583,756,dk
81316,77a,50.605894000000006,22.035757,,8183,6561,780,dk
81317,77a,50.598099000000005,22.049965999999998,,13789,11751,916,dk
81318,77a,50.584942,22.061783,,11382,9335,1015,dk
81319,77a,50.561992,22.079777,,11588,9508,1088,dk
81322,77a,50.535947,22.138298,,13623,11334,1004,dk
81323,77a,50.519426,22.170843,,13151,10556,1254,dk
81324,77a,50.515932,22.172089,,8685,6982,818,dk
81309,77,50.46037,22.242798,,7757,6358,733,dk
81310,77,50.437663,22.260368,,6944,5610,675,dk
81311,77,50.353676,22.321218,,5059,4015,504,dk
81405,"77
77b",50.303623,22.365408,,7284,5922,667,dk
81420,77b,50.268417,22.392765,,4672,3478,462,dk
81418,77b,50.26552,22.393607,,7259,6013,604,dk
81415,"77b
77",50.241396,22.431117,,4130,3250,326,dk
81407,77,50.203683,22.497586,,3851,2985,371,dk
81408,77,50.120153,22.583408,,3183,2497,296,dk
81409,77,50.041232,22.664095,,6464,5520,515,dk
81416,77,49.927296,22.821518,,8154,6672,781,dk
81417,77,49.840956,22.799844,,17924,14563,1708,dk
81503,77,49.820073,22.786886,,23278,19505,1956,dk
40310,78a,49.923195,18.324133,,3873,2968,260,dk
40746,"78a
78",49.956375,18.358105,,5446,4673,373,dk
40794,78,49.959394,18.395689,,10843,9411,776,dk
40308,78,49.995142,18.457614,,11050,9946,628,dk
40326,78,50.00135,18.46884,,17413,15077,1005,dk
40744,78,50.010589,18.474569,,15427,13859,870,dk
40745,78,50.03407,18.491438,,16275,14471,1061,dk
40305,78,50.197118,18.578369,,10260,8839,754,dk
40304,78,50.223925,18.612535,,13545,11862,820,dk
40336,78,50.339428,18.71665,,10950,9420,841,dk
40319,78,50.347228,18.733882,,7585,6133,674,dk
40799,78,50.372406,18.780613,,22710,18367,1881,dk
40318,78,50.376277,18.783643,,15144,12365,1247,dk
40412,78,50.415955,18.82494,,16767,14027,1191,dk
40421,78,50.430967,18.870253,,14905,12676,1148,dk
40712,78,50.440265,18.899674,,15690,13633,1114,dk
40716,78,50.436879,18.947416,,13659,11495,1043,dk
40717,78,50.449043,19.051144,,7049,5531,658,dk
40770,78,50.452453,19.080635,,9729,7810,961,dk
40713,"78
78b",50.445093,19.130713,,10323,7998,957,dk
40723,78b,50.46171,19.214608,,8069,5974,799,dk
40724,78b,50.476962,19.255557,,21155,16317,1900,dk
40795,78,50.483613,19.278572,,16630,12788,1356,dk
40796,78,50.466969500000005,19.391185,,11504,8303,1078,dk
40797,78,50.4757745,19.473300000000002,,9402,6401,880,dk
40772,78,50.491304,19.493237,,10650,7829,825,dk
40709,78,50.559806,19.569662,,7040,4942,470,dk
40719,78,50.566914,19.601703,,5686,3302,521,dk
40773,78,50.614731,19.745112,,6845,4169,676,dk
40710,78,50.626675,19.81025,,8988,5830,869,dk
21203,"78
78",50.655213,20.031532,,5631,3275,561,dk
21212,"78
78d",50.674297,20.125012,,8184,5142,765,dk
21213,78d,50.660155,20.286217,,6282,3484,591,dk
21214,78d,50.65574,20.296882,,7663,4218,749,dk
21215,78,50.632459,20.322431,,9711,7269,717,dk
21205,78,50.601566,20.565519,,4090,2303,446,dk
21206,78,50.605667,20.683939,,3370,1993,331,dk
10948,S79a,52.173809500000004,20.9860605,,39723,37514,1553,dk
10949,S79a,52.1628875,20.986623,,62643,58206,2841,dk
10922,79,52.099464,21.018814499999998,,55133,49885,2785,dk
10915,79,52.092242,21.0189885,,50770,46210,2516,dk
10972,79,52.078473,21.034808,,23746,20633,1642,dk
10916,79,52.074171,21.035602,,18085,15583,1277,dk
10973,79,52.057106,21.050905,,20434,17617,1590,dk
10923,79,52.030546,21.108966,,17202,14220,1686,dk
10974,"79
79c",52.020114,21.131721,,17303,15134,1015,dk
10975,79c,51.974223499999994,21.1909165,,9611,8133,830,dk
10410,79,51.909822,21.219461,,9831,7901,953,dk
11608,79,51.809729,21.330225,,4638,3534,448,dk
11603,79,51.625258,21.478208,,7093,5907,425,dk
11604,79,51.597617,21.528932,,6983,5873,411,dk
11605,79,51.570097,21.538789,,10367,8804,718,dk
11614,79,51.512482,21.577356,,3837,3213,230,dk
11606,79,51.407231,21.608664,,2698,2043,232,dk
11607,"79
79h",51.307699,21.597787,,5928,4184,500,dk
11637,79h,51.158349,21.634954,,3380,1800,297,dk
11643,79h,51.144389,21.643472,,3521,1838,377,dk
21421,79,51.035379,21.679752,,2789,1404,215,dk
21410,79,50.94339,21.691039,,4214,2522,404,dk
21411,79,50.872571,21.660772,,5708,4003,462,dk
21412,79,50.803719,21.67155,,5059,3626,559,dk
21418,79,50.639578,21.63889,,5765,4466,636,dk
21422,79,50.581397,21.571135,,5496,4264,562,dk
21111,79,50.534914,21.493759,,6001,4282,707,dk
21107,79,50.476164,21.360627,,4209,2857,452,dk
21110,79,50.434011,21.282528,,13844,11647,994,dk
21106,79,50.414137,21.134691,,3799,2468,454,dk
21105,79,50.337766,20.8721,,2990,1959,471,dk
21113,79,50.299883,20.806294,,6457,4511,691,dk
21104,79,50.226436,20.691277,,4475,3185,540,dk
20316,79,50.165009,20.574092,,4732,3395,493,dk
20315,79,50.118407,20.344221,,7648,5650,954,dk
20314,79,50.0833,20.206716,,15217,11774,1929,dk
20411,79,50.108843,19.823978,,14759,12909,1104,dk
20429,79,50.110216,19.815094,,18756,15843,1282,dk
20410,79,50.132256,19.646408,,16859,14377,1201,dk
20430,79,50.132896,19.634204,,14239,11954,1044,dk
20409,79,50.135067,19.574188,,9431,8028,734,dk
20408,79,50.151109,19.439635,,18756,15782,1397,dk
20407,79,50.144584,19.418478,,10959,9803,604,dk
20242,79,50.144029,19.40326,,7495,6885,313,dk
20406,79,50.147751,19.380107,,5589,5018,386,dk
20436,79,50.150221,19.35106,,7081,5958,558,dk
71003,80,53.154609,17.896468,,15993,13150,1574,dk
71207,80,53.146092,18.169579,,21568,18842,1801,dk
71208,80,53.098751,18.306044,,11245,9707,932,dk
71209,80,53.041837,18.47367,,13670,12157,1014,dk
71210,80,53.037861,18.729635000000002,,23777,20514,1776,dk
40620,81,50.185617,18.916681,,34231,30903,2022,dk
40798,81,50.173511,18.874439,,27491,24094,1931,dk
40607,81,50.1689935,18.857321,,31304,27580,2144,dk
40608,81,50.156007,18.849101,,25704,22260,2062,dk
40609,81,50.087759,18.757539,,15979,13721,1294,dk
40610,81,49.9969215,18.711484,,26950,21503,2092,dk
40611,81,49.95364,18.720992,,25817,19766,2291,dk
40513,81,49.918814,18.734908,,23868,19316,1987,dk
40527,81,49.852127,18.760846,,22796,18472,1878,dk
40515,81,49.789096,18.802304,,30516,25534,2467,dk
80507,82,51.279185,22.660643,,24654,21795,1557,dk
80519,82,51.288315,22.694685,,19548,17241,1152,dk
80508,82,51.298914,22.791827,,10225,8877,443,dk
80515,82,51.307543,22.867035,,12709,11165,599,dk
80509,82,51.300437,22.884928,,10451,9165,466,dk
80510,82,51.303784,22.947472,,9634,8631,341,dk
80511,82,51.289067,23.099158,,4195,3549,257,dk
80516,82,51.302275,23.119002,,6154,5338,397,dk
80512,82,51.387724,23.191258,,6102,5356,378,dk
80513,82,51.542932,23.495271,,3384,2980,211,dk
80514,82,51.550252,23.542233,,5066,4515,316,dk
90618,83,51.990841,18.507354,,7284,6296,563,dk
90619,83,51.917541,18.612694,,4288,3522,361,dk
91714,83,51.723028,18.625932,,4064,3083,391,dk
91884,83,51.707832,18.62513,,7303,5883,570,dk
91721,83,51.628482,18.684059,,5440,4622,297,dk
91885,83,51.595665,18.73131,,15523,13520,947,dk
91886,83,51.602698,18.810592,,11519,9315,786,dk
91870,83,51.602744,18.811978,,4686,3395,435,dk
81217,84,49.525962,22.243579,,15796,14104,951,dk
81206,84,49.489119,22.321677,,10241,9056,645,dk
81207,84,49.466603,22.333303,,9640,8582,585,dk
81208,84,49.464655,22.395475,,7845,6921,496,dk
81209,84,49.461007,22.474275,,4158,3582,310,dk
81211,84,49.431657,22.601627,,8581,7830,472,dk
81210,84,49.474478,22.662676,,2418,2088,141,dk
81216,84,49.478275,22.674239,,830,646,136,dk
10201,85,52.43397,20.696054,,27008,23546,1752,dk
10220,85,52.430509,20.696428,,21537,18462,1608,dk
10211,85,52.421325,20.687144,,20224,17317,1603,dk
10221,85,52.418099,20.688427,,15655,13198,1382,dk
40702,86,50.4135585,19.2052495,,21787,17278,1795,dk
40720,86,50.355643,19.119041,,30647,25380,2099,dk
40721,86,50.303425,19.118684,,47893,40175,3367,dk
40774,S86,50.29614,19.118079,,78992,67930,5317,dk
40703,S86,50.28355,19.095792,,93698,80892,6116,dk
20701,87,49.568194,20.658027,,23315,20549,1834,dk
20702,87,49.566063,20.65668,,13333,11666,1056,dk
20703,87,49.499599,20.673105,,9505,8217,851,dk
20704,87,49.467951,20.696484,,7045,6031,652,dk
20810,87a,49.42161,20.725291,,5416,4593,508,dk
20811,87a,49.419025,20.725882,,1942,1621,210,dk
41305,88,50.457186,18.346751,,5938,3990,466,dk
40330,88,50.343383,18.55265,,12438,8258,1264,dk
70625,90,53.75975,18.823187,,6761,5479,597,dk
70631,91,54.271287,18.638034,,22799,19942,1487,dk
70632,91,54.25143,18.633034,,20862,18444,1121,dk
70644,91,54.24216,18.630507,,17367,14800,1278,dk
70670,91,54.230516,18.63524,,19819,16778,1730,dk
70633,91,54.14026,18.719445,,11240,9306,765,dk
70634,91,54.096486,18.779176,,11608,9991,858,dk
70645,91,54.080505,18.775943,,18049,15679,1264,dk
70635,91,54.053682,18.762145,,17452,14786,1500,dk
70669,91,54.038775,18.760201,,10458,8908,740,dk
70636,91,54.001809,18.76583,,7383,6075,660,dk
70637,91,53.881619,18.80777,,6729,5111,523,dk
70646,91,53.846335,18.811617,,8564,6958,791,dk
70647,91,53.835155,18.818386,,6876,5521,627,dk
70638,91,53.798232,18.778036,,6573,5220,629,dk
70639,91,53.748476,18.753603,,6211,4766,613,dk
70640,91,53.73006,18.734288,,4181,3152,474,dk
71118,91,53.589964,18.636693,,4784,3571,552,dk
71119,91,53.55483,18.654051,,6582,5002,764,dk
71120,"91
S5",53.485614,18.667988,kompleksowa,10602,7715,1283,dk
71507,91,53.363578,18.434244,,14066,10950,1357,dk
71105,91,53.343706,18.457058,,9626,6949,1061,dk
71417,91,53.341895,18.459246,,13641,10537,1313,dk
71106,91,53.322477,18.502393,,11968,9227,1133,dk
71201,91,53.28956,18.513782,,7855,5793,947,dk
71202,91,53.166569,18.584941,,7260,5528,748,dk
71504,91,53.116489,18.625717,,12393,10206,1084,dk
71203,91,53.111379,18.62473,,13010,10569,1264,dk
71204,91,53.084657,18.61963,,17296,14883,1432,dk
71302,91,52.906548,18.721653,,12778,10629,1251,dk
71303,91,52.784749,18.855765,,4882,3917,497,dk
71304,"91
91e",52.546847,19.139641,,9961,8267,886,dk
71312,91e,52.534892,19.13689,,6490,5162,622,dk
71415,"91e
91",52.522719,19.140762,,6539,5084,604,dk
71305,91,52.478732,19.154792,,5959,4164,542,dk
71306,91,52.369434,19.157635,,3199,1936,310,dk
91892,91d,52.260834,19.154999,,6219,3592,574,dk
91119,91d,52.243701,19.167881,,2762,1761,215,dk
91103,91,52.078073,19.191632,,5722,4384,385,dk
91887,91,52.066808,19.196503,,14802,12525,862,dk
91104,91,52.045844,19.21084,,13426,11394,845,dk
91105,91,52.043345,19.212383,,8801,7217,682,dk
91106,91,51.978357,19.275849,,8762,7014,795,dk
91818,91,51.948687,19.318745,,14748,12538,847,dk
91213,91y,51.914511,19.362642,,9125,6893,616,dk
91506,91c,51.350928,19.694224,,8751,7783,602,dk
91515,91c,51.208324,19.502501,,3133,2487,347,dk
91507,91c,51.149757,19.489037,,6188,5104,587,dk
91517,91c,51.076201,19.448614,,12035,10511,982,dk
91518,91c,51.057878,19.441017,,11471,9688,1110,dk
91508,91c,51.043178,19.437805,,3965,3326,399,dk
40208,91c,50.919467,19.347629,,8357,7204,750,dk
40209,91c,50.878672,19.246997,,8616,7248,758,dk
40210,91c,50.854586,19.204284,,10724,9539,726,dk
40203,91i,50.717361,19.15344,,17072,13693,1461,dk
40204,91i,50.703044,19.143051,,10263,7523,987,dk
40205,91i,50.544476,19.180698,,8295,5468,883,dk
40714,91i,50.464248,19.230749,,12850,9682,1188,dk
40701,91i,50.428821,19.214658,,25777,20169,2231,dk
31601,92b,52.327318,15.006684,,5723,2358,753,dk
31602,92b,52.307892,15.167498,,5587,2505,713,dk
31611,92b,52.265972,15.391876,,8684,5205,680,dk
31603,92b,52.25506,15.443238,,9840,6107,1086,dk
31519,92b,52.262295,15.531176,,10586,6910,1071,dk
31604,92b,52.26153,15.535564,,9528,6039,1156,dk
31605,92b,52.272049,15.607811,,7622,4996,788,dk
31606,92b,52.343213,15.756342,,4194,1958,626,dk
90835,"92b
92",52.372448,15.909036,,5461,2857,741,dk
90801,92,52.38001,15.992314,,5968,3230,780,dk
90805,92,52.459006,16.197074,,8170,4909,874,dk
90804,92,52.501005,16.294321,,17220,11450,1823,dk
90803,92,52.491331,16.468181,,14789,9405,1669,dk
90832,92,52.457198,16.642554,,24101,17499,2242,dk
90822,92,52.450054,16.718321,,38430,29652,3002,dk
90833,92,52.441378,16.74694,,50821,44008,3635,dk
90834,92,52.433621,16.798675,,53045,47145,3185,dk
90308,92,52.403708,17.049711,,40456,35083,2333,dk
90319,92,52.407421,17.078336,,31543,26136,2041,dk
90307,92,52.398521,17.156337,,29752,24691,2341,dk
90320,92,52.400718,17.220841,,20604,15772,1760,dk
90306,92,52.382619,17.308352,,22649,15230,2191,dk
90345,92,52.328634,17.529347,,18212,11278,1760,dk
90343,92,52.306352,17.549572,,11290,8078,1303,dk
90321,92f,52.311234,17.552781,,17983,14004,1597,dk
90338,92,52.31292,17.558841,,14129,10447,1476,dk
90325,92,52.318766,17.585179,,15668,11758,1639,dk
90303,92,52.320038,17.747645,,10728,8200,1213,dk
90302,92,52.313786,17.804596,,13779,10597,1662,dk
90301,92,52.282715,17.889388,,11176,8272,1547,dk
90608,92,52.251533,17.967979,,10072,7742,1386,dk
90607,92,52.236278,18.183426,,13855,11991,1178,dk
90626,92,52.174373,18.420922,,7040,5580,662,dk
90628,92,52.175388,18.576156,,11157,8425,1047,dk
90629,92,52.179714,18.634063,,6229,3901,670,dk
90630,92,52.179735,18.635524,,10014,6858,1067,dk
90631,92,52.220028,18.722394,,8847,6595,825,dk
90633,92,52.25507,18.907945,,6127,4164,584,dk
90632,92,52.251633,18.928144,,5392,3417,578,dk
91121,92,52.253399,19.098134,,4514,2734,438,dk
91122,92a,52.263104,19.17968,,4903,3075,438,dk
91123,"92a
92",52.255758,19.185769,,6241,4533,364,dk
91869,92,52.22016,19.459685,,9872,7396,555,dk
91125,92,52.21831,19.478438,,9095,5637,538,dk
91126,92,52.155094,19.784767,,6841,3913,514,dk
91202,92,52.117755,19.959449,,8873,4795,764,dk
91928,92,52.126937,20.016342,,7604,4444,705,dk
10901,92,52.21721,20.200787,,10578,7132,968,dk
10930,92e,52.211499,20.218496,,18143,12155,2154,dk
10976,92e,52.209308,20.250066,,15455,10087,1511,dk
10931,92e,52.224031,20.261477,,10692,7706,906,dk
10903,92,52.207679,20.47623,,12807,9447,1180,dk
10977,92,52.198538,20.617941,,18346,13343,2084,dk
10978,92,52.207367,20.65454,,15147,10789,1747,dk
10904,92,52.212411,20.714111,,17492,12912,1996,dk
10979,92,52.210152,20.804056,,17193,14292,1413,dk
10905,92,52.21584,20.859003,,38664,29525,6273,dk
10964,"92
92c",52.21817,21.304531,,12834,11116,1044,dk
11662,"92c
92",52.204464,21.367958,,9989,8602,807,dk
10602,92,52.199615,21.454764,,10265,8937,795,dk
10603,92,52.187696,21.539625,,19189,17501,1010,dk
10605,92,52.186992,21.681226,,6153,5430,344,dk
10615,92,52.210316,21.827989,,6827,5248,607,dk
11668,92,52.209591,21.872944,,2991,2454,267,dk
10613,92,52.202942,21.963428,,2825,2234,228,dk
10614,92,52.18033,22.16269,,11442,9804,893,dk
11517,92,52.170838,22.221955,,4847,3936,486,dk
11657,92,52.14843,22.224174,,6390,5128,646,dk
11518,92,52.133221,22.2893,,15142,10694,1504,dk
11504,92,52.132497,22.295037,,14095,9611,1418,dk
11520,"92
2",52.107558,22.387983,,14016,10354,1067,dk
30626,94d,51.176731,15.031193,,10953,7258,1079,dk
30606,94d,51.196914,15.087253,,5540,3957,395,dk
30616,94d,51.214646,15.181745,,5313,3798,428,dk
30607,94d,51.223701,15.362694,,4744,3829,452,dk
30617,94d,51.259731,15.527447,,10800,9288,711,dk
30627,94d,51.264982,15.548169,,21496,18926,1425,dk
30620,94d,51.266839,15.553925,,9036,7502,715,dk
30621,94d,51.26861,15.576892,,11022,9225,952,dk
30610,94d,51.270073,15.76138,,6264,4802,561,dk
30320,94,51.276873,15.816177,,4760,3951,378,dk
30319,94,51.266651,15.930348,,4107,3248,309,dk
30514,94,51.243036,15.99783,,6737,5785,451,dk
30518,94,51.2102,16.129908,,14479,13274,754,dk
30515,94,51.243939,16.284165,,6673,5741,425,dk
30915,94,51.231635,16.423357,,8944,6970,653,dk
30918,94,51.205156,16.4733,,8258,6190,736,dk
30910,94,51.184401,16.519896,,9165,7296,571,dk
30932,94,51.159479,16.604188,,11710,9315,709,dk
30922,94,51.164471,16.632229,,14575,11857,968,dk
30909,94,51.158486,16.751823,,17707,14647,1138,dk
30720,94,51.048355,17.115901,,16721,15097,915,dk
30712,94,51.012092,17.173987,,13061,11013,1064,dk
30733,94,50.947138,17.291671,,21989,19699,1012,dk
30734,94,50.945037,17.29207,,10906,9543,513,dk
30714,94,50.920794,17.300914,,14796,12216,916,dk
30715,94,50.886539,17.367065,,7900,6325,436,dk
40902,94,50.847741,17.443692,,8204,6171,661,dk
40916,94,50.845548,17.457363,,13011,10903,846,dk
41317,94,50.839057,17.481723,,7829,6222,571,dk
41336,94,50.792662,17.55436,,7632,6196,612,dk
41318,94,50.792004,17.556553,,7679,5966,756,dk
40903,94,50.773086,17.620666,,4666,3611,381,dk
40904,94,50.719693,17.769107,,6241,4968,576,dk
41301,94,50.690094,17.801154,,24068,19177,2167,dk
41302,94,50.59683,18.089923,,12139,9924,952,dk
41025,94,50.579255,18.120756,,10467,8228,948,dk
41303,94,50.569949,18.158579,,9036,6944,950,dk
41056,94,50.509536,18.303511,,16249,13368,1155,dk
41304,94,50.506442,18.315887,,10577,8052,773,dk
41312,94,50.473486,18.462843,,3120,2329,298,dk
40337,94,50.454529,18.521281,,7779,6328,606,dk
40315,94,50.402922,18.602306,,4996,4260,350,dk
40313,94,50.394546,18.624522,,10489,8061,1052,dk
40324,94,50.394581,18.71366,,4921,3566,643,dk
40800,94,50.371782,18.783054,,9985,8688,602,dk
40704,94b,50.318721,19.065399,,17149,14577,1245,dk
40621,94b,50.303448,19.371181,,27615,20502,3001,dk
40633,94b,50.303839,19.376092,,25179,18936,2559,dk
20402,"94b
94",50.306184,19.477696,,21749,16089,2349,dk
20403,94,50.28787,19.519714,,19941,14913,1900,dk
20404,94,50.282049,19.560373,,22241,17026,1837,dk
20515,94,50.272451,19.587143,,25812,20255,2164,dk
20508,94,50.268191,19.607247,,21966,17233,2156,dk
20423,94,50.224504,19.736001,,17466,14149,1060,dk
20301,94,50.136685,19.86536,,31424,26335,2452,dk
20516,94h,50.111131,19.8444475,kompleksowa,49647,40585,4954,dk
20614,94g,49.995226,20.037127,,48250,42707,3173,dk
20303,94g,49.994097,20.074453,,21422,18420,1697,dk
20304,94g,49.980954,20.254971,,5410,4346,620,dk
20305,94g,49.963923,20.343163,,12624,10490,1191,dk
20306,94g,49.959819,20.387458,,17798,14701,1643,dk
20924,94g,49.958067,20.427013,,7813,5711,889,dk
20307,94g,49.976191,20.455955,,7142,5218,738,dk
20901,94g,49.975379,20.520355,,10425,8422,692,dk
20904,94g,49.970055,20.595339,,14034,11446,1018,dk
20917,94g,49.963866,20.606981,,12330,9858,1004,dk
20905,94g,49.968068,20.6937,,11531,9419,1045,dk
20918,94i,49.962886,20.84596,,9114,6900,809,dk
20616,"94i
94g",49.972828,20.887347,,16658,13792,1464,dk
20906,94g,49.982427,20.913954,,18280,15446,1371,dk
20907,94g,49.992138,20.979861,,14540,11337,1379,dk
20908,94g,50.008051,21.049176,,11257,8452,1063,dk
81001,"94g
94
94j",50.012363,21.207813,,10024,6774,1022,dk
81002,"94j
94",49.99286,21.319873,,13366,11022,896,dk
81003,94,50.042058,21.429872,,14297,11651,1373,dk
81006,94,50.057737,21.462924,,14485,11665,1436,dk
81005,"94
94k",50.062501,21.514683,,10820,8911,988,dk
81011,94k,50.050355499999995,21.6031685,,6731,5072,708,dk
81617,94k,50.056444,21.630557,,6014,4734,542,dk
81012,"94k
94",50.05967,21.636536,,13815,11789,1082,dk
81007,94,50.063112,21.690921,,9921,8456,795,dk
81008,94,50.070367,21.757844,,12537,10673,1001,dk
81009,94,50.071733,21.895923,,14926,12916,1076,dk
81014,94,50.0650565,21.930008,,23604,20103,1817,dk
81601,94,50.04343,22.121323,,22372,20472,1179,dk
81401,94,50.062947,22.23247,,15587,13911,993,dk
81403,94,50.065036,22.240295,,12445,10833,885,dk
81404,94,50.073718,22.250761,,14898,13335,922,dk
81402,94,50.071489,22.328135,,8420,7414,591,dk
81410,94,50.060488,22.481606,,14407,13055,825,dk
81421,94,50.054625,22.511821,,8786,7746,671,dk
81411,94,50.041511,22.558145,,7165,6296,538,dk
81412,"94
94l",50.026452,22.630175,,13584,11371,1223,dk
81419,94l,50.033082,22.664156,,9801,8029,925,dk
81413,94l,50.024302,22.69391,,9778,7613,1068,dk
81422,94l,50.016983,22.699274,,9005,6997,937,dk
81414,94l,49.989785,22.744449,,6242,4872,650,dk
81501,94,49.984409,22.752612,,10323,8538,800,dk
81510,94,49.95904,22.801839,,4898,3846,480,dk
81423,94,49.941965,22.82399,,4428,3460,531,dk
81508,94,49.956834,22.847485,,6813,5794,553,dk
81515,94,49.965946,22.919813,,1585,1222,160,dk
81509,94,49.962476,23.087355,,1704,917,181,dk
71411,95,53.428807,18.700431,,7002,4778,796,dk
71412,"96a
96",53.093534,18.757383,,5144,3099,555,dk
81618,97,50.085528,22.061163,,33341,29305,2419,dk
32007,102,53.929184,14.451897,,6803,6163,409,dw
32001,102,53.968989,14.617932,,2619,2263,196,dw
32002,102,54.015177,14.731939,,5489,4777,443,dw
32003,102,54.042879,14.873086,,3722,3265,291,dw
32212,102,54.076196,14.992642,,7317,6622,451,dw
32008,102,54.080278,15.064687,,4553,4036,325,dw
32004,102,54.073853,15.116937,,3093,2687,296,dw
32228,102,54.063791,15.260643,,7484,6661,466,dw
32005,102,54.067194,15.268827,,5471,4720,413,dw
32175,102,54.063585,15.287963,,680,514,111,dw
32010,103,53.9532,14.839105,,2969,2460,265,dw
32011,103,53.989239,15.036236,,1298,1035,145,dw
32009,103,54.007024,15.107684,,4681,4098,362,dw
32012,103,54.033681,15.184668,,1177,978,134,dw
32013,105,53.948997,15.011267,,2101,1752,196,dw
32176,105,53.907277,15.18372,,3424,2975,278,dw
32033,105,53.916422,15.194962,,9558,8294,654,dw
32038,105,53.923605,15.181452,,8272,7544,436,dw
32047,105,53.935217,15.193795,,1882,1643,158,dw
32014,105,53.953902,15.298991,,3089,2628,260,dw
32015,105,53.939798,15.404953,,1392,1175,88,dw
32016,106,53.861773,14.911505,,1616,1357,98,dw
32019,106,53.823509,14.986573,,4458,3541,414,dw
32017,106,53.690224,15.075556,,1877,1479,175,dw
32177,106,53.667466,15.124775,,15609,13664,1067,dw
32018,106,53.61729,15.155691,,2806,2233,284,dw
32020,106,53.439984,15.068837,,3919,3015,387,dw
32021,106,53.382339,15.081675,,5289,4337,437,dw
32022,106,53.329759,15.039477,,13869,12242,794,dw
32024,106,53.21914,14.975067,,4318,3226,419,dw
32025,107,53.981042,14.796096,,10877,9783,742,dw
32027,107,53.938894,14.813895,,9233,8070,697,dw
32028,107,53.920862,14.806402,,7530,6677,515,dw
32029,108,53.824252,14.833115,,2180,1660,254,dw
32030,108,53.813934,15.252377,,2701,2059,266,dw
32208,108,53.804751,15.270451,,5511,4518,450,dw
32031,109,54.097586,15.265969,,4778,4205,378,dw
32023,109,54.05593,15.24772,,2340,2013,174,dw
32032,109,53.969384,15.232318,,4472,3807,441,dw
32026,109,53.909965,15.199654,,9614,8450,706,dw
32034,109,53.872764,15.21519,,6834,5794,631,dw
32058,109,53.816989,15.255406,,6999,5663,692,dw
32035,110,54.006944,15.09743,,3803,3263,352,dw
32036,110,53.974275,15.129477,,3631,3147,311,dw
32172,111,53.733095,14.661945,,1148,936,93,dw
32173,111,53.650786,14.649831,,1801,1496,135,dw
32174,111,53.5763,14.762302,,4417,3861,300,dw
32213,112,53.906606,15.435265,,1905,1185,223,dw
32201,112,53.962496,15.578907,,2851,2124,134,dw
32202,112,54.008684,15.797666,,3487,2378,326,dw
32203,112,54.045651,15.899676,,4016,2899,416,dw
32204,112,54.055897,15.922322,,3940,2802,448,dw
32205,112,54.107066,15.997494,,7834,6247,722,dw
32206,112,54.167596,16.097675,,11228,9129,1090,dw
32229,112,54.225541,16.292118,,6418,5781,377,dw
32207,112,54.231274,16.308368,,3333,2854,251,dw
32039,113,53.567441,14.869877,,3148,2320,267,dw
32040,113,53.538627,14.983948,,2545,2171,173,dw
32037,114,53.675089,14.379521,,741,623,59,dw
32041,114,53.651258,14.510452,,3453,3052,241,dw
32042,114,53.620718,14.50407,,4139,3644,299,dw
32043,114,53.590567,14.54416,,5102,4474,351,dw
32179,114,53.551178,14.565227,,9416,8198,710,dw
32044,114,53.547704,14.522472,,5819,5132,381,dw
32045,115,53.499763,14.479817,,13132,11805,681,dw
32046,115,53.548355,14.460392,,3718,3369,195,dw
30096,116,52.613152,16.335883,,1167,935,105,dw
32180,119,53.334176,14.771679,,7373,5843,530,dw
32181,119,53.305147,14.792794,,7568,5868,599,dw
32182,119,53.186133,14.83968,,6188,4833,377,dw
32183,119,53.140912,14.891955,,13146,10673,830,dw
32184,119,53.075979,14.900183,,6342,4574,444,dw
32185,119,52.955714,14.961426,,6328,4296,575,dw
32186,119,52.94274,14.952904,,2329,1143,189,dw
08205,119,52.843632,15.044649,,3272,1889,316,dw
32048,120,53.252515,14.486193,,3531,3320,168,dw
32223,120,53.25377,14.488527,,10346,9507,557,dw
32224,120,53.258071,14.503976,,4419,3996,272,dw
32049,120,53.256517,14.564243,,3831,3312,336,dw
32050,120,53.28831,14.720098,,1106,912,82,dw
32051,120,53.342104,14.866852,,3359,2834,264,dw
32052,121,53.166152,14.591461,,1833,1562,172,dw
32054,122,53.037026,14.326041,,1904,1612,100,dw
32055,122,53.09055,14.452623,,927,691,101,dw
32188,122,53.100683,14.65726,,4564,3805,400,dw
32053,122,53.11802,14.725429,,2993,2300,378,dw
32056,122,53.130083,14.828304,,2688,2093,320,dw
32057,122,53.170156,15.045723,,1691,1258,176,dw
32059,122,53.198017,15.207102,,2132,1690,194,dw
32214,124,52.842769,14.126675,,8428,7923,348,dw
32060,124,52.875641,14.199731,,3750,3260,331,dw
32061,124,52.914504,14.355484,,2710,2281,256,dw
32062,125,52.912786,14.202455,,875,773,75,dw
32063,125,52.874978,14.312339,,833,677,114,dw
32064,125,52.825521,14.462182,,525,332,34,dw
32065,126,52.819394,14.234723,,529,413,93,dw
32066,126,52.789125,14.475126,,2609,2328,187,dw
32067,126,52.802565,14.573936,,2044,1751,163,dw
32068,127,52.676763,14.571962,,465,384,43,dw
32069,127,52.732108,14.693371,,1866,1644,169,dw
08218,130,52.764979,14.949409,,2385,2035,177,dw
08003,130,52.774131,15.041326,,4237,3566,417,dw
08004,131,52.673342,15.002175,,3756,3109,321,dw
08005,132,52.606297,14.680816,,4115,3442,337,dw
08006,132,52.619075,14.703665,,5567,4717,574,dw
08163,132,52.657599,14.815359,,4780,3952,519,dw
08164,132,52.671535,14.906561,,4077,3342,423,dw
08007,132,52.676675,14.958954,,5509,4610,556,dw
08008,132,52.682815,15.052853,,7729,6550,736,dw
08009,134,52.496866,14.910696,,4011,2584,592,dw
08180,134,52.460583,14.885279,,3535,2132,552,dw
08181,134,52.444908,14.893715,,4004,2723,495,dw
08010,134,52.350316,14.833181,,4566,3949,361,dw
08012,134,52.275,14.751971,,868,717,78,dw
30090,135,52.810475,16.17496,,1010,930,47,dw
08014,136,52.520026,15.245221,,2538,2249,166,dw
08194,136,52.460983,15.214689,,2509,2240,152,dw
08015,137,52.364823,14.681962,,7377,5888,626,dw
08016,137,52.400096,14.759387,,4578,3324,529,dw
08017,137,52.420563,14.795569,,4482,3343,463,dw
08182,137,52.438022,14.88652,,3391,2300,424,dw
08018,137,52.465303,15.013408,,1977,1723,142,dw
08019,137,52.448625,15.100213,,3771,3282,238,dw
08020,137,52.44377,15.193414,,5092,4358,343,dw
08206,137,52.436024,15.249546,,2777,2328,216,dw
08021,137,52.440126,15.310108,,1429,1182,91,dw
08207,137,52.442085,15.563045,,7069,6534,298,dw
08023,137,52.444764,15.601453,,10117,9114,523,dw
08208,137,52.444941,15.63915,,5332,4575,368,dw
08025,137,52.412617,15.752423,,1404,997,152,dw
08026,138,52.50987,15.012242,,1153,947,105,dw
08027,138,52.421462,15.115151,,3593,3081,221,dw
08183,138,52.321709,15.085613,,5012,3521,456,dw
08028,138,52.244659,15.054352,,851,706,80,dw
08029,138,52.203612,15.018394,,572,440,57,dw
08031,138,51.984927,14.794739,,1031,934,56,dw
08209,138,51.954249,14.746752,,8145,7505,445,dw
08032,138,51.949045,14.72751,,5465,5169,232,dw
08033,139,52.443975,14.731166,,1127,918,95,dw
08034,139,52.351409,14.824212,,3135,2786,189,dw
08196,139,52.344476,14.799867,,1269,833,87,dw
08184,139,52.336845,14.827425,,2209,1621,166,dw
30099,140,52.753569,16.407703,,2438,2063,235,dw
32191,141,53.464607,14.929044,,1872,1544,183,dw
32073,141,53.481094,14.977826,,652,557,76,dw
32074,142,53.438554,14.888691,,6464,5165,626,dw
32072,142,53.428742,14.994473,,5160,4056,490,dw
32075,142,53.433249,15.126693,,4254,3392,369,dw
30100,143,52.702524,16.339758,,1163,1002,64,dw
32076,144,53.648133,15.222431,,3531,2867,280,dw
32077,144,53.647335,15.225361,,2190,1824,173,dw
32078,144,53.478277,15.334414,,1854,1510,183,dw
32079,146,53.56503,15.196441,,425,359,38,dw
32080,146,53.597772,15.385528,,723,624,70,dw
32081,147,53.686532,15.418401,,946,730,112,dw
32082,147,53.651394,15.59237,,2264,1941,172,dw
32083,148,53.715875,15.591554,,1893,1506,174,dw
32225,148,53.638897,15.622521,,5927,5154,381,dw
32226,148,53.638957,15.627774,,5786,4831,467,dw
32192,148,53.638896,15.629877,,3759,3101,277,dw
32085,148,53.604412,15.702709,,2255,1744,183,dw
30103,150,52.70058,16.21731,,1151,1006,66,dw
32086,151,53.750863,15.730232,,2169,1689,216,dw
32088,151,53.674336,15.658335,,1798,1414,165,dw
32193,151,53.626305,15.612556,,3955,3292,282,dw
32089,151,53.612543,15.612312,,3328,2771,277,dw
32194,151,53.542916,15.559633,,3546,2863,296,dw
32090,151,53.511943,15.573667,,1028,798,109,dw
32092,151,53.325813,15.573753,,898,695,120,dw
32093,151,53.201603,15.450642,,2315,2017,162,dw
32094,151,53.171687,15.418149,,11860,10495,790,dw
32195,151,53.16641,15.407004,,11264,10270,613,dw
32095,151,53.089184,15.296249,,2527,2095,242,dw
32096,151,53.021107,15.283062,,4526,3897,379,dw
32196,151,52.991219,15.209286,,4751,3894,442,dw
32098,151,52.98044,15.19251,,4712,3994,438,dw
08036,151,52.802174,15.218507,,5096,4345,389,dw
32100,152,53.775142,15.429801,,3316,2694,308,dw
32101,152,53.775306,15.754093,,2566,2245,117,dw
32108,152,53.772178,15.767839,,9625,8299,676,dw
32113,152,53.773203,15.77589,,9010,7726,564,dw
32102,152,53.7758,15.848698,,4494,3747,289,dw
30092,153,52.865396,16.489549,,1487,1286,125,dw
08037,154,52.856491,15.710361,,408,312,39,dw
32103,156,52.994998,15.051807,,3469,2740,307,dw
08039,156,52.926355,15.436909,,1473,1106,165,dw
08040,156,52.871614,15.534517,,5971,5321,366,dw
08041,156,52.837454,15.580136,,3757,3215,318,dw
08042,156,52.848854,15.633127,,1600,1313,180,dw
08045,157,52.838128,15.588825,,2094,1711,207,dw
08046,158,52.734259,15.417298,,3047,2738,207,dw
08047,158,52.725054,15.546977,,2948,2386,304,dw
08048,158,52.762107,15.695398,,2955,2386,341,dw
08049,158,52.817377,15.788876,,5471,4684,460,dw
08050,159,52.639893,15.452853,,2832,2349,248,dw
08051,159,52.602649,15.495737,,3509,2999,269,dw
08204,159,52.578208,15.56885,,2319,1913,183,dw
32105,160,53.244126,15.323934,,3364,2610,408,dw
32106,160,53.189477,15.3945,,4097,3391,395,dw
32199,160,53.16784,15.423955,,11935,10612,796,dw
32107,160,53.109602,15.620762,,1911,1558,146,dw
08052,160,52.986817,15.749878,,1880,1485,205,dw
08053,160,52.929883,15.751198,,1878,1393,207,dw
08197,160,52.824978,15.822541,,2543,2036,235,dw
30105,160,52.634214,15.860553,,2620,1852,369,dw
30106,160,52.594528,15.894687,,9390,7743,943,dw
30107,160,52.582015,15.89782,,6991,5587,744,dw
30108,160,52.53186,15.916755,,2488,1991,242,dw
08057,161,52.951698,15.828981,,675,581,41,dw
32209,162,54.128815,15.567878,,10128,8914,666,dw
32109,162,54.084628,15.627723,,5470,4692,389,dw
32110,162,54.002011,15.674341,,2958,2483,187,dw
32111,162,53.897751,15.704603,,3541,2800,315,dw
32112,162,53.811896,15.762087,,4304,3452,368,dw
32114,162,53.700152,15.79151,,2278,1960,125,dw
32210,163,54.172874,15.588763,,19989,18591,925,dw
32115,163,54.142461,15.692599,,4844,4310,338,dw
32117,163,54.030131,15.900578,,6436,5564,435,dw
32118,163,54.011419,15.964668,,10790,9533,598,dw
32119,163,53.978439,16.032358,,5116,4369,379,dw
32120,163,53.891731,16.067633,,2372,2010,111,dw
32121,163,53.770122,16.090931,,6251,5198,480,dw
32227,163,53.761437,16.096297,,6030,5258,355,dw
32122,163,53.614863,16.197968,,1886,1426,183,dw
32123,163,53.552376,16.239543,,4074,3169,422,dw
32124,163,53.334146,16.434045,,5087,4173,418,dw
08059,164,52.937958,15.873696,,147,119,12,dw
32215,165,54.175936,15.597308,,13033,11754,746,dw
32216,165,54.199781,15.734424,,5831,5085,442,dw
32217,165,54.209711,15.992294,,4270,3602,384,dw
32218,165,54.219433,16.080153,,14488,12979,934,dw
32219,165,54.123391,16.305413,,6551,5651,473,dw
32220,165,54.032713,16.462572,,3516,2775,280,dw
32127,167,54.099488,16.1651,,3077,2675,222,dw
32128,167,54.001383,16.171966,,2125,1755,221,dw
32129,167,53.86476,16.167972,,957,796,105,dw
32134,171,53.887304,16.508733,,1051,789,146,dw
32198,171,53.830894,16.438788,,1769,1438,152,dw
32136,171,53.60712,16.25815,,1677,1412,137,dw
32137,172,53.77069,16.151174,,3264,2622,342,dw
32138,172,53.755486,16.303126,,2059,1574,249,dw
32139,172,53.716658,16.42773,,2961,2456,271,dw
32140,173,53.693535,16.048908,,1511,1207,126,dw
32141,173,53.628474,15.931516,,1167,959,115,dw
32142,173,53.552464,15.823493,,3145,2610,281,dw
08061,174,52.853567,15.924414,,1856,1573,191,dw
30093,174,52.90956,16.052626,,2954,2450,259,dw
30094,174,52.909413,16.405544,,2014,1655,156,dw
32143,175,53.516821,15.786099,,3848,2952,284,dw
32144,175,53.368609,15.878882,,1818,1283,212,dw
32145,175,53.277482,15.877303,,1985,1606,168,dw
32147,175,53.191069,15.640336,,1813,1446,200,dw
32148,177,53.535126,16.231107,,2154,1696,231,dw
32149,177,53.218628,16.172241,,2297,1876,198,dw
32150,177,53.097351,16.122559,,1029,830,107,dw
30050,177,52.988161,16.209811,,1220,977,102,dw
30051,177,52.908753,16.184347,,5622,4779,436,dw
30052,177,52.896446,16.172318,,5829,5051,420,dw
32152,178,53.230341,16.44924,,3254,2629,291,dw
30053,178,53.11281,16.395916,,2435,1880,220,dw
30055,178,53.031453,16.470754,,11570,9996,878,dw
30057,178,52.977946,16.498322,,5421,4401,519,dw
30058,178,52.91131,16.550057,,9098,7511,797,dw
30300,178,52.906456,16.589396,,8143,6494,763,dw
30061,178,52.81945,16.724759,,4719,3864,424,dw
30063,178,52.754648,16.81966,,6576,5472,558,dw
30301,178,52.65445,16.815499,,7903,6413,730,dw
32154,179,53.186913,16.382327,,1293,899,154,dw
32155,179,53.185122,16.480591,,2329,1805,217,dw
30001,179,53.154938,16.686591,,12564,11072,795,dw
30002,179,53.151565,16.73167,,11551,10596,488,dw
30065,180,52.962519,16.246626,,1822,1502,155,dw
30066,180,52.987641,16.389367,,3286,2812,284,dw
30067,180,53.026064,16.420248,,4039,3378,444,dw
30331,180,53.041555,16.454958,,9591,8575,610,dw
30068,180,53.04239,16.469399,,9883,8794,587,dw
30070,180,53.097852,16.643203,,5641,4844,468,dw
30003,180,53.136602,16.739164,,7952,7020,491,dw
08198,181,52.823788,15.829364,,1891,1495,154,dw
30071,181,52.8246,15.948579,,2225,1776,201,dw
30072,181,52.861924,16.089859,,2912,2430,274,dw
30075,181,52.887996,16.186887,,2859,2243,333,dw
30077,181,52.884015,16.499214,,2753,2352,129,dw
30109,182,52.605405,15.911589,,7515,6451,776,dw
30110,182,52.623364,15.962454,,3519,3015,281,dw
30302,182,52.649218,16.083238,,7381,6504,550,dw
30111,182,52.666226,16.229899,,2710,2183,215,dw
30112,182,52.690761,16.332282,,4309,3683,332,dw
30903,182,52.707489,16.37938,,5554,4999,359,dw
30352,182,52.692849,16.405937,,2631,2064,170,dw
30113,182,52.722731,16.4246,,3687,2748,344,dw
30078,182,52.767058,16.49516,,3613,2620,437,dw
30080,182,52.845225,16.526298,,6715,5615,509,dw
30081,182,52.896611,16.553619,,11325,9923,595,dw
30083,182,52.938213,16.656362,,3722,2831,409,dw
30084,182,52.973502,16.660535,,3985,3247,383,dw
30085,183,52.952646,16.728408,,1566,1204,150,dw
30114,184,52.668109,16.396558,,3560,2883,260,dw
30115,184,52.645489,16.416081,,4283,3446,297,dw
30304,184,52.614779,16.565654,,5779,5107,395,dw
30117,184,52.610832,16.585687,,6809,5105,453,dw
30118,184,52.597555,16.590999,,12165,9863,752,dw
30119,184,52.512484,16.70207,,12477,10334,1104,dw
30121,185,52.710933,16.523333,,7203,5854,614,dw
30123,185,52.623274,16.562914,,13354,11533,1000,dw
30124,186,52.557677,16.086187,,2852,2278,221,dw
30126,186,52.627935,16.218038,,3233,2916,203,dw
30306,187,52.515206,16.260073,,8576,7100,648,dw
30127,187,52.561709,16.432281,,4666,3352,380,dw
30128,187,52.586088,16.534319,,5945,4452,441,dw
30307,187,52.60622,16.581289,,6596,5493,436,dw
30129,187,52.633577,16.716462,,5174,3779,521,dw
30130,187,52.642774,16.80702,,6251,4776,589,dw
30044,187,52.63655,16.946476,,5214,3968,567,dw
22201,188,53.650655,17.366068,,3426,2924,291,dw
30004,188,53.415291,17.148801,,3713,3059,398,dw
30005,188,53.362333,17.039196,,10191,9129,671,dw
30006,188,53.333464,17.009526,,7800,6680,683,dw
30353,188,53.218224,16.866926,,6092,5171,531,dw
30907,188,53.161054,16.755641,,9324,8309,458,dw
30008,189,53.394129,16.918941,,3345,2772,315,dw
30009,189,53.365586,17.028136,,4934,4245,374,dw
30354,189,53.35851,17.063191,,4281,3746,329,dw
30010,189,53.36516,17.18725,,2080,1770,101,dw
04181,189,53.374761,17.266319,,1542,1247,189,dw
04043,189,53.351991,17.47615,,4098,3542,354,dw
30011,190,53.214604,17.076031,,2071,1591,275,dw
30012,190,53.10783,17.125855,,6013,4984,695,dw
30013,190,52.989959,17.102495,,4612,3819,509,dw
30025,190,52.84991,17.203657,,5229,4480,370,dw
30026,190,52.80907,17.198643,,10898,10105,537,dw
30332,190,52.799954,17.211368,,7925,6880,690,dw
30027,190,52.744621,17.321624,,5820,4785,502,dw
30029,190,52.562781,17.526356,,6119,4900,563,dw
30030,190,52.538819,17.586097,,9977,8779,687,dw
30015,191,53.020937,16.984322,,3642,3176,297,dw
30016,191,53.047014,17.178239,,1428,1232,94,dw
08065,192,52.570853,15.735523,,695,591,50,dw
30017,193,52.9898,16.920539,,12773,11451,839,dw
30018,193,52.965691,17.031961,,5525,4630,493,dw
30019,193,52.95457,17.267019,,1840,1498,154,dw
30308,194,52.430296,17.011158,,13261,11339,897,dw
30309,194,52.468727,17.172275,,10576,9208,717,dw
30310,194,52.512266,17.458039,,8215,6918,629,dw
30333,194,52.526643,17.528017,,16075,13133,1239,dw
30321,194,52.533455,17.568714,,19608,15964,1729,dw
30334,194,52.536153,17.58549,,24819,20531,1894,dw
30322,194,52.544191,17.602091,,14905,11887,1025,dw
30335,194,52.561786,17.61409,,9604,8013,605,dw
30323,194,52.621057,17.610934,,1934,1659,112,dw
30035,196,52.468728,16.9802,,18599,15854,1333,dw
30336,196,52.553013,16.989903,,7855,6714,486,dw
30329,196,52.613921,17.094387,,8862,7317,657,dw
30037,196,52.674037,17.148128,,6744,5750,488,dw
30040,197,52.5769,17.356536,,2538,1964,208,dw
08066,199,52.63344,15.599124,,257,210,12,dw
32156,201,53.730585,16.824867,,3965,3144,434,dw
22203,201,53.661301,17.123813,,2125,1491,286,dw
22204,202,53.733271,17.039332,,2163,1655,244,dw
32157,203,54.259609,16.266866,,5544,4906,410,dw
32158,203,54.356136,16.334837,,3720,3289,267,dw
32200,203,54.414348,16.407152,,5494,4837,338,dw
32160,203,54.448119,16.467722,,4148,3561,308,dw
22501,203,54.502142,16.736807,,1366,1153,109,dw
22502,203,54.579636,16.856618,,13022,11677,702,dw
04182,204,53.076994,18.231087,,1078,971,61,dw
32162,205,54.426051,16.399689,,2603,2345,146,dw
32161,205,54.421737,16.507861,,2660,2358,182,dw
32221,205,54.357763,16.673918,,9359,8536,537,dw
32222,205,54.349314,16.68093,,4265,3661,326,dw
32163,205,54.324934,16.690179,,2321,1933,180,dw
32164,205,54.21601,16.701534,,1280,967,127,dw
32165,205,54.027501,16.721831,,1227,968,125,dw
32167,206,54.181154,16.381207,,2532,2139,227,dw
32169,206,54.119147,16.694865,,1887,1481,178,dw
22101,206,54.067753,16.887312,,2494,2256,150,dw
22102,206,53.999579,16.97619,,5230,4736,176,dw
04183,207,53.497535,18.737489,,2868,2511,243,dw
22503,208,54.248325,16.907426,,2611,2297,140,dw
22505,209,54.305382,16.875741,,1173,908,156,dw
22506,209,54.271736,16.987071,,1295,1037,126,dw
22103,209,54.273518,17.117076,,3221,2451,400,dw
22104,209,54.171403,17.468177,,5098,4224,486,dw
22509,210,54.442211,17.098923,,10863,9623,728,dw
22510,210,54.381051,17.157228,,5987,5252,463,dw
22864,210,54.326149,17.330743,,2350,1898,245,dw
22105,211,54.422129,17.380537,,2550,1968,286,dw
22401,211,54.326413,17.789478,,4721,3794,541,dw
22402,211,54.341897,17.96387,,7406,6077,827,dw
22403,211,54.344911,18.099912,,8890,7365,963,dw
22404,211,54.334345,18.1945,,18709,16371,1486,dw
22405,211,54.331927,18.200609,,13959,12139,1039,dw
22406,211,54.33033,18.207148,,16266,13900,1408,dw
22407,211,54.31777,18.286065,,14449,12344,1129,dw
22902,211,54.342228,18.362877,,24868,19955,2281,dw
22903,211,54.381203,18.361546,,14030,11210,1674,dw
22904,211,54.44746,18.427815,,5643,4543,578,dw
22106,212,54.396984,17.700102,,2293,1846,224,dw
22107,212,54.312579,17.484467,,2237,1725,252,dw
22108,212,54.196351,17.485668,,5558,4737,456,dw
22113,212,54.174219,17.488599,,18962,17261,751,dw
22109,212,54.158234,17.490876,,8061,6990,448,dw
22844,212,54.06106,17.427614,,3070,2242,321,dw
22110,212,53.97488,17.407007,,2759,1792,322,dw
22205,212,53.811589,17.40803,,4123,3022,435,dw
22206,212,53.713456,17.531538,,7759,6453,582,dw
22845,212,53.702612,17.535449,,6831,5954,478,dw
22846,212,53.689475,17.537361,,3198,2657,243,dw
22208,212,53.665611,17.529437,,5168,4205,358,dw
22511,213,54.502672,17.061323,,8433,7402,602,dw
22512,213,54.590076,17.21039,,2701,2244,256,dw
22513,213,54.633561,17.511424,,2554,2094,284,dw
22604,213,54.676533,17.668839,,1680,1387,156,dw
22605,213,54.737554,17.883419,,2491,1944,226,dw
22606,213,54.787229,18.083922,,4264,3608,336,dw
22607,213,54.719603,18.326886,,5582,4831,348,dw
22514,214,54.742695,17.556556,,7405,6480,545,dw
22901,214,54.624979,17.675105,,5528,4853,366,dw
22516,214,54.559195,17.729214,,11429,10130,680,dw
22847,214,54.541323,17.750319,,14001,12444,861,dw
22517,214,54.52874,17.764221,,14326,12706,806,dw
22518,214,54.506253,17.775394,,7807,6785,550,dw
22848,214,54.375782,17.863624,,6621,5703,482,dw
22408,214,54.347564,17.891283,,12917,11352,870,dw
22428,214,54.345945,17.887798,,9595,8203,784,dw
22409,214,54.258091,17.857819,,3361,2746,283,dw
22410,214,54.164859,17.968388,,7247,6083,614,dw
22411,214,54.073189,18.006935,,9304,7951,736,dw
22426,214,54.115161,17.97613,,8712,7852,504,dw
22701,214,53.945431,18.31178,,5269,4220,499,dw
22702,214,53.795074,18.487796,,3480,2849,392,dw
22703,214,53.790071,18.509689,,4026,3341,403,dw
22704,214,53.749509,18.478823,,2934,2382,288,dw
04094,214,53.595407,18.627254,,3560,2528,453,dw
22608,215,54.790625,18.403953,,9710,8803,452,dw
22609,215,54.829459,18.331563,,3751,3388,184,dw
22610,215,54.831602,18.256914,,3624,3218,216,dw
22611,215,54.811586,18.204525,,4421,3948,291,dw
22612,216,54.606522,18.347658,,24105,21356,1399,dw
22613,216,54.684186,18.370451,,20817,18469,1263,dw
22629,216,54.704856,18.389009,,17276,15353,1182,dw
22614,216,54.72119,18.392597,,21622,19372,1324,dw
22615,216,54.757901,18.395835,,16037,14430,932,dw
22616,216,54.77599,18.40494,,15229,13765,858,dw
22617,216,54.789432,18.413619,,12006,10938,614,dw
22618,216,54.776475,18.458869,,7860,7054,424,dw
22619,216,54.723534,18.614875,,5654,5012,428,dw
22620,216,54.687885,18.707377,,4942,4375,333,dw
04256,217,53.587313,18.633451,,2587,2284,150,dw
22412,218,54.443062,18.422958,,13035,11118,1245,dw
22849,218,54.587163,18.249188,,9334,8159,734,dw
22624,218,54.603978,18.234569,,12388,11050,767,dw
22850,218,54.614229,18.225134,,9457,8142,837,dw
22625,218,54.677384,18.198533,,7274,6296,579,dw
22626,218,54.778166,18.163284,,4911,4287,322,dw
22301,221,54.308927,18.560618,,25716,22743,1667,dw
22851,221,54.292831,18.530549,,14039,12436,931,dw
22316,221,54.285224,18.504978,,14097,12452,986,dw
22302,221,54.198486,18.327968,,3458,2927,277,dw
22413,221,54.122299,18.092174,,4247,3258,378,dw
22852,221,54.123167,17.985433,,6144,5047,660,dw
22427,221,54.123774,17.988373,,14930,12948,1076,dw
22303,222,54.284504,18.596699,,19521,17476,1131,dw
22317,222,54.273518,18.582731,,15744,13553,1013,dw
22853,222,54.23261,18.539033,,9990,8248,779,dw
22318,222,54.17571,18.528984,,11982,9789,962,dw
22707,222,54.047394,18.534174,,5617,4571,474,dw
22708,222,53.984118,18.530662,,9262,7996,580,dw
22709,222,53.963593,18.529842,,7389,6583,284,dw
22710,222,53.931064,18.570835,,12448,10565,919,dw
22711,222,53.84767,18.532839,,4840,4110,401,dw
04044,223,53.108112,17.944562,,28101,25677,1631,dw
04120,223,53.098757,17.915173,,21938,19952,1330,dw
22627,224,54.547775,18.227084,,6200,5378,454,dw
22863,224,54.487003,18.217789,,9686,8271,845,dw
22628,224,54.463536,18.140842,,2962,2420,312,dw
22429,224,54.415267,18.199843,,4366,3558,502,dw
22414,224,54.353995,18.227197,,11881,10091,1165,dw
22865,224,54.333649,18.208586,,6990,5836,532,dw
22416,224,54.322974,18.203916,,12033,10319,1132,dw
22417,224,54.26669,18.197661,,6583,5375,808,dw
22418,224,54.184891,18.169527,,3930,3041,431,dw
22419,224,54.071646,18.315851,,2481,1839,395,dw
22712,224,54.087406,18.518694,,6272,5158,648,dw
22737,224,54.094561,18.634803,,3411,2834,237,dw
22713,224,54.096811,18.729421,,11185,9792,744,dw
22714,224,54.092519,18.763087,,14267,12885,652,dw
22420,226,54.127674,18.261967,,1384,1134,179,dw
22304,226,54.208962,18.499759,,6205,5139,588,dw
22305,226,54.223704,18.582919,,10543,8796,793,dw
22319,226,54.24002,18.613516,,11640,8695,1391,dw
22306,226,54.261546,18.640787,,17633,16264,642,dw
22320,226,54.265315,18.667273,,7687,6838,482,dw
22321,226,54.296444,18.720517,,10052,8744,836,dw
22314,226,54.320148,18.747314,,12257,9812,853,dw
22307,227,54.244429,18.754924,,3775,3193,322,dw
22308,227,54.242122,18.816227,,2900,2394,272,dw
22111,228,54.183866,17.505815,,7991,7231,447,dw
22112,228,54.212338,17.721331,,1460,1137,188,dw
22421,228,54.232302,17.847479,,2732,2232,257,dw
22422,228,54.255636,17.971642,,4689,3778,489,dw
22423,228,54.290349,18.118937,,6578,5554,522,dw
22424,228,54.327943,18.194353,,10732,9380,812,dw
22716,229,53.927235,18.607816,,7517,6213,594,dw
22738,229,53.92671,18.672152,,7906,6618,702,dw
22739,229,53.934706,18.696708,,4503,3618,385,dw
22740,229,53.934621,18.706358,,4504,3658,379,dw
22717,229,53.927059,18.73905,,6059,5001,564,dw
22719,230,53.964357,18.710234,,1267,1036,114,dw
22723,230,53.925083,18.714558,,3141,2515,286,dw
22720,230,53.880119,18.76227,,667,556,71,dw
22721,231,53.768294,18.578069,,2452,2048,187,dw
22722,231,53.741853,18.647767,,4292,3459,330,dw
22724,233,54.20155,18.415232,,3743,3156,398,dw
22725,234,53.816816,18.570882,,954,793,89,dw
22726,234,53.830667,18.772403,,1198,953,145,dw
22425,235,54.088548,17.801677,,5471,4347,445,dw
22210,235,53.725775,17.606906,,6940,5818,424,dw
22211,235,53.701105,17.573703,,8503,6984,480,dw
22212,236,53.838772,17.456147,,1569,1336,123,dw
22213,237,53.78212,17.973722,,3366,2755,402,dw
04046,237,53.713395,17.941657,,2446,1948,291,dw
04184,237,53.596603,17.855208,,4528,3929,342,dw
04945,237,53.580566,17.86925,,7437,6410,542,dw
04047,237,53.489844,17.810277,,5438,4497,504,dw
04213,238,53.174474,17.943033,,12172,10864,850,dw
04217,239,53.209109,18.105237,,16375,14400,1195,dw
04218,239,53.174613,18.05522,,23983,21786,1177,dw
04219,239,53.08328,18.006203,,27367,24479,1601,dw
22214,240,53.693763,17.600569,,10311,8865,662,dw
22215,240,53.686887,17.628931,,9780,7713,821,dw
04049,240,53.627487,17.758463,,7695,5780,694,dw
04048,240,53.593191,17.86091,,12788,10201,1122,dw
04185,240,53.578215,17.877774,,11818,9678,987,dw
04050,240,53.507295,17.992688,,7908,6021,690,dw
04186,240,53.48466,18.127968,,5866,4178,567,dw
04097,240,53.409288,18.377804,,10324,7872,955,dw
04237,241,53.585644,17.852562,,5368,4725,365,dw
04122,241,53.51256,17.669394,,1165,961,68,dw
04051,241,53.456938,17.540561,,9057,7950,717,dw
04123,241,53.3918,17.523557,,3866,3148,351,dw
04238,241,53.354983,17.489085,,8367,7607,547,dw
04052,241,53.345901,17.482544,,6792,5740,507,dw
04220,241,53.255961,17.612625,,2571,1884,273,dw
04055,241,53.209333,17.588268,,3876,2976,309,dw
04953,241,53.146078,17.613837,,6241,4907,439,dw
04239,241,53.136337,17.611621,,6530,5067,446,dw
04056,241,53.122832,17.602103,,11586,9582,818,dw
04109,241,53.038301,17.545171,,2284,1924,166,dw
04054,241,52.992885,17.492944,,7699,6345,576,dw
04057,241,52.968841,17.443253,,2868,2044,330,dw
30931,241,52.825235,17.234054,,10044,8582,689,dw
30034,241,52.806465,17.229009,,13028,11366,786,dw
30337,241,52.791879,17.19958,,8100,6532,626,dw
30032,241,52.768511,17.082135,,5687,4378,514,dw
30033,241,52.756628,16.97802,,3780,3290,236,dw
30024,242,53.253264,17.247096,,5077,4098,621,dw
30020,242,53.141515,17.278219,,3077,2794,154,dw
30021,242,52.985969,17.288192,,1215,1000,103,dw
30022,242,52.920158,17.343324,,1674,1263,146,dw
04125,243,53.259119,17.695364,,2336,1921,220,dw
04159,243,53.297733,17.78851,,1192,1015,86,dw
04118,244,53.239103,17.899304,,2551,2193,217,dw
04160,244,53.224095,17.960449,,4559,3992,345,dw
04221,244,53.227682,17.977646,,3530,3157,199,dw
04099,244,53.216648,18.044445,,6511,5734,546,dw
04161,244,53.215857,18.056012,,7061,6365,444,dw
04215,244,53.218298,18.075618,,1924,1659,137,dw
04119,244,53.212339,18.154711,,3615,3187,272,dw
04126,245,53.343004,18.32724,,423,345,36,dw
04127,245,53.360616,18.434358,,3747,3294,354,dw
04059,246,53.074474,17.703485,,4177,3172,385,dw
04061,246,53.0108,17.738026,,6048,4947,421,dw
04060,246,52.997037,17.841475,,1730,1146,196,dw
04001,246,52.951888,17.9923,,1632,1264,136,dw
04241,246,52.918006,18.14181,,1824,1428,238,dw
04128,246,52.902532,18.274417,,3300,2768,327,dw
04002,246,52.857686,18.481816,,1022,895,75,dw
04062,247,52.989053,17.604315,,5288,4188,505,dw
04187,247,52.989759,17.729976,,5453,4281,429,dw
04222,247,52.967454,17.723261,,2055,1691,148,dw
04223,247,52.875067,17.699076,,1740,1447,133,dw
04224,247S,52.991924,17.738435,,3304,2266,355,dw
04188,248,53.299956,18.274172,,618,523,52,dw
04225,249,53.107276,18.220233,,215,175,16,dw
04129,249,53.067309,18.217475,,4018,3483,396,dw
04130,250,52.857033,18.642552,,701,606,52,dw
30043,251,52.840271,17.497698,,3315,2675,263,dw
04003,251,52.85112,17.672114,,3032,2326,251,dw
04211,251,52.863719,17.709173,,6336,4842,450,dw
04008,251,52.848429,17.736488,,12463,10555,866,dw
04242,251,52.865472,17.790726,,4416,3512,339,dw
04005,251,52.877298,17.885794,,1740,1530,122,dw
04006,251,52.824272,18.045555,,6130,4550,405,dw
04909,251,52.809272,18.085113,,6628,4827,465,dw
04007,251,52.800783,18.206279,,7617,6077,410,dw
04210,251,52.823744,18.225811,,8792,7548,583,dw
04010,252,52.750372,18.469615,,3999,3007,291,dw
04226,252,52.779794,18.566833,,3849,2705,369,dw
04082,252,52.733968,18.682426,,3420,2349,361,dw
04243,252,52.691681,18.840269,,3749,2741,311,dw
04131,252,52.692838,18.961774,,4082,3136,333,dw
04132,253,52.915033,17.866173,,2695,2259,241,dw
04227,254,53.029801,18.01708,,8944,7547,530,dw
04244,254,52.97028,17.939804,,6154,4929,409,dw
04012,254,52.902578,17.95567,,4894,3435,396,dw
04013,254,52.825156,17.925058,,2617,2142,187,dw
04245,254,52.662979,17.958913,,5143,4668,254,dw
04015,254,52.651034,17.954199,,7651,6975,317,dw
04014,254,52.626132,17.952991,,1552,1263,89,dw
04018,255,52.806409,18.09104,,5412,4674,349,dw
04016,255,52.759474,18.083981,,912,702,78,dw
04017,255,52.663701,18.105061,,1519,1239,135,dw
04246,256,53.246658,18.203791,,1874,1628,134,dw
04098,256,53.203808,18.176791,,2049,1734,144,dw
04023,258,52.942414,18.732755,,6373,5927,316,dw
04162,258,52.969399,18.875876,,3483,3167,197,dw
30338,260,52.503169,17.627464,,4181,3442,369,dw
30048,260,52.469105,17.687503,,9412,8338,603,dw
30049,260,52.382736,17.772298,,4403,3580,444,dw
04019,262,52.599561,18.035887,,4361,3874,222,dw
04100,262,52.572175,18.030395,,1647,1379,127,dw
30136,262,52.402714,18.044148,,1831,1523,162,dw
30137,263,52.287686,17.904587,,5754,4916,455,dw
30138,263,52.363283,18.118262,,2354,1804,220,dw
30139,263,52.374484,18.270419,,3156,2609,275,dw
30140,263,52.37704,18.34939,,1746,1529,138,dw
30339,263,52.386299,18.489536,,3054,2583,216,dw
30340,263,52.38617,18.523824,,2798,2212,223,dw
30264,263,52.363589,18.588521,,3258,2515,378,dw
30266,263,52.296885,18.809495,,1406,1090,161,dw
30267,263,52.248352,18.910714,,5510,5021,258,dw
30268,263,52.227492,18.901065,,2835,2510,178,dw
30294,264,52.368963,18.185385,,4730,4061,352,dw
30141,264,52.339694,18.189817,,6001,5127,458,dw
30142,264,52.277071,18.219074,,8276,7229,584,dw
04228,265,52.579243,18.973565,,3599,3064,253,dw
04083,265,52.545594,19.091847,,2114,1820,172,dw
04084,265,52.490678,19.238847,,3762,3069,385,dw
14296,265,52.432294,19.45415,,6944,5765,633,dw
04133,266,52.872287,18.758508,,13588,12417,752,dw
04085,266,52.86832,18.746163,,13918,12113,1076,dw
04189,266,52.867591,18.708755,,9061,7933,584,dw
04113,266,52.787662,18.64749,,2334,1912,189,dw
04021,266,52.669046,18.562127,,3435,2956,242,dw
04022,266,52.593304,18.522986,,4478,3885,348,dw
30269,266,52.442193,18.507605,,4471,3744,345,dw
30270,266,52.285673,18.42404,,4796,4052,423,dw
30271,266,52.230932,18.378979,,6844,5911,585,dw
04934,267,52.63575,18.717499,,2391,2104,144,dw
04164,267,52.612517,18.714946,,3060,2511,302,dw
04135,267,52.550379,18.509725,,3001,2553,246,dw
04136,268,52.683762,18.8897,,1409,1159,75,dw
04165,268,52.643029,18.931005,,2481,2255,105,dw
30272,269,52.392856,18.662259,,1830,1539,166,dw
04166,269,52.384358,18.877825,,1227,1036,114,dw
30273,269,52.356581,18.912348,,1660,1372,198,dw
04138,269,52.444652,19.013294,,2416,2070,160,dw
04167,269,52.508415,19.090397,,2353,2016,195,dw
04247,269,52.529728,19.147807,,3260,2863,214,dw
04086,270,52.606514,18.901392,,11576,9546,828,dw
04248,270,52.551209,18.82516,,2109,1444,194,dw
04087,270,52.490347,18.803298,,3085,2273,357,dw
04088,270,52.373579,18.734269,,2536,1923,259,dw
30275,270,52.261426,18.678723,,5917,4971,390,dw
30276,270,52.206319,18.640941,,6255,5296,352,dw
04214,272,53.417244,18.459328,,2707,2335,136,dw
04096,272,53.481923,18.446597,,4028,3591,232,dw
04139,272,53.509363,18.481212,,1469,1248,133,dw
04169,272,53.503892,18.638543,,3946,3394,194,dw
04025,273,52.99021,18.547104,,6488,5850,437,dw
04190,275,52.805866,18.246197,,1037,938,79,dw
08067,276,52.078729,15.203351,,2737,2131,218,dw
08068,276,52.08629,15.277078,,1982,1499,149,dw
08069,276,52.176394,15.497264,,2755,2291,183,dw
08210,276,52.23403,15.531185,,5071,4126,297,dw
08070,277,52.105073,15.555767,,3525,3028,274,dw
08071,278,52.065505,15.308253,,491,398,52,dw
08072,278,52.054371,15.466153,,1142,1006,83,dw
08073,278,52.081685,15.578159,,1952,1719,128,dw
08185,278,52.085857,15.613479,,4253,3875,259,dw
08074,278,52.084013,15.623755,,7678,7131,343,dw
08075,278,52.037941,15.699865,,3106,2688,228,dw
08076,278,51.958954,15.807086,,2451,1996,245,dw
08077,278,51.948049,15.843948,,3583,2770,451,dw
08078,278,51.888402,16.03724,,4562,3751,424,dw
08167,278,51.878138,16.081151,,4376,3520,407,dw
08079,278,51.872068,16.081684,,5641,4849,484,dw
08080,278,51.851258,16.15529,,2392,2043,259,dw
08081,278,51.803504,16.305369,,6445,5563,459,dw
08085,279,51.887048,15.404421,,917,792,77,dw
08086,279,51.915394,15.360854,,479,384,58,dw
08087,279,52.020837,15.372984,,2529,2272,136,dw
08088,279,52.013343,15.438509,,1860,1742,86,dw
08089,280,51.979234,15.429329,,7249,6517,425,dw
08169,280,52.016229,15.417074,,556,482,28,dw
08170,281,52.022713,15.468092,,349,309,10,dw
08171,282,51.917239,15.43559,,5803,5447,202,dw
08091,282,51.936029,15.662173,,4839,4058,420,dw
08211,282,51.958226,15.71989,,2987,2413,349,dw
08093,283,51.829629,15.556516,,2361,1985,200,dw
08094,283,51.75238,15.591392,,2977,2503,309,dw
08219,283,51.730445,15.679007,,1636,1222,201,dw
04191,284,52.909046,18.141138,,856,775,52,dw
08096,285,51.912615,14.713604,,4603,3975,288,dw
08098,286,51.944792,14.725952,,7468,6793,442,dw
08099,286,51.923789,14.740487,,3005,2686,210,dw
08100,286,51.858144,14.815549,,3062,2581,285,dw
08101,286,51.824026,14.827681,,2281,1904,197,dw
08174,287,51.948919,15.102685,,823,470,45,dw
08103,287,51.909663,15.051537,,1124,929,97,dw
08212,287,51.778726,14.986026,,9074,8186,527,dw
08105,287,51.767352,14.998473,,7970,7072,550,dw
08106,287,51.659795,15.116068,,5956,5149,475,dw
08175,288,52.007246,15.153818,,1534,1224,108,dw
08107,288,51.846371,15.26142,,1065,923,98,dw
08108,289,51.763635,14.657034,,4764,4570,161,dw
08109,289,51.787549,14.788332,,2665,2261,291,dw
08110,289,51.783938,14.906195,,4229,3525,455,dw
08176,289,51.791235,14.940462,,2244,1856,213,dw
08177,289,51.800727,14.974017,,1597,1310,178,dw
08112,289,51.797022,15.206752,,3449,2765,399,dw
08113,290,51.818487,15.389296,,1309,1096,103,dw
04192,291,52.906374,18.718876,,426,391,10,dw
08213,292,51.783694,15.704974,,7032,6010,456,dw
08220,292,51.742538,15.739969,,2725,2258,212,dw
08178,292,51.734225,15.783694,,3755,3061,397,dw
02003,292,51.690289,15.920189,,2636,2146,285,dw
02290,292,51.661835,16.045539,,5481,4081,369,dw
02291,292,51.646598,16.096747,,11745,11044,409,dw
02292,292,51.658144,16.105916,,9962,8955,526,dw
02007,292,51.626776,16.159931,,4718,4122,316,dw
02008,292,51.55935,16.322473,,1024,774,93,dw
02309,292,51.55141,16.436211,,943,839,58,dw
02414,292,51.473388,16.437636,,481,398,32,dw
02319,292,51.414633,16.415197,,3626,3197,294,dw
02311,292,51.354113,16.420803,,1368,1036,196,dw
04229,293,53.128014,17.88953,,10415,9288,770,dw
08120,294,51.673121,14.831702,,1800,1453,183,dw
08121,295,51.727848,15.276053,,2509,1930,263,dw
08122,296,51.705519,15.55142,,2816,2171,304,dw
08123,296,51.617125,15.319563,,10311,9256,628,dw
08214,296,51.60514,15.298713,,7008,5936,475,dw
08124,296,51.572105,15.270651,,5092,4132,468,dw
08125,296,51.516723,15.214299,,5931,4648,520,dw
02012,296,51.406393,15.18332,,2157,1538,221,dw
02013,296,51.38471,15.174927,,2386,1717,245,dw
02294,296,51.289107,15.204381,,3461,2667,235,dw
02339,296,51.216394,15.235725,,6062,4207,510,dw
02015,296,51.166442,15.265097,,5111,4249,405,dw
08127,297,51.792667,15.665504,,10888,8915,876,dw
08128,297,51.73161,15.59974,,4465,3305,393,dw
08130,297,51.468073,15.614089,,3815,2104,371,dw
02296,297,51.33398,15.580563,,4703,3198,411,dw
02017,297,51.298141,15.570599,,6946,5490,575,dw
02018,297,51.273907,15.569863,,10113,8521,728,dw
02340,297,51.259872,15.599989,,6383,5523,471,dw
02341,297,51.24345,15.572979,,4511,3973,303,dw
02415,297,51.190756,15.566535,,4838,4274,321,dw
02436,297,51.110996,15.590294,,6331,5581,423,dw
02021,297,51.106935,15.592626,,7474,6652,455,dw
02022,297,51.05709,15.595336,,3600,3045,291,dw
04193,299,52.886324,18.396327,,1093,830,129,dw
08131,300,51.499169,15.188123,,3241,2824,198,dw
04140,301,52.746911,18.885373,,1124,976,70,dw
04141,301,52.631295,18.729169,,2082,1867,111,dw
08215,302,52.213092,15.848976,,2608,2017,202,dw
30203,302,52.255511,15.880495,,5785,4966,396,dw
30311,302,52.255927,15.933846,,6680,5564,571,dw
30204,302,52.303737,16.088434,,6502,5388,485,dw
08135,303,52.166383,15.810053,,1682,1238,166,dw
08189,303,52.1575,15.834844,,3682,2674,417,dw
08190,303,52.162725,15.845711,,4260,3031,459,dw
30206,303,52.170566,15.8888,,4604,3602,511,dw
08137,304,52.142964,15.775756,,3795,3108,308,dw
30207,305,52.376542,16.094037,,8842,6223,799,dw
30208,305,52.336179,16.108716,,11382,8563,1009,dw
30210,305,52.267832,16.132449,,6803,5848,522,dw
30211,305,52.215752,16.10916,,2645,2240,250,dw
30213,305,52.104944,16.113071,,10194,8745,658,dw
30214,305,52.007496,16.168234,,5544,4382,583,dw
30215,305,51.913981,16.184639,,3868,3126,365,dw
08191,305,51.820207,16.300994,,2726,2168,210,dw
08141,305,51.789997,16.358392,,1897,1574,207,dw
02024,305,51.730115,16.427513,,1718,1480,148,dw
30134,306,52.522366,16.457223,,2504,1977,202,dw
30216,306,52.456035,16.410564,,3535,2871,265,dw
30348,306,52.363074,16.508809,,5306,4194,548,dw
30218,306,52.351124,16.526106,,11849,9593,928,dw
30219,306,52.343522,16.535293,,3803,2788,462,dw
30155,306,52.265232,16.711215,,4442,3800,392,dw
30221,307,52.412687,16.765208,,20586,17560,1812,dw
30222,307,52.398372,16.635876,,14364,11718,1135,dw
30349,307,52.367556,16.539239,,11855,9949,963,dw
30223,307,52.343751,16.498901,,9437,7513,1059,dw
30296,307,52.298447,16.420881,,7238,5746,666,dw
30225,307,52.307307,16.351512,,4846,3796,518,dw
30226,308,52.306337,16.142042,,10223,7775,865,dw
30227,308,52.302778,16.20608,,9882,7488,808,dw
30228,308,52.26436,16.299783,,5355,3808,528,dw
30312,308,52.218783,16.356403,,6719,4634,625,dw
30230,308,52.168325,16.457019,,4724,3297,451,dw
30341,308,52.103289,16.66293,,6559,5255,627,dw
30157,308,52.091469,16.648686,,9413,7972,663,dw
30159,308,52.004943,16.840699,,5497,4282,536,dw
30161,308,51.950724,16.934909,,3900,2911,390,dw
30342,309,51.689337,16.793882,,4167,3525,232,dw
30313,309,51.721915,16.727747,,3551,3083,211,dw
30343,309,51.817866,16.618862,,9088,7947,499,dw
30314,309,51.918391,16.567054,,8450,7328,693,dw
30162,310,52.159848,16.73954,,4203,3470,374,dw
30990,310,52.143998,16.768775,,4053,3205,393,dw
30163,310,52.124891,16.8524,,3690,2856,382,dw
30164,310,52.108369,16.963564,,6833,5681,519,dw
30315,310,52.091502,17.006173,,8824,7595,472,dw
30350,311,52.211801,16.698652,,4428,3217,490,dw
30351,311,52.255643,16.687103,,4358,3213,556,dw
30327,311,52.289884,16.724604,,10513,9020,860,dw
30328,311,52.338173,16.813586,,10361,8859,646,dw
30231,312,52.113263,16.358844,,4378,3320,618,dw
08142,313,52.156964,15.842252,,1850,1428,249,dw
08143,313,52.029947,15.820296,,666,476,79,dw
08144,314,52.065548,15.930228,,1021,830,105,dw
30235,315,52.016093,16.051454,,3502,2682,389,dw
08146,315,51.928475,15.902031,,2792,2095,325,dw
08147,315,51.858525,15.817733,,2775,2137,318,dw
08221,315,51.798823,15.767786,,6795,5777,552,dw
08216,315,51.788633,15.723382,,3805,2943,368,dw
08192,315,51.787493,15.713936,,6637,5441,589,dw
08193,315,51.783991,15.703164,,4459,3371,495,dw
08149,316,51.960502,16.120652,,1782,1442,164,dw
04194,317,52.587689,19.001243,,7170,6429,432,dw
08150,318,51.859724,15.98988,,1195,1080,85,dw
08151,318,51.868173,16.042815,,2490,2169,196,dw
08179,318,51.86846,16.067425,,1342,1092,96,dw
08152,319,51.785826,16.103768,,3222,2780,201,dw
02027,319,51.700698,16.076584,,7094,6451,362,dw
02297,319,51.687678,16.084013,,9074,8255,440,dw
02357,320,51.115582,16.173693,,8062,6647,657,dw
02373,320,51.063378,16.190528,,7470,6338,431,dw
02358,320,51.059556,16.188008,,7943,6890,429,dw
02367,320,51.026893,16.183612,,4616,4107,298,dw
02359,320,50.97726,16.158762,,2084,1809,144,dw
02368,320,50.921518,16.105521,,3779,3405,243,dw
02374,320,50.916719,16.106617,,2633,2322,183,dw
02405,320T,50.868699,16.063611,,1379,1115,130,dw
02406,320T,50.814525,16.042265,,4735,4140,364,dw
02407,320T,50.790017,16.040391,,6405,5383,528,dw
02408,320T,50.78254,16.020625,,12340,10895,721,dw
02410,320T,50.717539,16.003637,,3446,2884,210,dw
02411,320T,50.696672,15.994384,,3831,3055,404,dw
08153,321,51.770748,15.793825,,2808,2398,270,dw
02028,321,51.686418,16.078415,,1922,1731,80,dw
02029,323,51.744001,16.523334,,5352,4597,542,dw
02375,323,51.670278,16.516601,,3599,2960,399,dw
02376,323,51.669324,16.51614,,4146,3460,356,dw
02031,323,51.63453,16.466542,,4486,3653,525,dw
02032,323,51.609295,16.415449,,3646,2895,472,dw
02377,323,51.568026,16.420539,,3432,2917,336,dw
02034,323,51.555445,16.365273,,2795,2328,275,dw
02312,323,51.528907,16.281729,,2703,2207,285,dw
02313,323,51.489383,16.215355,,2529,2074,271,dw
02314,323,51.432073,16.168956,,4391,3624,321,dw
02035,324,51.689187,16.359012,,1843,1371,229,dw
02036,324,51.680054,16.449431,,3468,2830,304,dw
02037,324,51.668344,16.524789,,9314,8070,664,dw
02039,324,51.657793,16.588733,,4192,3320,448,dw
02040,324,51.62511,16.718618,,2641,1821,308,dw
08157,325,51.776371,15.824444,,946,774,128,dw
02389,327,50.914197,16.097784,,1608,1429,101,dw
08159,328,51.601769,15.706485,,842,699,81,dw
02041,328,51.527868,15.78357,,2918,2643,114,dw
02042,328,51.461428,15.87966,,997,846,66,dw
02043,328,51.336606,15.891436,,2598,2247,208,dw
02044,328,51.269593,15.94819,,7357,6552,421,dw
02045,328,51.250692,15.929198,,3804,3284,306,dw
02046,328,51.188331,15.926911,,2438,1966,194,dw
02156,328,51.128622,15.910956,,5922,5070,489,dw
02418,328,51.110953,15.890295,,2988,2515,208,dw
02048,328,51.039691,15.87013,,2462,2123,168,dw
02049,328,50.966507,15.914801,,1997,1643,193,dw
02050,328,50.852305,16.009588,,4220,3720,295,dw
02051,329,51.644294,16.076769,,16982,14198,1033,dw
02390,330T,50.855684,15.59878,,2741,2294,178,dw
02056,331,51.468669,15.9414,,3852,3394,190,dw
02057,331,51.492146,16.030618,,2011,1755,65,dw
02333,332,50.90068,14.845604,,3221,2386,177,dw
02334,332,50.883023,14.846313,,5140,2954,309,dw
08200,333,51.731235,15.729441,,4092,3137,388,dw
08201,333,51.701623,15.728694,,4198,3595,334,dw
08202,333,51.688282,15.740122,,1541,1236,116,dw
08203,333,51.660354,15.825391,,545,430,46,dw
02353,333,51.610514,15.941079,,1327,1091,94,dw
02354,333,51.579434,15.990692,,1357,1136,79,dw
02379,333,51.539204,16.046644,,5035,4447,239,dw
02380,333,51.499369,16.062775,,6342,5623,270,dw
02381,333,51.48948,16.078721,,15004,13179,805,dw
02382,333,51.474917,16.097372,,1223,919,85,dw
02383,333,51.436836,16.155574,,21060,17690,1364,dw
02384,333,51.403284,16.215844,,14180,11897,827,dw
02420,333,51.390103,16.207673,,17981,15840,925,dw
02385,333,51.377592,16.191849,,13153,11687,808,dw
02355,333,51.3035,16.158684,,2747,2332,204,dw
02356,333,51.246194,16.164321,,8734,7552,704,dw
02386,333,51.202325,16.11411,,7319,6033,542,dw
02066,334,51.526842,16.542913,,923,787,74,dw
02067,334,51.401819,16.607694,,1053,855,45,dw
02068,335,51.278432,15.944258,,4192,3689,263,dw
02069,335,51.310282,15.982644,,2481,2079,172,dw
02070,335,51.384469,16.115008,,5459,4885,312,dw
02073,338,51.421929,16.626875,,1940,1593,157,dw
02074,338,51.362088,16.630511,,3680,3198,232,dw
02075,338,51.34987,16.642858,,7366,6682,365,dw
02434,338,51.332385,16.63458,,8377,7471,496,dw
02077,338,51.246219,16.449,,2747,2194,239,dw
02078,339,51.458712,16.879321,,2201,1709,240,dw
02080,339,51.359111,16.665573,,2126,1734,177,dw
02082,340,51.371132,16.514971,,2366,2081,211,dw
02083,340,51.33887,16.627896,,3884,3404,315,dw
02363,340,51.33439,16.654542,,12213,11069,727,dw
02387,340,51.331114,16.662891,,4942,4397,374,dw
02084,340,51.302342,16.904855,,7774,6790,571,dw
02085,340,51.288315,16.954056,,6344,5486,494,dw
02409,340,51.298113,17.00549,,6131,5228,519,dw
02086,340,51.309731,17.075294,,4814,4103,379,dw
02087,340,51.316034,17.196894,,4528,3979,332,dw
02088,340,51.23236,17.369733,,11342,9057,1097,dw
02089,340,51.222483,17.368607,,13535,11827,1089,dw
02370,341,51.295694,16.741914,,3844,3176,336,dw
02342,341,51.285545,16.705622,,3295,2512,288,dw
02343,341,51.259283,16.699538,,5414,4184,461,dw
02338,341,51.200196,16.750441,,7112,5890,485,dw
02095,342,51.268502,16.923683,,6934,6094,612,dw
02094,342,51.241109,16.936729,,9778,8796,673,dw
02093,342,51.210988,16.965172,,10718,9408,867,dw
02099,345,51.127085,16.458321,,1176,617,94,dw
02100,345,51.016693,16.400931,,2621,2102,202,dw
02102,346,51.063142,16.703975,,2328,1827,195,dw
02412,346,51.038732,16.75188,,6517,5338,476,dw
02103,346,51.031195,16.766516,,12437,10848,825,dw
02104,346,51.028324,16.771467,,8099,6842,636,dw
02105,346,51.011147,16.801135,,3307,2682,310,dw
02106,346,50.96111,16.880027,,2157,1621,204,dw
02107,346,50.926579,17.032525,,1886,1524,185,dw
02108,346,50.929168,17.161299,,1874,1515,162,dw
02269,346,50.933689,17.137131,,9292,7611,787,dw
02109,346,50.919213,17.263363,,3336,2500,305,dw
02110,347,51.02655,16.760675,,8270,6893,554,dw
02111,347,51.049611,16.833984,,6019,5190,446,dw
02112,347,51.056999,16.903858,,7474,6307,523,dw
02388,347,51.069717,16.93739,,16366,13098,1601,dw
08161,350,51.47291,14.952796,,1403,1184,121,dw
02114,350,51.40592,15.17487,,853,712,82,dw
02115,350,51.358709,15.31863,,1147,962,107,dw
02116,350,51.330857,15.432633,,3519,3060,241,dw
02117,350,51.265325,15.544555,,7295,6539,351,dw
02118,351,51.302035,15.062368,,1098,903,126,dw
02119,351,51.230099,15.031999,,3598,3264,241,dw
02120,351,51.161377,14.997838,,3117,2822,175,dw
02121,351,51.174242,15.019621,,3947,3609,168,dw
02122,352,51.139208,15.032237,,11359,8847,734,dw
02123,352,51.094769,15.021918,,11629,9082,663,dw
02124,352,51.070318,15.009686,,9223,7016,530,dw
02302,352,50.960395,14.931145,,7951,5819,464,dw
02128,352,50.932649,14.881694,,3950,2430,206,dw
02127,353,51.246233,15.048765,,2030,1862,104,dw
02130,355,51.070266,15.031493,,4446,3868,224,dw
02131,355,51.031907,15.055016,,4331,3838,229,dw
02304,357,51.076899,15.089239,,701,601,52,dw
02133,357,51.105438,15.236902,,3840,3500,218,dw
02134,357,51.110927,15.263687,,4762,4317,288,dw
02135,357,51.120029,15.286552,,6276,5581,298,dw
02136,357,51.123643,15.292762,,3917,3389,303,dw
02137,357,51.152543,15.316245,,2884,2446,230,dw
02425,357,51.195842,15.390327,,5621,4897,380,dw
02349,357,51.220542,15.446286,,4500,3676,470,dw
02140,358,51.023046,15.268156,,2344,2117,127,dw
02430,358,50.974263,15.289599,,1029,885,68,dw
02310,358,50.919839,15.344736,,5940,5289,347,dw
02421,358,50.83996,15.519117,,2566,2337,134,dw
02350,359,51.463102,16.914194,,2289,1879,240,dw
02371,359,51.363725,16.973245,,4278,3535,463,dw
02352,359,51.254371,17.045032,,7496,6606,560,dw
02366,359,51.205809,17.038146,,7613,6663,598,dw
02422,360,51.033669,15.412977,,3597,3254,193,dw
02142,360,50.989653,15.338867,,860,778,50,dw
02143,361,50.976472,15.39287,,4625,4051,337,dw
02423,361,50.956794,15.371749,,5386,4745,357,dw
02144,361,50.926916,15.307815,,2192,1935,140,dw
02145,361,50.923,15.284289,,1802,1617,144,dw
02369,363,50.930575,16.07399,,1184,1008,109,dw
02153,364,51.091801,15.477252,,3388,2881,289,dw
02413,364,51.108926,15.594024,,6294,5465,463,dw
02154,364,51.117372,15.691894,,2188,1735,219,dw
02155,364,51.116519,15.867717,,4599,3869,411,dw
02157,364,51.165393,16.033226,,8890,7518,685,dw
02158,364,51.180544,16.083302,,6638,5871,446,dw
02159,365,50.948808,15.805635,,3214,2774,309,dw
02160,365,51.039569,16.10833,,1106,977,75,dw
02166,367,50.835485,15.788615,,6925,6173,418,dw
02167,367,50.806118,15.81983,,3940,3470,247,dw
02168,367,50.78691,15.865606,,3957,3376,273,dw
02169,367,50.771055,15.929716,,4336,3661,259,dw
02170,367,50.774142,16.005643,,6558,5548,359,dw
02171,367,50.778784,16.108283,,6817,5902,561,dw
02172,367,50.764159,16.16728,,5343,4709,322,dw
02391,369,50.715008,15.927803,,1675,1480,114,dw
02179,369,50.705201,15.998551,,3865,3188,515,dw
02392,370,50.74713,15.824946,,737,711,12,dw
02393,371,50.273853,16.481415,,347,310,10,dw
02362,372,51.178833,17.118523,,22378,17115,2248,dw
02394,372,51.14355,17.196361,,16814,13805,1473,dw
02395,372,51.111557,17.183294,,13000,10323,1277,dw
02335,372,51.088041,17.165803,,21622,18291,1825,dw
02336,372,51.040862,17.137524,,17205,14434,1395,dw
02337,372,51.034576,17.100645,,17181,14967,1038,dw
02396,372,51.042767,17.057225,,12490,11211,867,dw
02188,374,50.907153,16.360267,,5422,4457,501,dw
02189,374,50.867227,16.323718,,8438,7082,823,dw
02190,375,50.864596,16.226068,,856,733,63,dw
02435,375,50.819566,16.230199,,4938,4432,366,dw
02323,376,50.816818,16.246933,,8917,7998,684,dw
02324,376,50.802623,16.194645,,5012,4373,466,dw
04142,377,53.651686,18.721127,,2069,1732,118,dw
22730,377,53.696266,18.720938,,264,223,10,dw
02197,378,50.739847,17.203882,,1037,787,95,dw
02199,379,50.80925,16.440874,,4956,4554,288,dw
02200,379,50.840487,16.483473,,7415,6938,267,dw
02326,379,50.849634,16.500317,,11924,11033,577,dw
02203,381,50.724504,16.328792,,7897,6619,672,dw
02204,381,50.697669,16.368176,,9154,7665,857,dw
02205,381,50.617416,16.478359,,6212,5031,643,dw
02327,381,50.598226,16.514324,,5434,4404,542,dw
02317,381,50.54998,16.549589,,11511,9990,786,dw
02207,381,50.497608,16.585919,,7258,6007,541,dw
02208,381,50.473359,16.603368,,11744,9849,907,dw
02148,382,51.20318,15.768545,,2275,1991,164,dw
02399,382,51.13987,15.923306,,3377,2819,222,dw
02432,382,51.135998,15.925766,,4885,4118,374,dw
02150,382,51.072507,16.131417,,3053,2325,280,dw
02151,382,51.05627,16.181392,,5692,4762,350,dw
02185,382,51.012206,16.285486,,6896,5160,684,dw
02186,382,50.959831,16.352136,,9616,7870,863,dw
02187,382,50.951662,16.357768,,10615,8568,1001,dw
02209,382,50.888095,16.427119,,9055,7525,626,dw
02347,382,50.842282,16.434679,,6972,5862,646,dw
02330,382,50.834247,16.505434,,6505,5211,638,dw
02433,382,50.794068,16.571363,,6980,5851,606,dw
02400,382,50.724153,16.621057,,4728,4061,360,dw
02401,382,50.70819,16.6447,,4568,3745,353,dw
02214,382,50.726636,16.659693,,8065,6776,510,dw
02402,382,50.692594,16.702622,,7774,6326,687,dw
02215,382,50.605638,16.791714,,5236,4207,479,dw
02331,382,50.571915,16.825194,,3440,2513,359,dw
02217,382,50.532151,16.864896,,5948,4947,443,dw
02218,382,50.478171,17.001494,,2182,1865,156,dw
16202,382,50.461158,17.019051,,2944,2537,162,dw
16203,382,50.441088,17.000855,,1827,1617,87,dw
02397,382T,51.056976,16.201004,,9889,8619,620,dw
02429,382T,51.036726,16.222289,,5757,4938,541,dw
02219,383,50.726066,16.381111,,3015,2599,238,dw
02220,383,50.717553,16.591454,,8019,7093,543,dw
02232,384,50.589058,16.558181,,2433,2164,173,dw
02223,384,50.643999,16.612223,,1950,1616,242,dw
02431,384,50.680745,16.607901,,15703,14047,944,dw
02348,384,50.67852,16.620728,,8381,7359,603,dw
02403,384,50.700471,16.643551,,16822,15057,1014,dw
02225,384,50.717257,16.649782,,17540,15341,1197,dw
02226,384,50.732178,16.6569,,9659,8312,688,dw
02227,384,50.780833,16.770503,,8955,7557,794,dw
02233,385,50.578219,16.68634,,2096,1804,159,dw
02234,385,50.590688,16.799748,,2589,2200,150,dw
16204,"385
385",50.67833,17.329203,,1808,1565,101,dw
16205,385,50.648814,17.450967,,2942,2391,263,dw
02228,386,50.549232,16.455528,,1975,1658,127,dw
02239,386,50.523322,16.493261,,3911,3371,285,dw
02240,386,50.503178,16.528516,,3410,2843,268,dw
02241,387,50.51176,16.476952,,3629,3116,283,dw
02242,387,50.502891,16.436251,,2949,2526,224,dw
02243,387,50.494667,16.373195,,1111,971,111,dw
02244,387,50.434816,16.237888,,9703,8924,505,dw
02245,388,50.488938,16.457585,,1776,1467,182,dw
02305,388,50.406779,16.514984,,5749,5179,329,dw
02246,388,50.33098,16.602147,,2018,1753,177,dw
02247,388,50.301767,16.642694,,6901,6333,393,dw
02426,388,50.301365,16.654325,,6271,5659,430,dw
02248,389,50.276896,16.48113,,451,381,41,dw
02251,390,50.470534,16.882954,,3633,2678,326,dw
04257,391,53.554516,18.609705,,803,731,46,dw
02253,392,50.34013,16.828774,,5183,4409,417,dw
02254,392,50.309915,16.881224,,5762,4944,472,dw
02255,392,50.283026,16.853937,,1249,1115,85,dw
02306,393,51.100057,15.294056,,4389,3811,229,dw
02256,393,51.036866,15.264555,,2857,2490,156,dw
04143,394,53.077437,18.281416,,1154,909,119,dw
02257,395,51.019949,17.062268,,10208,8460,736,dw
02258,395,50.942226,17.070515,,8139,6959,657,dw
02259,395,50.826606,17.061655,,6584,5609,462,dw
02260,395,50.790503,17.0664,,8205,7228,451,dw
02346,396,51.225711,17.437132,,8585,6769,953,dw
02398,396,51.200678,17.430129,,4800,3611,606,dw
02285,396,51.164733,17.471799,,6504,5345,610,dw
16301,396,51.02624,17.554808,,1490,1143,161,dw
02267,396,50.943967,17.302124,,11590,9844,797,dw
02268,396,50.94092,17.277129,,12436,11034,870,dw
02270,396,50.89537,17.204028,,6306,5030,494,dw
02271,396,50.870307,17.194577,,4674,3703,446,dw
02272,396,50.787924,17.083737,,6818,5933,288,dw
02261,396,50.783411,17.065715,,12046,10426,615,dw
02372,396,50.773834,17.05729,,7795,6500,488,dw
02262,396,50.736162,17.02976,,6047,5015,398,dw
02263,396,50.645135,17.031316,,3186,2589,345,dw
02427,396,50.604072,17.041356,,3868,3453,206,dw
02237,396,50.592655,17.022667,,3367,2928,286,dw
04144,397,53.069318,18.161791,,1815,1633,133,dw
04145,398,52.900182,18.152348,,1540,1342,105,dw
04146,399,52.902728,18.242288,,1230,1041,99,dw
04195,400,52.841478,18.305549,,414,345,34,dw
16206,401,50.84192,17.458556,,4577,4246,200,dw
16235,401,50.806789,17.461645,,2508,2216,151,dw
16207,401,50.792466,17.427357,,1372,1155,106,dw
16236,401,50.753006,17.341783,,9288,6914,773,dw
16237,401,50.68893,17.365214,,7557,5333,623,dw
16209,401,50.65425,17.387364,,8406,6362,675,dw
04196,402,53.520951,18.691237,,754,634,75,dw
02273,403,50.832839,17.341131,,7538,5191,731,dw
02274,403,50.787412,17.346017,,6999,4710,701,dw
16211,405,50.635291,17.629975,,3694,3391,202,dw
16249,405,50.599499,17.649187,,5981,5401,299,dw
16238,405,50.498181,17.593935,,2305,2000,178,dw
16212,406,50.502756,17.405956,,1998,1766,119,dw
16213,407,50.472657,17.434987,,2592,2330,146,dw
16232,407,50.481251,17.648451,,1387,1111,129,dw
16131,408,50.335448,18.190353,,6209,5444,299,dw
16101,408,50.308074,18.228234,,4735,4247,202,dw
16135,408,50.291361,18.258776,,3264,2464,205,dw
16102,408,50.281873,18.322694,,2455,1761,165,dw
24001,408,50.2693,18.436148,,3142,2082,272,dw
24002,408,50.279301,18.476474,,4050,2916,331,dw
24003,408,50.279257,18.509872,,6341,4846,567,dw
24302,408,50.279892,18.510847,,3038,2013,223,dw
24303,408,50.278267,18.57097,,2949,2137,261,dw
16103,409,50.457809,17.853497,,4104,3423,328,dw
16104,409,50.473703,17.964297,,17630,15810,1009,dw
16132,409,50.477863,17.970863,,12070,10694,693,dw
16302,409,50.491103,17.992074,,9267,8390,487,dw
16333,409,50.494645,18.120514,,3223,2789,171,dw
16105,410,50.323889,18.154451,,3567,3149,135,dw
16245,411,50.493024,17.348121,,13178,11633,931,dw
16246,411,50.467589,17.341305,,17451,15876,850,dw
16240,411,50.458206,17.345647,,8092,7406,328,dw
16215,411,50.414041,17.337298,,5487,4843,318,dw
16241,411,50.320802,17.388279,,6253,5477,375,dw
04020,412,52.714805,18.276595,,7111,5718,503,dw
16107,414,50.605159,17.893228,,7366,6570,403,dw
16144,414,50.583133,17.873677,,6474,5709,419,dw
16145,414,50.573728,17.872702,,6597,5648,541,dw
16133,414,50.563325,17.857091,,5684,4889,427,dw
16108,414,50.431907,17.743393,,4744,3983,372,dw
16109,414,50.358846,17.643195,,6362,5428,450,dw
16110,415,50.518215,17.936975,,1388,1240,111,dw
16134,415,50.476698,17.965886,,4523,3938,271,dw
16111,416,50.452352,17.967736,,4076,3620,269,dw
16112,416,50.305411,17.834901,,2726,2312,254,dw
16113,416,50.228011,17.821925,,4027,3389,346,dw
16142,416,50.208588,17.838662,,2470,2065,166,dw
16114,416,50.14761,17.905944,,2390,2076,127,dw
16137,416,50.088528,17.962958,,2855,2456,177,dw
16115,416,50.081855,18.001452,,5293,4556,325,dw
24005,416,50.083613,18.071882,,5330,4520,412,dw
24006,416,50.084837,18.103313,,5595,4764,485,dw
24007,416,50.098912,18.165112,,11116,9440,781,dw
16116,417,50.311906,17.775555,,2218,1778,214,dw
16117,417,50.2615,17.877947,,778,642,75,dw
16118,417,50.167213,18.050863,,1074,876,78,dw
24008,417,50.142359,18.082538,,1561,1260,162,dw
24009,417,50.111233,18.128527,,2399,2020,232,dw
24010,417,50.100529,18.161606,,5651,4650,406,dw
16120,419,50.048048,17.812833,,1313,1096,93,dw
16121,420,50.047245,17.968537,,1728,1576,106,dw
16122,421,50.190572,18.098561,,484,397,32,dw
16149,421,50.204424,18.183619,,981,867,50,dw
24011,421,50.183806,18.215943,,873,729,72,dw
24012,421,50.169246,18.232683,,779,654,54,dw
24013,421,50.158836,18.287833,,1363,1098,145,dw
16124,422,50.225861,18.218464,,934,757,63,dw
16139,423,50.573145,17.986374,,7506,6325,464,dw
16146,423,50.523764,17.98293,,4848,3806,306,dw
16148,423,50.484876,17.989931,,6830,4815,441,dw
16126,423,50.443182,18.072147,,4937,4048,324,dw
16140,423,50.391308,18.137147,,4723,3920,260,dw
16141,423,50.346074,18.168444,,10312,9099,515,dw
16147,425,50.28742,18.244633,,2292,1670,134,dw
16136,425,50.239895,18.303267,,2582,2136,180,dw
24014,425,50.208808,18.308727,,3318,2702,258,dw
24015,425,50.202674,18.403925,,2725,2168,262,dw
16303,426,50.546039,18.378017,,7582,6356,579,dw
16322,426,50.515004,18.311772,,9368,7924,563,dw
16304,426,50.502794,18.292891,,6409,5287,455,dw
16305,426,50.418227,18.268266,,5919,4739,321,dw
16129,427,50.235762,18.189877,,289,253,12,dw
16217,429,50.635875,17.820422,,4983,4477,308,dw
16250,429,50.576721,17.87092,,1590,1407,119,dw
16218,429,50.575271,17.890342,,3054,2658,247,dw
30167,430,52.346696,16.895205,,14799,12724,1094,dw
30344,430,52.266874,16.845217,,14138,12668,988,dw
30171,431,52.233152,16.812652,,8252,7134,711,dw
30172,431,52.250051,16.850108,,17710,15710,1390,dw
30173,431,52.249805,16.8984,,9771,8348,1004,dw
30174,431,52.239322,17.008221,,4089,3325,472,dw
30175,432,51.886558,16.648884,,7286,6014,677,dw
30176,432,51.953029,16.743579,,3154,2459,294,dw
30178,432,52.052593,16.94831,,4758,3857,365,dw
30291,432,52.081264,17.012239,,8536,7010,291,dw
30181,432,52.136749,17.101015,,5412,4089,519,dw
30183,432,52.215985,17.278373,,9088,7300,701,dw
30345,432,52.232829,17.303413,,4953,4011,384,dw
30185,432,52.277409,17.474204,,4044,3214,353,dw
30190,434,52.281762,17.10522,,5885,4951,487,dw
30292,434,52.252632,17.074866,,17406,14283,1552,dw
30191,434,52.183652,17.054116,,11598,9433,947,dw
30293,434,52.089201,17.04163,,9843,8160,1198,dw
30993,434,52.070829,17.034606,,17407,14468,1459,dw
30193,434,52.032978,17.055933,,9648,7844,699,dw
30194,434,51.951399,17.061791,,5225,3838,477,dw
30195,434,51.918152,17.012978,,7562,5782,587,dw
30346,434,51.891392,17.048597,,4100,2923,339,dw
30347,434,51.866514,17.031372,,4778,3487,429,dw
30199,434,51.759492,16.96733,,5718,4279,548,dw
16219,435,50.66263,17.843345,,2028,1804,127,dw
16220,435,50.652644,17.714214,,1498,1273,119,dw
16251,435,50.641721,17.631724,,7471,6630,456,dw
16252,435,50.639847,17.626081,,9243,8373,465,dw
16253,435,50.626825,17.582455,,3447,3005,240,dw
30200,436,52.058277,17.261323,,4628,3915,326,dw
30202,437,51.919235,17.173639,,3507,2626,363,dw
30237,438,51.847838,17.35725,,3413,2693,277,dw
02276,439,51.513452,16.978702,,1836,1322,325,dw
02277,439,51.503094,17.184234,,3071,2465,357,dw
02280,439,51.458821,17.3747,,2373,1866,344,dw
02281,439,51.339712,17.58535,,1327,1036,182,dw
02282,439,51.30485,17.689031,,1517,1301,131,dw
02428,439,51.301469,17.695458,,5440,4560,514,dw
30143,441,52.182836,17.509807,,2628,1849,403,dw
30144,442,52.257789,17.582235,,5917,4842,639,dw
30145,442,52.181486,17.680593,,6885,5099,951,dw
30146,442,52.11086,17.740175,,3627,2652,361,dw
30239,442,51.965597,17.895626,,2768,2112,288,dw
30240,442,51.814865,18.055177,,4902,4079,451,dw
30241,443,52.019438,17.715368,,2657,2110,425,dw
30242,443,52.045717,17.81325,,2352,1822,304,dw
30148,443,52.084035,18.235673,,1855,1441,238,dw
30243,444,51.613158,17.515335,,2363,1999,232,dw
30316,444,51.576143,17.672189,,10258,8941,833,dw
30245,444,51.505054,17.769301,,2572,1942,305,dw
30246,444,51.430779,17.912648,,2700,2169,241,dw
30247,445,51.592282,17.707165,,7282,6429,542,dw
30248,445,51.641355,17.796866,,7387,6650,403,dw
30250,447,51.529011,17.963314,,2499,1884,220,dw
02283,449,51.303903,17.752976,,4970,3999,609,dw
02307,449,51.317725,17.730472,,8041,7126,569,dw
30253,449,51.380766,17.836762,,5522,4717,474,dw
30254,449,51.429429,17.932229,,8191,7341,470,dw
30255,449,51.469415,18.050899,,4053,3389,286,dw
30299,449,51.504247,18.112901,,5591,4273,584,dw
30256,449,51.544984,18.203677,,2704,1752,298,dw
30258,450,51.634447,18.068193,,3033,2412,386,dw
30260,450,51.416813,18.076979,,5490,4656,551,dw
16306,"451
451",51.101314,17.662247,,6757,5738,491,dw
16324,451,51.07884,17.712989,,12087,10561,703,dw
16308,454,50.747951,17.862446,,11224,9870,721,dw
16342,454,50.805363,17.882289,,6457,5470,487,dw
16325,454,50.990396,17.754338,,3458,2773,317,dw
02332,455,51.096579,17.164968,,18114,16388,864,dw
02287,455,51.047002,17.239578,,9718,8242,901,dw
02288,455,51.014378,17.318267,,12505,10647,1034,dw
02289,455,50.972103,17.325102,,10192,8689,802,dw
08162,456,52.136775,15.773729,,373,317,29,dw
16221,457,50.874465,17.496399,,4618,4169,256,dw
16222,457,50.779388,17.814933,,4572,4028,272,dw
16254,458,50.758568,17.459894,,811,704,65,dw
16223,458,50.752918,17.6028,,3062,2765,179,dw
16224,458,50.821557,17.738939,,2292,1859,224,dw
16225,459,50.73126,17.84419,,1869,1651,140,dw
16244,459,50.760352,17.694999,,738,641,58,dw
16311,461,50.800488,17.94062,,2847,2484,222,dw
16337,461,50.79457,18.04668,,1247,1019,98,dw
16229,462,50.79263,17.481736,,1810,1604,119,dw
16312,463,50.732086,18.188293,,2379,2089,187,dw
16326,463,50.677129,18.215016,,6682,6019,394,dw
16313,463,50.656259,18.383366,,3502,2958,231,dw
30149,466,52.283825,17.867022,,4703,4051,387,dw
30317,466,52.228376,17.818318,,2758,2281,294,dw
30150,466,52.198988,17.752045,,2904,2110,327,dw
30151,467,52.207697,17.896274,,3533,2623,455,dw
30153,467,52.228214,18.059587,,2781,2121,278,dw
22854,468,54.568279,18.017964,,5070,4224,428,dw
22855,468,54.591928,18.118311,,13428,11354,1243,dw
22856,468,54.60738,18.22653,,21183,18775,1368,dw
22857,468,54.602754,18.270576,,32401,28838,2073,dw
22858,468,54.592004,18.356572,,36911,32918,2297,dw
22859,468,54.556913,18.407888,,47675,43356,2562,dw
10004,469,51.974335,19.010383,,3413,2664,307,dw
10005,469,51.985807,19.243375,,2762,2319,189,dw
30278,470,52.066532,18.558,,6590,4700,632,dw
30279,470,52.024074,18.510858,,9994,7403,888,dw
30280,470,51.954563,18.394707,,7591,5467,680,dw
30281,470,51.89484,18.298767,,6124,3990,686,dw
30282,470,51.78517,18.138318,,12228,9556,1037,dw
30283,471,51.74306,18.231867,,3921,3133,396,dw
30284,471,51.869361,18.5323,,1220,899,138,dw
30285,473,52.197188,18.656633,,12945,10897,806,dw
30986,473,52.177347,18.700242,,3909,3296,264,dw
30287,473,52.081003,18.826005,,3974,3186,359,dw
10006,473,51.985248,18.798663,,4999,4133,403,dw
10007,473,51.907931,18.820001,,1752,1303,179,dw
10008,473,51.871052,18.856597,,2030,1456,241,dw
10009,473,51.853398,18.877387,,2497,1773,282,dw
10010,473,51.777446,18.932206,,2414,1794,216,dw
10011,"473
710S",51.634217,19.059422,,2761,2110,262,dw
10172,473,51.580193,19.16275,,7904,6542,692,dw
10173,473,51.51239,19.334573,,2446,1751,345,dw
10115,473,51.445524,19.592076,,4426,3767,388,dw
10154,475,51.849908,19.381799,,13795,12160,1082,dw
10155,475,51.832576,19.334614,,6589,5716,554,dw
10156,475,51.786899,19.321609,,11039,9831,841,dw
10170,475,51.692592,19.325667,,4571,3820,328,dw
10116,476,51.355916,19.338645,,7244,6628,342,dw
10117,476,51.369363,19.357426,,9148,8273,335,dw
10177,476,51.370929,19.37703,,8517,7819,394,dw
10119,477,51.403683,18.61153,,3940,3094,385,dw
30288,478,51.861982,18.686095,,1761,1370,142,dw
10012,478,51.853637,18.759651,,1743,1429,122,dw
10013,479,51.703089,18.793364,,2354,2005,174,dw
10179,479,51.601715,18.787979,,5969,5217,396,dw
10174,480,51.59599,18.686813,,7655,6515,539,dw
10158,480,51.576213,18.74514,,5380,4653,325,dw
10171,480,51.562655,18.755066,,6901,6018,505,dw
10017,480,51.474309,18.829777,,3011,2476,261,dw
10157,480,51.456392,18.851325,,2372,1898,225,dw
10018,480,51.389725,19.003971,,2228,1757,158,dw
10121,480,51.334267,19.10781,,1970,1574,142,dw
10019,481,51.589161,19.122582,,5623,5077,338,dw
10020,481,51.512094,19.023742,,4285,3869,254,dw
10021,481,51.255232,18.637255,,2447,2178,149,dw
10122,482,51.673126,19.397792,,14089,12875,775,dw
10123,482,51.658367,19.321702,,11511,10447,708,dw
10175,482,51.636438,19.266236,,14514,12938,946,dw
10125,482,51.596648,19.166024,,13399,11968,775,dw
10112,482,51.595837,19.124239,,12925,11085,902,dw
10126,482,51.591708,19.008878,,5806,5054,356,dw
10159,482,51.592285,18.964457,,15098,13419,983,dw
10127,482,51.605811,18.940338,,11492,10045,782,dw
10128,482,51.607254,18.917644,,12012,10543,721,dw
10129,482,51.60486,18.844655,,10452,8967,801,dw
10176,482,51.588057,18.722944,,15247,13413,781,dw
10131,482,51.573367,18.707036,,13605,11894,898,dw
10132,482,51.492483,18.656994,,3884,3206,325,dw
10133,482,51.372871,18.42652,,2664,2053,209,dw
10134,482,51.304131,18.2405,,3949,3213,368,dw
10135,482,51.290579,18.146772,,4231,3472,387,dw
10136,482,51.295434,18.111755,,3112,2586,258,dw
30318,482,51.295798,18.046628,,7556,6113,746,dw
30319,482,51.288389,17.995995,,6030,4790,768,dw
30320,482,51.288673,17.891235,,7562,6188,735,dw
10022,483,51.590447,19.132713,,6538,5656,392,dw
10023,483,51.516549,19.160841,,5772,4811,420,dw
10024,483,51.448799,19.151691,,2390,1868,169,dw
10106,483,51.335842,19.111543,,3274,2563,242,dw
10161,483,51.331056,19.108219,,5704,4557,305,dw
10162,483,51.326975,19.112773,,5710,4514,340,dw
10025,483,51.192971,19.133851,,2304,1518,193,dw
10026,483,51.07302,19.170054,,2740,2020,271,dw
10027,483,51.036597,19.148038,,4334,3400,437,dw
24016,483,50.982929,19.166106,,4680,3651,552,dw
24017,483,50.953459,19.172748,,6774,5601,646,dw
24018,483,50.91562,19.158331,,5012,4321,454,dw
24309,483,50.890025,19.116826,,6266,5452,544,dw
10028,484,51.480245,19.194966,,4330,3686,373,dw
10164,484,51.397833,19.323158,,6158,5473,333,dw
10029,484,51.370101,19.354621,,14783,13653,473,dw
10030,484,51.368063,19.357383,,8679,8098,288,dw
10137,484,51.349116,19.371998,,16468,14729,707,dw
10031,484,51.232847,19.459025,,6274,4432,410,dw
10032,484,51.206853,19.492859,,7016,5483,669,dw
10033,485,51.660573,19.35432,,12222,11115,527,dw
10138,485,51.623042,19.361032,,9361,8309,655,dw
10034,485,51.594416,19.382971,,8623,7604,572,dw
10035,485,51.463605,19.394319,,6722,5701,407,dw
10036,485,51.380017,19.368165,,11424,10491,531,dw
10037,486,51.216097,18.578966,,13597,12213,674,dw
10038,486,51.196085,18.625335,,6561,5406,451,dw
10039,486,51.120168,18.8554,,3587,2735,242,dw
16314,487,51.111263,18.27404,,1797,1446,172,dw
16344,487,51.056191,18.41303,,1468,1111,167,dw
16338,487,51.030389,18.422938,,4811,4137,311,dw
16339,487,50.942928,18.427846,,3678,3068,287,dw
16340,487,50.8987,18.42398,,6592,5653,515,dw
16345,487,50.895201,18.422853,,3403,3181,164,dw
16255,489,50.479379,17.301742,,8708,7927,447,dw
16247,489,50.478864,17.320186,,16777,15545,673,dw
16248,489,50.448843,17.390859,,5387,4597,375,dw
30330,490,51.572437,17.829648,,6488,5401,557,dw
10040,491,51.088334,18.879236,,1861,1500,150,dw
10041,492,51.037536,19.144546,,1384,1098,132,dw
24025,492,50.980091,19.05579,,1519,1205,168,dw
24026,492,50.936672,18.995347,,1377,1112,152,dw
24027,492,50.923248,18.973932,,3545,3034,300,dw
24028,492,50.851696,18.927929,,5915,4717,604,dw
24029,492,50.844638,18.919848,,8521,7030,843,dw
24030,492,50.789103,18.934355,,4022,3001,490,dw
16335,493,50.882897,18.407309,,5871,4893,445,dw
16341,493,50.87461,18.421511,,12212,10763,681,dw
16336,493,50.825267,18.529669,,2111,1822,144,dw
16316,494,50.841942,18.247246,,1985,1496,201,dw
16328,494,50.874919,18.413212,,4931,4188,368,dw
16317,494,50.875948,18.426725,,9475,8419,552,dw
16329,494,50.877863,18.49884,,3616,3098,303,dw
24032,494,50.882748,18.748585,,7633,6440,825,dw
24033,494,50.879541,18.764392,,7686,6364,896,dw
24034,494,50.84646,18.918728,,7457,6220,775,dw
24035,494,50.842374,18.928572,,8794,7683,795,dw
24036,494,50.824474,19.016895,,7282,6420,643,dw
04147,499,53.132805,18.671998,,2028,1816,118,dw
22866,501,54.334326,18.352124,,12564,10369,1061,dw
22315,501,54.340785,18.729315,,15017,12296,1013,dw
22309,501,54.328044,18.758938,,8567,7802,468,dw
22310,501,54.332843,19.036012,,4653,4050,311,dw
22311,501,54.347807,19.262585,,4135,3643,302,dw
22312,501,54.383608,19.45154,,3423,2956,256,dw
22313,502,54.284808,19.118189,,9026,7995,587,dw
28001,503,54.23642,19.392761,,2724,2453,143,dw
28173,503,54.288846,19.590918,,854,735,85,dw
28002,504,54.25522,19.583451,,2249,1987,135,dw
28003,504,54.33586,19.65557,,2090,1820,132,dw
28004,504,54.364432,19.767131,,3128,2848,145,dw
28005,504,54.37908,19.816171,,7848,7209,348,dw
28006,505,54.269171,19.663813,,452,399,33,dw
28007,505,54.235328,19.688647,,339,281,30,dw
28008,505,54.110014,19.679691,,1142,966,97,dw
28011,507,54.381987,19.834536,,7950,7155,420,dw
28012,507,54.344439,19.989636,,2689,2162,183,dw
28013,507,54.1433,20.140085,,1612,1367,127,dw
28014,507,54.115729,20.124817,,2251,1886,177,dw
28015,507,54.112188,20.134972,,5549,4448,520,dw
28016,507,54.063773,20.240601,,3356,2804,297,dw
28017,508,53.472328,20.812905,,1342,1076,112,dw
28018,509,54.174223,19.512507,,2062,1909,84,dw
28019,509,54.157356,19.570583,,1788,1505,140,dw
28020,509,54.184382,19.748514,,1668,1431,121,dw
28021,509,54.154403,19.923949,,545,452,36,dw
28022,510,54.27617,20.181782,,803,701,70,dw
28023,511,54.311578,20.53468,,699,627,46,dw
28024,511,54.247362,20.516958,,1868,1541,192,dw
28025,511,54.122727,20.571898,,7743,6570,507,dw
28026,512,54.247357,20.219344,,1179,900,98,dw
28027,512,54.272405,20.536385,,2845,2320,231,dw
28190,512,54.249797,20.801082,,4468,3927,172,dw
28029,512,54.258176,20.810942,,8366,7582,416,dw
28030,512,54.291836,20.837393,,906,805,54,dw
28179,513,54.073271,19.60389,,2816,2278,231,dw
28169,513,54.072962,19.643654,,5208,4325,399,dw
28031,513,54.081347,19.897568,,2807,2224,263,dw
28032,513,54.107316,20.073896,,2437,1834,309,dw
28033,513,54.112473,20.11548,,2986,2360,253,dw
28034,513,54.117531,20.142229,,6139,5592,316,dw
28035,513,54.155178,20.430844,,1692,1287,148,dw
28036,513,54.126298,20.55539,,4501,3710,329,dw
28037,513,54.122321,20.594562,,4529,3702,428,dw
28038,513,54.105189,20.697593,,1245,946,144,dw
22803,515,54.029472,19.043121,,11376,10071,625,dw
22804,515,54.011766,19.070198,,5056,4275,373,dw
22805,515,53.950576,19.149517,,3395,2871,333,dw
22860,515,53.931258,19.301273,,2932,2427,232,dw
22837,515,53.914784,19.344705,,4151,3477,300,dw
22806,515,53.88309,19.366567,,2014,1649,184,dw
22838,515,53.838925,19.405986,,1883,1357,238,dw
28039,515,53.77209,19.376296,,1844,1317,198,dw
28040,515,53.767682,19.373669,,2148,1574,214,dw
22808,517,53.907487,19.064559,,4642,3884,290,dw
22809,517,53.923608,19.172903,,1799,1410,152,dw
22731,518,53.831754,18.825683,,208,172,18,dw
22811,519,53.862108,19.490443,,1603,1170,208,dw
22839,519,53.858334,19.498296,,1457,1101,135,dw
28174,519,53.855173,19.529072,,1520,1082,197,dw
28041,519,53.872305,19.675033,,2708,2112,234,dw
28042,519,53.909766,19.843966,,4939,3958,328,dw
28043,519,53.914397,19.921687,,8048,6936,455,dw
22812,520,53.778663,19.261045,,733,605,74,dw
28044,520,53.785122,19.318131,,642,515,89,dw
22813,521,53.730113,19.043051,,5519,4523,394,dw
22815,521,53.741838,19.257417,,3556,2714,280,dw
28181,521,53.736612,19.310048,,3675,2864,282,dw
28186,521,53.743283,19.350444,,1190,644,71,dw
28180,521,53.729223,19.351155,,2560,2030,212,dw
28046,521,53.69791,19.385509,,4256,3428,338,dw
22861,522,53.808355,19.198254,,2247,1766,219,dw
22816,522,53.7578,19.202374,,5168,4443,380,dw
22840,522,53.635419,19.147058,,1150,901,124,dw
28047,522,53.610224,19.208897,,1242,1022,112,dw
22820,524,53.747638,19.066677,,455,376,36,dw
22821,525,53.845603,18.957832,,1633,1434,99,dw
28050,526,54.015151,19.612971,,306,265,26,dw
22822,526,53.909652,19.499526,,630,513,62,dw
22823,527,53.926572,19.353215,,815,647,70,dw
28051,527,54.036068,19.568399,,2918,2496,226,dw
28052,527,54.06605,19.646824,,2603,2273,167,dw
28048,527,54.06452,19.654782,,10114,9255,496,dw
28053,527,54.061912,19.662164,,3173,2898,179,dw
28054,527,53.998878,19.834057,,986,836,100,dw
28055,527,53.919367,19.927225,,9430,8245,512,dw
28056,527,53.908371,19.935713,,12421,11181,577,dw
28057,527,53.845249,20.018698,,2960,2533,206,dw
28058,527,53.79361,20.15157,,1931,1613,160,dw
28202,527,53.802298,20.327767,,3958,3395,269,dw
28059,528,54.039624,20.088003,,1314,1027,97,dw
28060,528,53.967652,19.991513,,2622,2112,240,dw
28061,530,53.770175,19.951475,,3042,2515,264,dw
28062,530,53.778098,20.029894,,1304,1089,126,dw
28063,530,53.847538,20.123439,,1270,1050,141,dw
28064,530,53.983733,20.392964,,6894,6152,503,dw
28065,531,53.781693,20.130362,,1865,1658,159,dw
22825,532,53.679871,18.896933,,3690,3300,233,dw
22827,532,53.614613,18.912654,,675,536,81,dw
04170,533,53.434161,18.940459,,2487,2169,193,dw
04063,534,53.436956,18.890539,,6189,5319,428,dw
04249,534,53.425571,18.905288,,5158,4270,451,dw
04250,534,53.38255,18.943218,,7173,5837,639,dw
04064,534,53.328912,18.935956,,3843,3017,395,dw
04148,534,53.263978,18.955028,,4752,3632,410,dw
04251,534,53.266906,18.984498,,6086,4945,387,dw
04065,534,53.216258,19.031325,,2535,1805,224,dw
04230,534,53.160291,19.041253,,2244,1701,187,dw
04231,534,53.111255,19.052646,,16708,14662,978,dw
04066,534,53.09112,19.175492,,4237,3311,420,dw
04171,534,53.071053,19.392317,,7056,5702,543,dw
04197,535,53.535648,18.928478,,1767,1563,118,dw
28203,536,53.592129,19.568494,,4216,3857,193,dw
28170,536,53.581743,19.581675,,10111,8654,684,dw
28067,536,53.51977,19.666236,,6474,5378,489,dw
28080,537,53.49568,19.757393,,5234,4546,330,dw
28069,537,53.505026,19.765365,,4622,3987,308,dw
28070,537,53.514415,19.905719,,1741,1323,161,dw
28071,537,53.504734,19.998525,,1342,1025,89,dw
28072,537,53.496578,20.136112,,2029,1702,190,dw
04069,538,53.458937,18.964587,,3047,2594,208,dw
04110,538,53.517064,19.150704,,1906,1472,190,dw
28073,538,53.499455,19.33892,,2983,2434,234,dw
28182,538,53.493738,19.389762,,3739,3134,296,dw
28074,538,53.423775,19.562963,,4644,3891,368,dw
28191,538,53.424643,19.588475,,14090,12596,688,dw
28075,538,53.420344,19.60922,,3363,2983,203,dw
28076,538,53.412701,19.7613,,2032,1774,132,dw
28077,538,53.401691,19.838022,,1097,945,71,dw
28078,538,53.320412,20.035653,,1596,1302,127,dw
28079,538,53.351399,20.215294,,1039,731,134,dw
28183,538,53.33572,20.437938,,5673,4786,401,dw
04198,539,52.865268,19.495775,,32,25,2,dw
14003,539,52.824669,19.47966,,936,811,61,dw
04172,539,52.787303,19.461837,,1284,1094,106,dw
14004,540,52.660958,19.713676,,2884,2378,240,dw
28175,541,53.495288,19.743023,,5483,4500,337,dw
28081,541,53.458989,19.776638,,3761,3042,259,dw
28082,541,53.383605,19.815198,,2365,1737,218,dw
28176,541,53.266643,19.835991,,3206,2006,304,dw
28093,541,53.262776,19.834567,,4460,3743,273,dw
28084,541,53.256625,19.821098,,8271,7214,553,dw
28085,541,53.194937,19.846082,,2510,1908,289,dw
14005,541,53.12885,19.836173,,3483,2800,266,dw
14297,541,53.07004,19.890278,,2679,2071,239,dw
14383,541,53.053757,19.911722,,2806,2124,226,dw
14006,541,53.036433,19.914125,,5281,4220,364,dw
14007,541,52.905368,19.779107,,2206,1622,168,dw
14008,541,52.862644,19.677062,,6781,5634,455,dw
14367,541,52.856116,19.67288,,8021,7177,394,dw
14010,541,52.765966,19.551816,,2642,2278,173,dw
04199,541,52.746329,19.463744,,2637,2220,202,dw
04149,541,52.684588,19.385873,,1608,1392,99,dw
28086,542,53.537152,20.089115,,2461,2028,170,dw
28087,542,53.470583,20.051555,,2256,1806,186,dw
28088,542,53.410011,20.062475,,1941,1517,183,dw
28089,542,53.274418,20.144374,,4740,4116,311,dw
28090,542,53.242537,20.168827,,8214,7198,529,dw
04111,543,53.354956,18.768838,,1950,1676,142,dw
04900,543,53.385111,19.115934,,3499,2787,314,dw
04070,543,53.344912,19.213067,,3541,2809,347,dw
04201,543,53.260057,19.392107,,8900,7643,576,dw
04202,544,53.253594,19.421143,,8627,7372,571,dw
04071,544,53.24779,19.456677,,6381,5232,520,dw
04912,544,53.248227,19.615043,,2689,1884,323,dw
28091,544,53.258151,19.741837,,2888,1980,372,dw
28092,544,53.271262,19.798449,,4450,3225,500,dw
28094,544,53.260717,19.858299,,5175,3926,467,dw
28095,544,53.233816,20.024949,,4367,3315,368,dw
28096,544,53.236192,20.170827,,14446,12563,863,dw
28097,544,53.236136,20.178815,,9672,8208,641,dw
28098,544,53.161332,20.300837,,5754,4701,416,dw
14381,544,53.110198,20.383694,,12095,11193,448,dw
14382,544,53.102051,20.404396,,11888,9680,906,dw
14014,544,53.080041,20.454363,,5473,4165,363,dw
14015,544,53.051765,20.668385,,2807,1916,288,dw
14379,544,53.019155,20.878383,,10975,9318,649,dw
14017,544,53.016275,20.924034,,2142,1836,148,dw
14018,544,53.085685,21.411278,,4384,3600,377,dw
28099,545,53.242622,20.182003,,10185,8893,606,dw
28100,545,53.298515,20.272949,,4610,3745,430,dw
28102,545,53.357167,20.397471,,6115,4834,610,dw
28103,545,53.361682,20.419827,,13427,11778,742,dw
28104,545,53.367106,20.429523,,9908,8886,550,dw
28105,545,53.450596,20.592507,,2018,1631,148,dw
04026,546,53.106164,18.344004,,3808,3262,339,dw
04173,546,53.132465,18.46265,,3583,2967,403,dw
04072,548,53.312086,18.604332,,2931,2230,283,dw
04073,548,53.291602,18.785191,,3150,2413,298,dw
04074,548,53.254831,19.052287,,2218,1668,208,dw
04203,550,53.325297,18.433417,,3237,2690,263,dw
04101,550,53.284171,18.338154,,904,742,77,dw
04174,550,53.21411,18.367843,,1280,1096,125,dw
04029,551,53.157947,18.237289,,7312,6390,566,dw
04175,551,53.178632,18.325658,,5304,4540,393,dw
04252,551,53.208248,18.388054,,4150,3565,355,dw
04030,551,53.194327,18.442161,,3267,2687,317,dw
04104,551,53.191272,18.500921,,2097,1691,242,dw
04150,551,53.181943,18.592134,,5146,4296,411,dw
04031,551,53.185642,18.606812,,11812,10683,734,dw
04232,551,53.187849,18.643318,,3936,3234,330,dw
04032,551,53.20795,18.711709,,2447,2107,153,dw
04075,551,53.231324,18.822957,,4165,3413,339,dw
04106,552,53.090179,18.591817,,2837,2345,294,dw
04033,552,53.066854,18.692419,,6753,5232,652,dw
04151,552,53.056303,18.719892,,4377,3099,443,dw
04253,553,53.088855,18.537189,,8333,7624,435,dw
04035,553,53.118942,18.500343,,6918,6065,476,dw
04176,553,53.162855,18.463039,,2850,2359,299,dw
04177,554,53.200683,18.817923,,1192,1019,102,dw
04036,554,53.163245,18.874308,,2454,2218,137,dw
04037,554,53.144884,18.976833,,6438,5402,501,dw
04038,554,53.107817,19.051403,,6503,5886,349,dw
04039,554,53.042988,19.098597,,2484,2108,185,dw
04178,554,52.917393,19.118403,,3076,2624,219,dw
14019,555,52.613726,19.520039,,1697,1506,74,dw
04152,556,53.053878,19.262335,,1826,1603,114,dw
04089,557,53.064507,19.394004,,5522,4724,367,dw
04204,557,52.890229,19.208378,,3449,2624,306,dw
04205,557,52.853859,19.175599,,6749,5403,671,dw
04092,558,52.841714,19.177963,,2634,2350,190,dw
04915,558,52.749091,19.233517,,1708,1457,140,dw
04093,559,52.83731,19.193147,,4255,3801,255,dw
04233,559,52.807436,19.308535,,1935,1469,214,dw
14020,559,52.672547,19.496644,,3160,2573,267,dw
14021,559,52.582307,19.625389,,10467,9383,572,dw
04079,560,53.254787,19.398298,,16169,14378,810,dw
04254,560,53.241962,19.394836,,11608,10416,663,dw
04076,560,53.20353,19.383764,,7149,5591,708,dw
04077,560,53.122266,19.384743,,5512,4213,527,dw
04078,560,53.06158,19.414984,,6227,4876,433,dw
04080,560,52.973375,19.560599,,3551,2377,311,dw
14384,560,52.837968,19.681646,,2351,1760,225,dw
14337,560,52.749824,19.751186,,4347,3455,386,dw
14023,560,52.677789,19.801679,,2382,2005,125,dw
14024,561,52.830875,19.864525,,2291,1703,229,dw
04091,562,52.686537,19.206522,,4465,3863,279,dw
04090,562,52.642341,19.316058,,3853,3476,190,dw
04179,562,52.652278,19.37142,,2011,1661,214,dw
14317,562,52.591453,19.510688,,1977,1782,110,dw
14025,562,52.563831,19.6331,,4756,4343,235,dw
04206,563,53.065573,19.426784,,11250,9817,657,dw
04081,563,53.063796,19.460826,,3448,2993,199,dw
14026,563,53.049918,19.827815,,2139,1820,172,dw
14027,563,53.050888,19.876323,,5313,4643,296,dw
14028,563,53.069042,19.908896,,5453,4670,290,dw
14029,563,53.123713,20.312864,,2563,2162,172,dw
04207,566,52.941843,18.950369,,414,362,34,dw
14033,567,52.585575,19.840886,,5040,4336,346,dw
14034,567,52.632839,19.99335,,4671,3858,370,dw
14035,568,52.606189,19.821952,,2222,1924,186,dw
04153,569,53.056803,18.924162,,3297,2949,233,dw
14036,570,52.52734,20.351604,,2756,2356,241,dw
14037,570,52.466877,20.35548,,1667,1297,229,dw
14038,571,52.528971,20.413052,,1397,1051,147,dw
14039,571,52.552214,20.547954,,2434,1961,283,dw
14040,571,52.58553,20.769765,,5101,4374,344,dw
14380,571,52.591896,20.798572,,13817,11955,1018,dw
14084,571,52.645034,20.950215,,4313,3600,348,dw
04208,572,53.030544,18.74522,,1491,1342,124,dw
14041,573,52.490354,19.475948,,2153,1913,143,dw
14385,573,52.419134,19.468626,,8117,7559,390,dw
14043,573,52.375408,19.60964,,2176,1934,143,dw
14044,573,52.331187,19.623825,,1420,1198,125,dw
10042,573,52.271963,19.610218,,1849,1588,153,dw
14045,574,52.468854,19.741892,,7169,6418,414,dw
14338,574,52.396128,19.721338,,4320,3762,338,dw
14046,574,52.392472,19.712952,,3326,2739,305,dw
14047,575,52.478037,19.746179,,11537,10358,696,dw
14048,575,52.375185,19.914845,,4629,4008,403,dw
14339,575,52.37061,20.098718,,1559,1197,234,dw
14049,575,52.378244,20.28001,,1665,1321,193,dw
14050,575,52.41317,20.54511,,2531,2141,299,dw
14051,575,52.419981,20.681277,,8807,7599,763,dw
14052,577,52.457612,19.626134,,4021,3336,328,dw
14340,577,52.402992,19.713787,,1870,1495,183,dw
14341,577,52.390552,19.732133,,2266,1763,214,dw
14053,577,52.38105,19.777625,,4217,3443,340,dw
14054,577,52.300488,20.00297,,2752,2104,320,dw
14055,579,52.394622,20.660265,,7852,6174,744,dw
14056,579,52.374786,20.629545,,7654,5641,949,dw
14057,579,52.223817,20.602629,,7550,5630,680,dw
14058,579,52.189804,20.611943,,9879,7148,659,dw
14059,579,52.171301,20.611625,,9421,6680,800,dw
14342,579,52.141686,20.610025,,23846,19124,1711,dw
14343,579,52.13445,20.610492,,12772,10160,911,dw
14344,579,52.109826,20.594075,,13905,10928,1147,dw
14345,579,52.089064,20.609176,,8832,6721,753,dw
14061,579,52.04316,20.590288,,6044,4225,573,dw
14062,580,52.244249,20.862019,,18825,16810,1195,dw
14063,580,52.252901,20.812945,,15195,13290,1159,dw
14064,580,52.259048,20.703409,,11167,9805,826,dw
14280,580,52.263029,20.64787,,10144,8621,870,dw
14065,580,52.266726,20.47165,,7077,6008,633,dw
14066,581,52.384718,19.342862,,2391,1853,320,dw
10043,581,52.285732,19.218431,,2337,1709,352,dw
04157,582,53.116386,18.630445,,2148,1838,213,dw
10044,583,52.225283,19.598366,,3719,3191,243,dw
10045,583,52.242578,19.627867,,7134,6327,388,dw
14067,583,52.318511,19.740597,,422,324,40,dw
14068,584,52.300016,19.843079,,1742,1407,183,dw
10046,584,52.148712,19.926261,,3778,3311,239,dw
10047,584,52.120514,19.930337,,2592,2204,152,dw
14318,587,53.162053,20.412412,,5501,4581,370,dw
14319,587,53.127408,20.39329,,4547,3476,326,dw
14320,587,53.102256,20.395486,,5066,4012,340,dw
14321,587,52.99947,20.329705,,2369,1807,151,dw
14322,587,52.897942,20.28613,,2515,2032,185,dw
22732,588,53.741421,18.823964,,552,470,54,dw
04040,589,53.155475,18.611491,,5421,4893,319,dw
28106,590,54.19962,21.226079,,813,671,55,dw
28177,590,54.155336,21.131679,,3099,2583,205,dw
28107,590,54.106602,21.144551,,1059,893,81,dw
28108,590,54.045366,21.155771,,3333,2949,181,dw
28109,590,53.99045,21.149282,,803,690,60,dw
28110,590,53.8658,20.965459,,2637,2275,226,dw
28111,591,54.240816,21.315781,,742,603,31,dw
28112,591,54.158387,21.396858,,2075,1826,129,dw
28113,591,54.082999,21.38821,,7596,6528,475,dw
28114,591,54.072202,21.374527,,12663,10983,781,dw
28115,591,53.922871,21.30547,,6322,5124,542,dw
28116,591,53.884345,21.302048,,7847,6569,586,dw
28178,592,54.246804,20.821976,,9683,8307,634,dw
28118,592,54.18395,20.967084,,2777,2189,268,dw
28119,592,54.134909,21.180506,,3076,2393,274,dw
28120,592,54.075933,21.376698,,14086,12746,613,dw
28121,592,54.078227,21.388152,,8168,7219,461,dw
28124,593,54.000449,20.234506,,1156,960,116,dw
28125,593,53.987961,20.381726,,3278,2859,258,dw
28126,593,53.984824,20.405377,,3287,2964,205,dw
28127,593,53.983233,20.61752,,833,686,64,dw
28128,593,53.97594,20.809294,,1959,1607,219,dw
28129,593,54.021924,21.010523,,381,314,35,dw
28130,593,54.028848,21.118095,,1172,973,104,dw
28131,594,54.063125,21.022144,,1047,843,102,dw
28132,594,54.047711,21.252121,,2021,1768,106,dw
28133,594,54.078059,21.351737,,4763,4132,368,dw
28134,595,53.884915,20.7237,,4020,3254,421,dw
04154,597,53.188343,18.39578,,990,827,82,dw
28184,598,53.714103,20.509843,,14059,12989,721,dw
28137,598,53.608069,20.579653,,2352,2082,159,dw
04209,599,53.163743,18.694468,,360,264,46,dw
28138,600,53.859376,21.295004,,2769,2460,201,dw
28139,600,53.705058,21.093056,,806,679,67,dw
22829,602,53.893076,18.928336,,475,431,22,dw
28185,604,53.374384,20.389514,,4993,4013,449,dw
28141,604,53.36039,20.429488,,6128,5208,373,dw
28142,604,53.362628,20.640246,,1984,1452,153,dw
22843,607,53.830649,18.957181,,1519,1335,103,dw
22833,607,53.851528,18.96385,,1499,1348,119,dw
22862,608,53.836408,18.961067,,1275,1064,80,dw
28143,609,53.704787,21.502636,,1658,1441,124,dw
28144,610,53.730565,21.382144,,3045,2461,320,dw
28145,610,53.681191,21.51942,,4522,3740,463,dw
14346,614,53.269546,20.909565,,2118,1591,226,dw
14070,614,53.284303,20.935606,,1895,1424,206,dw
14071,615,52.899435,20.578671,,10917,9063,844,dw
14072,615,52.884923,20.591667,,9002,8262,472,dw
14073,616,53.099638,20.681704,,1612,1041,152,dw
14074,616,52.956867,20.647833,,2870,2462,145,dw
14075,617,52.929617,20.694963,,4299,3486,343,dw
14076,617,52.888644,20.62837,,12138,10457,851,dw
14281,618,52.730755,20.961216,,4746,3636,416,dw
14077,618,52.729396,20.96616,,5034,3989,375,dw
14347,618,52.692873,21.100819,,14924,13019,820,dw
14078,618,52.622932,21.346276,,6799,5428,549,dw
14079,618,52.596906,21.448445,,9611,8652,448,dw
28192,619,53.689749,19.900373,,3424,3068,236,dw
28193,619,53.680881,19.920907,,3948,3508,244,dw
14085,620,52.670432,20.762511,,2463,2204,137,dw
28194,621,53.841429,22.386084,,6230,5295,535,dw
28195,621,53.824887,22.390756,,12082,10338,1071,dw
28196,621,53.805823,22.367791,,26678,23987,1611,dw
28197,621,53.766787,22.335391,,10009,8495,813,dw
14293,622,52.528493,20.983544,,3345,2710,324,dw
14090,624,52.423598,21.083238,,589,527,48,dw
28198,625,53.834909,22.396529,,8611,7007,874,dw
28199,625,53.860394,22.573966,,2153,1825,194,dw
14092,626,53.00197,21.301677,,1900,1539,163,dw
14093,627,53.034456,21.684676,,4685,3554,351,dw
14332,627,52.863056,21.817533,,1870,1144,133,dw
14127,627,52.832071,21.874282,,3727,2972,282,dw
14282,627,52.820636,21.888087,,7986,6700,493,dw
14128,627,52.804063,21.896173,,9575,7990,390,dw
14348,627,52.79445,21.911843,,7177,6018,437,dw
14129,627,52.729903,21.99235,,4606,3599,368,dw
14302,627,52.692025,22.024698,,7805,6214,593,dw
14283,627,52.621209,22.090543,,3107,2125,290,dw
14130,627,52.471404,22.193669,,4109,3124,283,dw
14096,630,52.415209,20.755216,,15242,13369,1139,dw
14097,631,52.430755,20.704936,,14132,12956,809,dw
14098,631,52.449745,20.863375,,7329,6259,525,dw
14099,631,52.444542,20.998167,,10267,8564,849,dw
14378,631,52.436979,21.021847,,22136,18850,1955,dw
14101,631,52.410594,21.083243,,13094,11008,1135,dw
14307,631,52.357327,21.141085,,12049,10277,948,dw
14102,631,52.301282,21.137035,,27787,24025,2021,dw
14103,631,52.29168,21.139064,,48495,42635,3809,dw
14080,632,52.616029,20.372488,,13633,11788,1273,dw
14081,632,52.657203,20.624867,,4911,4065,462,dw
14082,632,52.626841,20.719208,,4361,3480,497,dw
14086,632,52.57382,20.857531,,6190,5233,551,dw
14376,632,52.483066,20.92306,,13051,11299,794,dw
14088,632,52.423405,20.960052,,13547,11891,915,dw
14104,632,52.385912,21.015849,,14895,13127,1198,dw
14105,632,52.360716,21.111409,,9682,8333,958,dw
14349,632,52.361693,21.136882,,21862,18728,1950,dw
14313,632,52.383073,21.154832,,17388,14704,1615,dw
14350,632,52.398773,21.172839,,11915,9760,1346,dw
14377,633,52.372853,21.028957,,21296,18839,1581,dw
14107,633,52.427799,21.031499,,15753,14296,924,dw
14108,634,52.288254,21.109527,,13577,12177,714,dw
14109,634,52.304839,21.16396,,9562,8631,686,dw
14371,634,52.379827,21.418216,,6845,5940,580,dw
14372,635,52.371997,21.221484,,11561,9778,1102,dw
14351,635,52.366785,21.234615,,10196,8718,915,dw
14114,636,52.444889,21.281819,,8387,6961,758,dw
14115,636,52.452027,21.447919,,4466,3728,387,dw
14116,637,52.252757,21.261532,,13660,12096,967,dw
14117,637,52.251982,21.27869,,19833,17476,1523,dw
14118,637,52.275287,21.487041,,4740,3988,353,dw
14119,637,52.325822,21.691613,,3903,3217,271,dw
14120,637,52.381039,21.974109,,8927,7239,672,dw
14121,637,52.394017,22.021719,,6896,5274,494,dw
14122,638,52.249309,21.268339,,15066,13189,1185,dw
20001,640,52.387124,22.936503,,1657,1318,108,dw
20002,640,52.371899,23.035236,,522,433,35,dw
28146,642,53.959687,21.554322,,748,566,68,dw
28147,642,53.862558,21.602579,,1256,1014,129,dw
28148,643,53.964874,21.742712,,1729,1504,113,dw
14125,645,53.373181,21.438044,,3838,2934,420,dw
14284,645,53.36452,21.552089,,4715,3995,357,dw
20003,645,53.243282,21.77375,,3648,2742,485,dw
20106,645,53.2259,21.865787,,6894,5771,600,dw
20004,645,53.198395,21.984006,,7150,6118,580,dw
20109,645,53.193341,22.017138,,6543,5537,577,dw
20096,645,53.152251,22.106616,,6610,5838,449,dw
20097,645,53.107945,22.129842,,7027,5892,601,dw
04155,646,53.093847,18.762066,,1741,1443,192,dw
14126,647,53.390201,21.631428,,1470,1017,182,dw
20005,647,53.388517,21.856625,,2584,1953,265,dw
20006,647,53.41266,21.9407,,4176,3398,335,dw
20007,647,53.39019,22.125979,,1703,1161,180,dw
20008,648,53.186877,21.854805,,1271,994,177,dw
20009,648,53.293807,21.919521,,1172,899,190,dw
20010,648,53.359254,22.070523,,849,631,88,dw
20011,648,53.378055,22.16398,,983,767,88,dw
04156,649,53.170983,18.692256,,2604,2121,260,dw
04234,649,53.169164,18.729421,,1861,1444,215,dw
28172,650,54.210001,21.52339,,2796,2290,223,dw
28150,650,54.213963,21.553121,,2938,2378,263,dw
28151,650,54.216395,21.731782,,8280,7293,471,dw
28152,650,54.219982,21.745989,,3293,2730,236,dw
28153,650,54.24771,22.029808,,2094,1675,158,dw
28154,650,54.30359,22.301107,,6483,5985,327,dw
28155,651,54.307955,22.313341,,5005,4581,244,dw
20012,651,54.358772,22.869564,,1094,946,68,dw
20013,651,54.269712,23.040818,,995,840,66,dw
20014,651,54.1806,23.197748,,700,589,64,dw
28157,652,54.173762,22.574369,,2812,2371,216,dw
20015,652,54.178425,22.637263,,2812,2371,216,dw
28187,653,54.062,22.484861,,4565,3875,303,dw
20016,653,54.084615,22.819076,,3561,3047,303,dw
20094,653,54.091594,22.877277,,5838,4953,461,dw
20017,653,54.108572,23.277015,,3706,3219,292,dw
20091,653,54.107881,23.34258,,5993,5373,323,dw
20018,653,54.105412,23.364961,,2128,1889,137,dw
04042,654,52.974636,18.713848,,7364,6753,427,dw
04255,654,52.999606,18.700277,,13773,12774,650,dw
28159,655,53.986561,22.020287,,2619,2191,230,dw
28161,655,54.040575,22.493158,,5367,4925,184,dw
28188,655,54.037157,22.495712,,11445,10192,554,dw
28162,655,54.02908,22.506477,,10837,9396,668,dw
28163,655,53.985361,22.567085,,3829,3124,236,dw
28164,655,53.96776,22.689425,,2641,1970,268,dw
20019,655,53.972436,22.71382,,2124,1688,224,dw
20020,655,54.012964,22.826212,,2424,2129,173,dw
20021,655,54.203107,22.912667,,4664,4119,362,dw
28165,656,53.941638,21.938524,,775,664,87,dw
28166,656,53.888198,22.097064,,1302,1060,160,dw
04041,657,53.000513,18.741308,,2642,2382,153,dw
20022,658,52.428096,23.000154,,347,300,29,dw
20095,659,52.767653,23.178754,,4715,4201,315,dw
20079,659,52.840624,22.976972,,1133,914,125,dw
20023,659,52.855061,22.705183,,2510,2167,158,dw
20080,662,53.854009,23.002421,,11843,10553,738,dw
20081,662,53.929653,22.979058,,5487,4824,391,dw
20100,662,54.040695,22.939384,,6004,4917,461,dw
20098,662,54.177531,22.996948,,2249,1781,136,dw
20099,662,54.263218,23.085386,,542,413,20,dw
20024,663,54.091605,23.346247,,2263,1976,131,dw
20026,664,53.835762,22.98727,,4812,4286,287,dw
20027,664,53.800692,23.190788,,1833,1589,130,dw
20028,664,53.750052,23.465725,,649,576,23,dw
20117,665,53.592186,22.340598,,7419,5332,719,dw
20101,665,53.642308,22.444308,,8344,6243,734,dw
20102,665,53.648124,22.459491,,8766,7443,607,dw
20103,665,53.683986,22.61935,,4665,3579,471,dw
20104,665,53.82553,22.945656,,6412,5198,511,dw
28168,667,53.691187,22.116195,,2389,1909,185,dw
20029,668,53.215364,22.156591,,4589,3955,399,dw
20111,668,53.309454,22.300083,,1797,1427,172,dw
20030,668,53.409911,22.409652,,1890,1650,96,dw
20031,670,53.497066,22.778638,,1273,1012,127,dw
20032,670,53.634454,23.227367,,1388,1085,160,dw
20033,670,53.643276,23.434228,,1044,910,66,dw
20034,671,53.473861,23.404687,,1154,894,99,dw
20035,671,53.346104,22.959913,,2439,2028,249,dw
20036,671,53.26875,22.862765,,2296,1816,285,dw
20037,671,53.004777,22.700212,,2627,2072,271,dw
20082,672,53.904765,23.265495,,1128,879,121,dw
20083,672,53.887353,23.395425,,587,491,42,dw
20038,673,53.669674,23.34627,,2583,2160,217,dw
20039,673,53.639228,23.355339,,2279,1906,207,dw
20040,673,53.435634,23.48728,,5600,4699,445,dw
20041,674,53.402643,23.514971,,9235,8147,516,dw
20042,674,53.36516,23.558419,,2149,1807,139,dw
20043,676,53.147911,23.062707,,18779,15758,1675,dw
20044,676,53.179565,23.237675,,8413,7522,550,dw
20045,676,53.249893,23.481423,,2069,1733,165,dw
20046,676,53.268022,23.748935,,1460,1184,108,dw
20105,677,53.131138,22.049125,,5225,4361,405,dw
20047,677,53.040339,21.986701,,2358,1771,231,dw
14323,677,52.937302,21.884108,,841,580,92,dw
20048,678,53.094761,23.121463,,25484,22254,1690,dw
20112,678,53.055737,23.03374,,2749,2391,214,dw
20049,678,53.024837,22.797933,,1383,1081,147,dw
20078,679,53.127636,22.115175,,3736,3015,298,dw
28200,680,53.844411,21.147748,,1252,1008,112,dw
28201,680,53.857361,21.255556,,2082,1710,184,dw
20054,681,52.978741,22.864537,,7708,6637,554,dw
20055,681,52.926124,22.827238,,4082,3405,342,dw
20056,681,52.747938,22.843134,,2469,1965,275,dw
20113,681,52.741528,22.836675,,5860,4900,441,dw
20057,681,52.694364,22.558711,,2133,1662,215,dw
20058,682,52.988082,22.877851,,8261,7247,551,dw
20059,682,53.016563,22.999841,,7506,6535,572,dw
14132,683,51.952049,21.083841,,2342,2039,209,dw
20084,684,52.774566,23.194248,,6764,6289,327,dw
20085,684,52.840949,23.402149,,1196,995,97,dw
20060,685,53.008125,23.351399,,3827,3243,293,dw
20086,685,52.846985,23.571145,,3455,2951,241,dw
20061,685,52.804851,23.612988,,5918,5118,365,dw
20062,685,52.755546,23.584029,,7524,6631,436,dw
20092,685,52.744151,23.579238,,5794,5152,302,dw
20115,685,53.014199,23.338318,,4553,4051,221,dw
20063,685,52.703039,23.530908,,2432,1986,183,dw
20064,686,53.040346,23.600119,,2766,2366,152,dw
20065,686,52.971731,23.713265,,959,741,45,dw
20066,687,52.92542,23.756855,,617,382,53,dw
20093,687,52.835855,23.756055,,2910,2529,140,dw
20087,688,52.906329,23.777091,,512,287,47,dw
20067,689,52.749477,23.436387,,2907,2423,226,dw
20068,689,52.741755,23.570241,,5702,5042,356,dw
20114,689,52.733044,23.598307,,3859,3472,171,dw
20069,689,52.705257,23.703071,,1955,1720,103,dw
14133,690,52.766778,22.362582,,1938,1412,284,dw
20071,690,52.698483,22.453756,,2163,1560,318,dw
20072,690,52.681829,22.4962,,9496,7887,859,dw
20088,690,52.669069,22.513377,,2286,1797,238,dw
20073,690,52.485693,22.76745,,1678,1434,160,dw
14134,691,51.474818,21.501694,,2689,2332,182,dw
14235,691,51.503507,21.671859,,1235,1014,121,dw
14265,691,51.529233,21.762122,,990,806,121,dw
20089,692,52.401959,22.666132,,1526,1064,122,dw
20090,692,52.558672,22.887184,,907,661,107,dw
20074,693,52.473201,23.081054,,1942,1559,182,dw
20075,693,52.445463,22.973353,,2552,2154,229,dw
20076,693,52.427473,22.8694,,10128,9176,556,dw
14135,694,52.687129,21.693015,,4242,3463,386,dw
14136,694,52.696789,21.959711,,2612,1956,238,dw
14137,694,52.695473,22.24214,,1836,1413,195,dw
14138,694,52.684862,22.394718,,2220,1579,294,dw
20077,694,52.688234,22.465655,,2239,1677,253,dw
14139,695,52.6268,22.222157,,1811,1362,161,dw
14140,696,52.34579,22.052908,,3673,2707,445,dw
14141,697,52.299142,21.930115,,3784,2905,306,dw
14142,698,52.205129,22.512023,,7096,6063,615,dw
14143,698,52.211675,22.718892,,8377,7134,578,dw
14144,698,52.187413,22.814214,,3632,3090,250,dw
06002,698,52.20662,23.10749,,2146,1779,204,dw
06004,698,52.147818,23.484695,,767,653,60,dw
06248,698,52.086637,23.572565,,1108,977,51,dw
06005,698,52.069468,23.599216,,4799,4366,209,dw
14146,700,52.207236,20.697471,,5563,4480,515,dw
14308,700,52.185779,20.669337,,5576,4764,502,dw
14147,701,52.191877,20.742273,,4634,3618,466,dw
14148,701,52.201319,20.798977,,7558,6146,722,dw
10049,702,52.117678,19.485944,,3727,2895,360,dw
10142,702,52.068766,19.479664,,5217,4110,551,dw
10050,702,51.992973,19.44974,,5146,4031,497,dw
10051,702,51.928039,19.443886,,9930,8138,755,dw
10107,702,51.902649,19.427294,,10698,8648,893,dw
10052,702,51.861973,19.406755,,14264,12195,990,dw
10053,703,51.880343,18.888075,,3270,2708,241,dw
10054,703,51.913476,18.973397,,5097,4393,379,dw
10055,703,51.983933,19.031424,,5203,3979,525,dw
10056,703,52.043159,19.143247,,3430,2665,289,dw
10057,703,52.057832,19.202315,,6368,5315,413,dw
10058,703,52.071235,19.29229,,2505,1889,243,dw
10165,703,52.067963,19.522347,,4341,2793,596,dw
10059,703,52.08723,19.744927,,2301,1762,240,dw
10060,703,52.105354,19.915157,,7572,6685,491,dw
10061,704,52.038233,19.880873,,3961,2705,271,dw
10108,704,51.964515,19.889506,,2161,1684,270,dw
10062,704,51.806025,19.756157,,4990,4407,338,dw
14353,705,52.344646,20.282037,,2068,1785,141,dw
14149,705,52.277394,20.286651,,4646,4093,232,dw
14150,705,52.236479,20.248735,,10387,9533,391,dw
14309,705,52.222035,20.2414,,12416,11571,408,dw
14151,705,52.186615,20.200121,,6466,5642,442,dw
10063,705,52.00099,20.184377,,4113,3462,372,dw
10064,705,51.853923,19.969587,,2608,2224,219,dw
10065,707,51.80466,20.260279,,5203,4198,488,dw
10066,707,51.771572,20.265633,,7787,6116,531,dw
10067,707,51.755749,20.29274,,7987,6577,766,dw
14152,707,51.652429,20.494268,,2254,1539,295,dw
10068,708,51.975942,19.379795,,4020,3199,434,dw
10069,708,51.90641,19.5919,,5948,4026,659,dw
10169,708,51.907814,19.614327,,4105,2439,389,dw
10070,708,51.884886,19.680649,,3421,2437,368,dw
10071,708,51.801941,19.748268,,7224,5904,557,dw
14324,709,52.829451,20.26084,,2036,1258,123,dw
10072,710,51.746948,19.335597,,17678,16150,943,dw
10073,710,51.759446,19.259718,,8133,7245,528,dw
10074,710,51.74239,19.113177,,4549,3874,373,dw
10109,710,51.693204,18.982867,,6517,5403,586,dw
10075,710,51.69065,18.887643,,2045,1606,191,dw
10076,710,51.705828,18.677818,,2789,2207,291,dw
10077,710,51.655251,18.494026,,2016,1610,209,dw
10078,713,51.691291,19.667355,,6261,5462,378,dw
10079,713,51.650929,19.800978,,7255,5636,640,dw
10080,713,51.612493,19.867584,,8294,6289,818,dw
10081,713,51.560362,19.984037,,10427,8070,826,dw
10082,713,51.551658,20.016617,,12251,10455,874,dw
10166,713,51.529836,20.027243,,9122,8525,378,dw
10144,713,51.522877,20.054244,,12151,10357,888,dw
10083,713,51.422866,20.166552,,3691,3074,286,dw
10145,713,51.375609,20.269861,,10058,9123,522,dw
10167,713,51.371008,20.293462,,16161,14512,897,dw
10146,713,51.372986,20.315957,,5903,5120,347,dw
10084,714,51.664574,19.646469,,10863,8742,987,dw
10085,715,51.794015,19.762315,,9419,7738,654,dw
10087,715,51.738881,19.818253,,14534,13053,829,dw
10088,715,51.631004,19.934515,,3158,2593,327,dw
10089,716,51.715873,19.800476,,3128,2422,279,dw
10090,716,51.482782,19.714253,,4308,3653,377,dw
14375,718,52.246767,20.745433,,5237,4564,481,dw
14157,718,52.206529,20.768795,,15149,11246,2025,dw
14310,718,52.183359,20.782097,,38201,28331,2928,dw
14158,718,52.175696,20.796861,,14389,12330,1219,dw
14285,719,52.178326,20.87295,,46044,41784,2767,dw
14159,719,52.174167,20.857524,,36418,32843,2244,dw
14160,719,52.170719,20.817717,,26754,24390,1353,dw
14286,719,52.165363,20.805627,,20867,19211,942,dw
14373,719,52.134158,20.762798,,15499,14101,861,dw
14162,719,52.13277,20.739246,,12864,11666,843,dw
14287,719,52.115623,20.66348,,15500,14077,905,dw
14334,719,52.098349,20.604213,,13533,12208,756,dw
14163,719,52.07098,20.519038,,11251,10078,697,dw
14164,719,52.052636,20.458098,,11237,9886,779,dw
14165,719,52.012652,20.382956,,6708,5844,551,dw
14374,720,52.189483,20.642484,,5150,4551,394,dw
14311,720,52.177554,20.668583,,2097,1693,241,dw
14354,720,52.147235,20.712576,,4413,3963,249,dw
14167,720,52.139935,20.729636,,8874,7835,628,dw
14168,720,52.097368,20.798565,,9681,8523,807,dw
14169,721,52.102247,20.881843,,8443,6851,910,dw
14333,721,52.096223,20.9227,,16328,13996,1279,dw
14170,721,52.082256,20.991749,,12426,10544,1071,dw
14171,721,52.083513,21.033171,,9728,8648,646,dw
14172,721,52.093476,21.117758,,25508,23415,1312,dw
14173,721,52.095836,21.148968,,3176,2845,242,dw
14355,721,52.099799,21.164151,,1618,1396,131,dw
14174,721,52.121507,21.208376,,4853,4450,241,dw
14175,721,52.127072,21.23063,,6760,6273,308,dw
14176,721,52.150553,21.281306,,8623,7596,659,dw
14177,721,52.190768,21.351935,,3253,2681,342,dw
14270,722,52.027676,21.039141,,6655,5849,470,dw
14180,722,52.023253,20.973931,,5588,4970,372,dw
14181,722,51.962784,20.949201,,5147,4555,363,dw
14182,722,51.915462,20.949835,,2388,2071,182,dw
26001,723,50.655981,21.763331,,10097,8531,784,dw
14183,724,52.106628,21.113165,,34386,31323,1832,dw
14184,724,52.061446,21.153295,,9722,8637,558,dw
14325,724,51.985275,21.216342,,14458,12750,850,dw
10091,725,51.775816,20.290948,,6544,4932,718,dw
10092,725,51.809193,20.481232,,4559,3184,662,dw
14185,725,51.818839,20.773942,,4872,3652,495,dw
10178,726,51.752892,20.258472,,4979,4217,407,dw
10094,726,51.694237,20.26644,,3547,2987,305,dw
10095,726,51.475065,20.25236,,4273,3289,371,dw
10096,726,51.381482,20.285857,,9812,8746,577,dw
10148,726,51.364897,20.29731,,10346,9049,677,dw
10097,726,51.327878,20.282265,,4055,3350,325,dw
14288,727,51.491819,20.671563,,956,742,168,dw
14186,727,51.379474,20.650388,,3642,3239,205,dw
14289,727,51.355492,20.630679,,6032,5401,389,dw
14187,727,51.303322,20.72294,,1854,1581,131,dw
14356,727,51.252848,20.811208,,3917,3481,238,dw
14369,727,51.231811,20.863197,,8573,7756,525,dw
14189,727,51.245883,20.979826,,2547,1966,246,dw
14190,728,51.851691,20.842649,,14542,11950,1133,dw
14191,728,51.6923,20.721468,,6804,5698,582,dw
14192,728,51.570528,20.566486,,3521,2474,404,dw
14193,728,51.512486,20.549931,,4503,3540,426,dw
10098,728,51.417936,20.453627,,2720,2031,273,dw
26130,728,51.280883,20.441388,,3559,2633,317,dw
26002,728,51.210219,20.40445,,4142,3395,313,dw
26003,728,51.173579,20.385113,,8816,7443,674,dw
26004,728,51.081963,20.285272,,3928,2510,300,dw
26097,728,50.993871,20.267035,,2848,1555,221,dw
26005,728,50.822975,20.280617,,4057,2358,484,dw
26006,728,50.670304,20.299928,,5067,3818,389,dw
14195,729,51.505049,20.719625,,1656,1433,168,dw
14196,730,51.821624,20.937325,,7103,5636,683,dw
14197,730,51.783175,21.183924,,4994,4098,407,dw
14290,730,51.779393,21.194348,,9229,7924,827,dw
14198,730,51.735805,21.218638,,5346,4567,464,dw
14199,731,51.860379,21.210191,,5338,4414,485,dw
14200,731,51.760136,21.120943,,3150,2416,389,dw
14201,731,51.671074,20.944855,,7378,6356,654,dw
14202,732,51.546049,20.979218,,3515,3017,312,dw
14208,733,51.293247,21.344712,,819,668,71,dw
14210,734,52.049142,21.259227,,868,755,55,dw
14370,735,51.484889,21.124024,,25290,20872,2071,dw
14315,735,51.353842,21.047491,,8124,6926,572,dw
14316,735,51.341697,21.030223,,14595,11480,1296,dw
14357,735,51.264918,20.912451,,3460,2942,224,dw
14212,736,51.784002,21.238665,,2194,1843,184,dw
14291,737,51.434925,21.292727,,9460,8193,730,dw
14214,737,51.467906,21.362731,,5491,4743,415,dw
14215,737,51.530323,21.464576,,4082,3295,409,dw
14216,738,51.511754,21.720644,,1909,1427,230,dw
14301,738,51.475561,21.810354,,2185,1690,222,dw
06006,738,51.431838,21.913327,,4362,3729,331,dw
14217,739,51.959632,21.230375,,1601,1385,138,dw
14218,739,51.932368,21.298545,,4115,3605,336,dw
14219,739,51.956036,21.415745,,1684,1431,139,dw
14220,740,51.419892,21.076228,,11862,10136,896,dw
14221,740,51.460009,20.92528,,7723,6045,836,dw
14222,740,51.504751,20.760057,,4932,3332,760,dw
10099,742,51.190283,19.855044,,3468,2827,250,dw
10100,742,51.078393,19.87607,,2350,1745,216,dw
26007,742,50.940413,19.904786,,3536,2824,280,dw
26098,742,50.858811,19.962887,,4605,3897,306,dw
26109,"742
785",50.849861,19.96574,,4848,4061,393,dw
26008,742,50.83638,20.007224,,3439,2755,320,dw
26099,742,50.720563,20.097698,,2967,2194,388,dw
06008,743,51.406742,21.935501,,4365,3888,264,dw
06249,743,51.381509,21.941409,,541,463,52,dw
14223,744,51.356823,21.130136,,11279,10229,660,dw
14387,744,51.320159,21.119287,,6466,5635,431,dw
14224,744,51.281392,21.109675,,6373,5432,486,dw
14225,744,51.2437,21.074891,,2286,1833,202,dw
26009,744,51.12663,21.078791,,2604,2154,204,dw
26110,744,51.075319,21.071599,,3640,3308,167,dw
26012,745,50.901999,20.7031,,8344,7412,594,dw
26013,745,50.887278,20.775341,,5142,4643,328,dw
10101,746,51.232513,20.235938,,2388,1667,276,dw
26014,746,51.19922,20.383621,,4860,3822,431,dw
14226,747,51.150256,21.482941,,2336,1813,253,dw
14335,747,51.131455,21.701814,,2022,1525,217,dw
06228,747,51.125524,21.804157,,3211,2327,349,dw
06229,747,51.135027,21.944381,,4566,3486,485,dw
06230,747,51.129403,21.9974,,2936,2253,298,dw
06231,747,51.119342,22.044998,,5214,4103,515,dw
06232,747,51.109808,22.119175,,4344,3318,599,dw
06233,747,51.139363,22.183072,,5680,4601,476,dw
06234,747,51.178781,22.248262,,5535,4428,542,dw
06014,747,51.196064,22.309422,,9039,7626,689,dw
06250,747,51.210754,22.41092,,9471,8095,760,dw
26015,748,50.941843,20.422428,,4996,4395,341,dw
26016,749,51.191785,20.412529,,4215,3800,274,dw
14228,749,51.336885,20.626183,,1520,1311,138,dw
26018,750,50.988105,20.608463,,4764,4054,466,dw
26019,750,50.968872,20.679977,,3362,2896,296,dw
26020,751,51.024604,20.836729,,4624,3972,406,dw
26021,751,50.864099,21.0895,,3782,3115,426,dw
26022,751,50.899049,21.222648,,5353,4542,422,dw
26023,751,50.927988,21.38372,,11629,10151,619,dw
26111,751,50.931763,21.385979,,19438,17259,953,dw
26024,752,50.866826,20.833554,,5246,4391,494,dw
26025,752,50.945958,20.971068,,4512,3848,459,dw
26026,753,50.8491,20.913,,6880,5706,667,dw
26106,753,50.862448,21.108633,,4049,3315,350,dw
26027,754,50.941858,21.39324,,10731,9815,478,dw
26112,754,50.949557,21.400307,,6535,6021,279,dw
26028,754,51.01493,21.538435,,3243,2625,278,dw
26029,754,51.027346,21.633706,,1844,1433,165,dw
14368,754,51.11921,21.757863,,2134,1524,172,dw
26031,755,50.923799,21.4011,,5565,5244,177,dw
26032,755,50.875748,21.575468,,3334,2704,304,dw
26104,755,50.885432,21.656904,,3400,2775,320,dw
26033,755,50.831008,21.777436,,801,611,48,dw
26080,755,50.814313,21.832754,,1671,1219,210,dw
26034,756,50.973712,21.091722,,8446,7290,589,dw
26035,756,50.870381,21.089606,,3092,2448,357,dw
26036,756,50.858665,21.088073,,5686,4495,602,dw
26107,756,50.814357,21.078379,,2650,1992,363,dw
26114,756,50.734273,21.076187,,3298,2406,434,dw
26037,756,50.675813,21.048005,,2637,2148,285,dw
26038,756,50.595601,21.010404,,2337,1805,270,dw
26100,756,50.44615,20.940244,,2613,2357,177,dw
26039,757,50.766295,21.344657,,4419,2916,335,dw
26040,757,50.693129,21.238281,,2389,1828,216,dw
26041,757,50.612096,21.205891,,5534,4711,440,dw
26043,757,50.52818,21.085929,,3795,3013,350,dw
26115,758,50.663871,21.42137,,1676,1374,164,dw
26044,758,50.65745,21.447081,,5009,3624,362,dw
26045,758,50.643062,21.515042,,1062,899,120,dw
26046,758,50.597858,21.585179,,1351,1029,141,dw
26108,758,50.584082,21.64703,,522,438,59,dw
14365,760,53.117579,21.671513,,7128,5325,644,dw
20107,760,53.133053,21.723243,,5982,4248,584,dw
20108,760,53.163703,21.959006,,8007,5949,652,dw
26129,761,50.854674,20.509852,,6632,5700,521,dw
26048,761,50.873246,20.470809,,6091,4926,451,dw
26049,762,50.811389,20.492116,,20879,17514,1133,dw
26116,762,50.805033,20.47663,,17582,14444,1186,dw
26050,762,50.80219,20.417619,,6538,5393,475,dw
26117,763,50.798224,20.479846,,8129,6013,848,dw
26051,763,50.776453,20.561582,,7176,5374,838,dw
26052,764,50.813894,20.713054,,8467,7459,668,dw
26118,764,50.751321,20.896252,,4891,4022,525,dw
26053,764,50.682702,21.041397,,3863,3193,412,dw
26119,764,50.670143,21.053178,,4913,3964,443,dw
26054,764,50.624031,21.100576,,5434,4409,561,dw
26103,764,50.579055,21.157502,,4119,3046,458,dw
26120,764,50.554229,21.157516,,3746,2479,412,dw
26121,764,50.555906,21.171912,,12966,10308,1264,dw
26055,764,50.525845,21.206711,,8537,7324,742,dw
26122,764,50.438658,21.296687,,10713,8706,783,dw
18117,"764
764",50.430554,21.326091,,6402,4756,684,dw
18109,764,50.384903,21.417964,,5557,4044,622,dw
26056,765,50.617533,20.771726,,1802,1079,244,dw
26123,765,50.605299,20.8375,,5116,3761,551,dw
26057,765,50.59,21.0021,,5827,4529,679,dw
26124,765,50.575317,21.122151,,4736,3594,517,dw
26059,765,50.559499,21.2022,,6310,5098,522,dw
26060,766,50.7421,20.6159,,6622,5601,461,dw
26061,766,50.592989,20.560871,,4962,3963,380,dw
26125,766,50.506312,20.552804,,1900,1173,169,dw
26126,766,50.517211,20.526476,,5516,4769,385,dw
26063,766,50.495446,20.466715,,3049,2599,238,dw
26064,767,50.470659,20.694144,,7950,6697,576,dw
26066,768,50.514177,20.321241,,1706,1329,199,dw
26067,768,50.427065,20.344069,,1450,1056,194,dw
26068,768,50.35833,20.35202,,2505,1874,348,dw
26069,768,50.340874,20.403597,,3821,3042,478,dw
26070,768,50.315925,20.417546,,3972,3156,461,dw
26071,768,50.216282,20.572183,,2041,1430,207,dw
12002,768,50.151867,20.61152,,4576,2901,509,dw
12251,768,50.111421,20.618071,,4203,2665,464,dw
12003,768,50.062835,20.637698,,5152,3592,507,dw
12004,768,50.007738,20.607583,,5072,3435,423,dw
26072,770,50.346583,20.464935,,1263,923,203,dw
26073,771,50.335341,20.774319,,698,526,117,dw
12252,772,50.41897,20.119722,,2656,2270,174,dw
12253,772,50.349359,20.040449,,6107,5278,437,dw
12254,772,50.323386,20.034232,,8282,7089,674,dw
12255,772,50.252395,20.088094,,6962,5198,738,dw
12256,772,50.232052,20.06654,,6861,5509,585,dw
12257,772,50.211589,20.022938,,6554,5367,533,dw
12258,772,50.165487,19.978517,,11800,10183,699,dw
12259,772,50.135535,19.968045,,18770,16660,1040,dw
12005,773,50.272872,19.706012,,4362,3574,490,dw
12006,773,50.229753,19.851701,,4997,4232,411,dw
12007,773,50.222656,19.978038,,3419,2805,329,dw
12008,774,50.093614,19.804033,,9361,7500,703,dw
12174,774,50.084216,19.807249,,17734,14617,1653,dw
12009,774,50.07138,19.804844,,15611,13696,1028,dw
12158,774,50.045718,19.798752,,16848,14592,1309,dw
12010,775,50.224715,20.152083,,3727,2673,406,dw
12159,775,50.191322,20.306533,,10722,8895,868,dw
12012,775,50.170694,20.353277,,3246,2537,273,dw
12013,775,50.122381,20.375473,,3963,3496,379,dw
12014,776,50.121367,20.095701,,20055,17782,1330,dw
12015,776,50.162904,20.205422,,9197,7871,784,dw
12260,776,50.188888,20.270451,,6426,5359,568,dw
12011,776,50.197397,20.292813,,8903,7216,887,dw
12016,776,50.220611,20.315213,,8293,6936,829,dw
26074,776,50.255594,20.47641,,4467,3792,411,dw
26075,776,50.288653,20.525397,,2985,2434,280,dw
26076,776,50.33956,20.660374,,5549,4778,503,dw
26077,776,50.427802,20.706318,,4701,4006,378,dw
26078,777,50.693993,21.755205,,11324,9953,952,dw
26079,777,50.729204,21.786732,,6425,5447,605,dw
26113,777,50.778168,21.829285,,2004,1580,278,dw
12901,780,50.038281,19.812794,,13104,10291,1457,dw
12017,780,50.042752,19.809759,,19591,15872,1797,dw
12018,780,50.038734,19.768174,,20331,16918,1700,dw
12160,780,50.038342,19.684518,,10634,8585,752,dw
12019,780,50.04392,19.581703,,10080,8100,834,dw
12020,780,50.058669,19.526654,,11024,8962,842,dw
12175,780,50.061094,19.432423,,6644,4570,536,dw
12261,780,50.079083,19.376327,,9627,7451,666,dw
12021,780,50.087357,19.320306,,9581,7102,756,dw
12262,780,50.095918,19.2851,,10140,8027,675,dw
12022,780,50.100116,19.254194,,9984,7889,624,dw
24037,780,50.092442,19.205904,,5712,3816,522,dw
12263,781,50.141803,19.426311,,11428,10425,581,dw
12264,781,50.131782,19.425888,,10296,9252,586,dw
12024,781,50.113799,19.442248,,5144,4573,302,dw
12265,781,50.097363,19.463139,,6245,5331,521,dw
12025,781,50.023467,19.435517,,9076,6938,922,dw
12026,781,49.890857,19.356952,,6325,5503,482,dw
12027,781,49.849432,19.33951,,12655,11565,777,dw
12028,781,49.812587,19.32905,,4331,3832,333,dw
24039,781,49.769762,19.311854,,1268,1092,162,dw
24040,781,49.743113,19.257816,,2045,1735,205,dw
12266,783,50.274787,19.597115,,7980,6546,571,dw
12029,783,50.345256,19.686626,,10227,8282,928,dw
12030,783,50.368239,19.770843,,3422,2493,292,dw
12031,783,50.363129,19.917652,,6754,5383,712,dw
12033,783,50.360423,19.993514,,4594,3331,532,dw
12034,783,50.372232,20.046274,,3867,2737,546,dw
12035,783,50.358141,20.08751,,4677,3876,408,dw
26082,783,50.3237,20.32,,2147,1594,279,dw
10102,784,50.987613,19.458113,,4033,3372,350,dw
10103,784,50.916315,19.573971,,685,563,61,dw
24041,784,50.894127,19.577312,,634,509,78,dw
24042,784,50.875673,19.569716,,1479,1095,194,dw
24043,784,50.846737,19.560241,,1669,1340,183,dw
24044,784,50.840475,19.550726,,1918,1619,127,dw
10104,785,50.931425,19.682922,,2230,1749,207,dw
26083,785,50.882311,19.883592,,3100,2513,311,dw
24045,786,50.837271,19.273436,,6481,5780,422,dw
24046,786,50.827213,19.29017,,4665,3938,409,dw
24047,786,50.810627,19.334043,,3634,3047,326,dw
24048,786,50.815301,19.403998,,3023,2523,289,dw
24049,786,50.824256,19.524708,,2383,1935,239,dw
24050,786,50.824406,19.529618,,3653,2959,384,dw
24051,786,50.819934,19.560763,,2922,2326,298,dw
24052,786,50.781269,19.660461,,3388,2699,347,dw
24053,786,50.775194,19.682868,,3303,2731,237,dw
24054,786,50.776717,19.708755,,2132,1638,234,dw
26085,786,50.825385,19.947911,,5201,4151,442,dw
26127,786,50.83348,19.988627,,4223,3355,307,dw
26128,786,50.840523,20.008132,,3752,3022,262,dw
26087,786,50.8875,20.109906,,4472,3521,307,dw
26102,786,50.911283,20.181712,,3414,2413,295,dw
26088,786,50.949718,20.310943,,5299,4230,533,dw
26089,786,50.92134,20.42416,,7475,6381,594,dw
26090,786,50.882782,20.506686,,8024,7106,538,dw
14236,787,51.476694,21.445207,,8989,8225,398,dw
14237,787,51.424016,21.502868,,1561,1310,110,dw
14327,788,52.110644,20.88959,,29706,25237,2581,dw
14328,788,52.08075,20.877434,,26320,21549,2724,dw
14363,788,52.046788,20.864211,,18506,15396,1803,dw
14364,788,52.030815,20.858334,,16771,13913,1627,dw
14329,788,51.993216,20.842003,,12381,10178,1159,dw
14330,788,51.964035,20.837157,,14286,11869,1239,dw
24055,789,50.577593,18.853982,,1653,1307,224,dw
24056,789,50.579177,18.860833,,4010,3339,411,dw
24057,789,50.570968,18.879201,,3019,2415,374,dw
24058,789,50.576878,19.00048,,4840,3603,577,dw
24038,789,50.593623,19.045652,,2791,1930,321,dw
24165,789,50.595045,19.051386,,4007,2830,468,dw
24181,789,50.59585,19.053954,,2624,1640,308,dw
24059,789,50.590583,19.087609,,4284,3006,542,dw
24060,789,50.598803,19.167788,,6041,4800,634,dw
24061,789,50.601929,19.197878,,4570,3569,513,dw
24062,789,50.604493,19.2756,,6534,5420,662,dw
24063,789,50.630297,19.383837,,4284,3615,430,dw
24065,789,50.640072,19.495187,,2709,2249,258,dw
24067,790,50.381429,19.414879,,831,731,53,dw
24068,790,50.415647,19.449571,,581,480,49,dw
24070,790,50.445733,19.505266,,2985,2548,290,dw
24071,790,50.454507,19.54702,,7628,6432,656,dw
24072,790,50.458075,19.556074,,6555,5482,611,dw
24073,790,50.463051,19.592553,,4967,4086,499,dw
24074,790,50.469806,19.65512,,6086,5142,561,dw
24075,791,50.691442,19.18206,,8300,6824,771,dw
24076,791,50.647527,19.247248,,6616,5393,652,dw
24078,791,50.592281,19.277274,,6572,5447,543,dw
24079,791,50.571868,19.293991,,4474,3601,437,dw
24080,791,50.533435,19.367518,,5735,4715,542,dw
24081,791,50.511413,19.382612,,8009,6705,710,dw
24293,791,50.499095,19.407588,,6499,5794,439,dw
24298,791a,50.487371,19.334887,,7780,6721,592,dw
24300,791a,50.48747,19.410272,,11213,10172,524,dw
24299,791a,50.477675,19.455075,,11614,10294,645,dw
24294,791,50.477478,19.472832,,13330,10301,1017,dw
24082,791,50.466501,19.488561,,11247,9451,883,dw
24083,791,50.443562,19.521025,,3636,2800,340,dw
12936,791,50.350076,19.562528,,10562,8899,699,dw
12267,791,50.326895,19.561228,,8091,6904,493,dw
12037,791,50.290969,19.558813,,8557,7334,550,dw
12038,791,50.261406,19.575845,,7395,6445,468,dw
12039,791,50.250981,19.561213,,5202,4242,565,dw
12040,791,50.183885,19.477699,,8664,7488,671,dw
12161,791,50.161189,19.47153,,12112,10437,922,dw
24084,792,50.621567,19.3729,,3275,2442,362,dw
24085,792,50.601236,19.41962,,3938,3009,462,dw
24086,792,50.595786,19.45451,,3730,2874,429,dw
24087,792,50.563,19.56469,,3357,2554,387,dw
24088,793,50.821509,19.525915,,2537,1952,347,dw
24089,793,50.764035,19.476492,,1977,1569,236,dw
24090,793,50.724002,19.437637,,2510,2069,265,dw
24091,793,50.707352,19.43128,,3008,2488,260,dw
24092,793,50.583722,19.342478,,13528,11998,1000,dw
24093,793,50.562244,19.30588,,12703,11044,867,dw
24246,793,50.559235,19.302555,,10348,8708,893,dw
24094,793,50.511997,19.283627,,8144,6700,744,dw
24289,793,50.4882,19.252219,,7413,5952,724,dw
24095,794,50.764076,19.666962,,3077,2463,370,dw
24096,794,50.728954,19.639329,,2469,1999,253,dw
24097,794,50.631374,19.632192,,1219,832,206,dw
24098,794,50.575057,19.644051,,1930,1526,249,dw
24099,794,50.510231,19.655407,,2135,1622,303,dw
24100,794,50.493294,19.657606,,2265,1753,311,dw
24101,794,50.471828,19.660758,,2950,2406,305,dw
24102,794,50.468642,19.658623,,3049,2724,219,dw
24103,794,50.436613,19.689421,,2546,1983,325,dw
12941,794,50.394067,19.742851,,4364,3755,359,dw
12268,794,50.380169,19.758642,,11036,9683,712,dw
12042,794,50.252808,19.824181,,6109,5134,644,dw
12162,794,50.175745,19.895552,,11082,9905,717,dw
12043,794,50.108265,19.924167,,13677,12300,695,dw
12269,794A,50.104793,19.920707,,15503,14396,672,dw
26091,795,50.733928,19.826363,,1788,1257,173,dw
24315,796,50.472518,19.404795,,10091,8648,737,dw
24295,796,50.469585,19.403402,,12130,10239,934,dw
24288,796,50.451777,19.372676,,8969,7430,657,dw
24106,796,50.403156,19.32489,,9886,8238,663,dw
14239,797,52.053998,21.382742,,3825,3435,261,dw
14241,799,51.981501,21.263185,,2353,2021,248,dw
14243,801,52.145704,21.18966,,21599,18882,1556,dw
14358,801,52.081008,21.231122,,4344,3875,322,dw
14359,801,52.061409,21.257551,,12749,11135,904,dw
14244,801,52.042583,21.274761,,12220,10727,825,dw
14245,801,51.996243,21.281572,,8606,7321,589,dw
14246,801,51.954448,21.295659,,7105,6086,539,dw
14247,801,51.934072,21.310997,,5603,4688,488,dw
14248,801,51.811348,21.416927,,2361,1949,239,dw
06285,801,51.595906,21.730106,,2534,2184,208,dw
06020,801,51.577486,21.812798,,6051,5387,352,dw
06286,801,51.562672,21.842842,,4192,3864,178,dw
06022,801,51.551474,21.839444,,4031,3641,224,dw
06024,801,51.474524,21.909785,,5420,4877,303,dw
06235,801,51.445728,21.948644,,7162,6262,386,dw
14250,802,52.171404,21.568662,,14166,12874,719,dw
14251,802,52.093293,21.617818,,8906,7974,523,dw
14252,802,52.008378,21.893372,,1346,1065,148,dw
14360,803,52.149083,22.227975,,11871,10786,657,dw
14253,803,52.144411,22.214975,,14147,12435,1010,dw
14254,803,52.061174,22.060356,,2933,2524,247,dw
06026,803,51.974853,21.96502,,1937,1411,268,dw
14386,804,51.965992,21.526045,,484,425,34,dw
14257,805,51.965718,21.385451,,1889,1632,119,dw
14258,805,51.958815,21.533962,,6692,6050,368,dw
14361,805,51.957528,21.555192,,7052,6298,420,dw
14259,805,51.960388,21.652319,,3694,3032,304,dw
06251,806,51.933605,22.387583,,8499,7743,398,dw
06217,806,51.96517,22.484814,,4408,3590,392,dw
14260,807,51.734879,21.659144,,2996,2653,192,dw
14261,807,51.80494,21.85515,,4092,3509,306,dw
06218,807,51.873121,22.167999,,2254,1910,198,dw
06030,807,51.919847,22.357991,,6463,5747,402,dw
06252,808,51.918711,22.382515,,7470,6732,412,dw
06031,808,51.892692,22.35505,,8967,7594,718,dw
06219,808,51.816043,22.324801,,5295,4338,475,dw
06253,808,51.638659,22.448438,,5435,4693,494,dw
06287,808,51.61477,22.457008,,4280,3617,434,dw
06037,809,51.60085,22.27736,,2282,1841,236,dw
06036,809,51.525019,22.323662,,3313,2821,186,dw
06034,809,51.35907,22.469625,,6695,5973,457,dw
06237,809,51.307153,22.512013,,5959,5205,493,dw
06254,809,51.29135,22.51939,,9542,8699,610,dw
06255,809a,51.212776,22.445159,,18218,16523,940,dw
14262,810,51.900957,21.559187,,2864,2560,173,dw
14263,811,52.312189,22.897037,,3203,2232,327,dw
06039,811,52.156548,23.112995,,3519,2570,341,dw
06040,811,52.066739,23.12371,,10087,8193,819,dw
06041,812,51.991386,23.13106,,7898,6545,614,dw
06042,812,51.851491,23.138542,,3271,2492,326,dw
06043,812,51.778305,23.2234,,3613,2702,379,dw
06044,812,51.64078,23.298797,,1648,1072,216,dw
06045,812,51.565462,23.510837,,2999,2306,273,dw
06220,812,51.549261,23.539619,,7316,6052,491,dw
06046,812,51.51331,23.523438,,4902,4025,360,dw
06047,812,51.430614,23.503634,,3149,2391,328,dw
06048,812,51.272998,23.449734,,3948,3037,315,dw
06049,812,51.175439,23.435578,,5621,4422,379,dw
06288,812,51.161721,23.43617,,8654,7173,549,dw
06050,812,51.099711,23.298732,,5658,4667,442,dw
06051,812,51.035225,23.24398,,3926,3127,332,dw
06052,812,51.001965,23.188732,,7826,6340,576,dw
06238,813,51.976431,22.759294,,9946,8278,607,dw
06054,813,51.975642,22.782136,,9739,8407,559,dw
06056,813,51.812433,22.937927,,1125,812,86,dw
06057,813,51.700501,22.916377,,2128,1648,190,dw
06058,813,51.64253,22.902847,,5284,4824,309,dw
06059,813,51.573068,22.83363,,1186,948,157,dw
06289,813,51.49401,22.85059,,5304,4670,358,dw
06060,813,51.468842,22.844293,,1856,1593,130,dw
06062,814,51.701261,22.731034,,2362,1905,182,dw
06065,815,51.713356,23.082436,,2631,2212,216,dw
06066,815,51.644976,22.962464,,4243,3557,280,dw
06067,815,51.656043,22.863442,,4340,3528,347,dw
06068,815,51.630835,22.761251,,3523,2913,234,dw
06069,815,51.5028,22.659772,,8143,6896,562,dw
06221,815,51.477017,22.596846,,5863,4668,420,dw
06070,816,52.022393,23.600881,,1791,1562,97,dw
06071,816,51.895553,23.597547,,1185,1017,92,dw
06073,816,51.713128,23.505435,,1810,1554,145,dw
06074,816,51.555128,23.553532,,5878,5397,265,dw
06222,816,51.546845,23.555208,,5708,5269,240,dw
06290,816,51.521419,23.572134,,1621,1424,123,dw
06075,816,51.492132,23.589072,,696,599,46,dw
06076,816,51.315548,23.62377,,1236,1096,76,dw
06077,816,51.172775,23.790519,,2533,2192,179,dw
06291,819,51.631586,22.918286,,4268,3713,255,dw
06083,819,51.611053,22.957115,,3173,2733,197,dw
06084,819,51.512431,23.10454,,872,697,82,dw
06087,819,51.322553,23.617713,,1229,1065,82,dw
06088,820,51.491918,23.031339,,1226,1038,68,dw
06089,820,51.361453,22.954306,,5261,4719,269,dw
06090,820,51.306274,22.88521,,11129,10162,588,dw
06091,821,51.506393,22.68568,,1345,1089,115,dw
06239,822,51.241107,22.676526,,11163,9994,652,dw
06223,822,51.224743,22.691154,,9382,8346,559,dw
06240,822,51.223576,22.705677,,5444,4970,246,dw
06284,822a,51.273609,22.645736,,14546,12782,938,dw
06256,824,51.44453,22.021125,,8544,7217,567,dw
06257,824,51.428569,21.990514,,8466,7648,455,dw
06258,824,51.420174,21.974315,,11169,10245,420,dw
06095,824,51.413907,21.96935,,8107,7468,275,dw
06224,824,51.404401,21.971898,,11326,10151,636,dw
06096,824,51.344889,21.9882,,7703,6794,488,dw
06097,824,51.286045,21.992533,,2650,2215,214,dw
06098,824,51.21605,21.997575,,4222,3571,344,dw
06100,824,51.157006,21.974456,,8595,7390,681,dw
06241,824,51.142266,21.949468,,5204,4360,469,dw
06101,824,51.091512,21.926711,,3303,2807,303,dw
06102,824,51.034388,21.826777,,1476,1132,188,dw
06292,826,51.310755,22.220469,,4346,3692,334,dw
06104,826,51.306304,22.219487,,4178,3801,206,dw
06293,827,51.232196,22.250814,,2125,1775,201,dw
06106,828,51.345179,22.427892,,1458,1184,151,dw
06107,828,51.361799,22.590106,,2433,2081,183,dw
06108,828,51.362362,22.647819,,1497,1297,120,dw
06110,829,51.425677,22.641999,,3781,3046,378,dw
06111,829,51.340582,22.754225,,4576,3804,333,dw
06294,829,51.287479,22.875252,,9553,8859,400,dw
06112,829,51.176201,22.938203,,1853,1607,114,dw
06113,830,51.260779,22.439974,,6003,5416,392,dw
06114,830,51.26797,22.31284,,6135,5340,500,dw
06295,830,51.296964,22.23625,,2089,1669,211,dw
06115,830,51.28787,22.21368,,5460,4826,357,dw
06116,830,51.290361,22.158469,,3425,3014,197,dw
06118,831,51.566927,21.833549,,2596,2392,93,dw
06119,832,51.183544,22.043762,,4952,4244,380,dw
06296,833,51.100548,22.116183,,1899,1452,287,dw
06123,833,50.985437,22.149081,,6782,5922,498,dw
06297,833,50.933141,22.254664,,6006,5104,487,dw
06298,834,51.111605,22.394738,,2706,2244,256,dw
06126,834,51.018331,22.524389,,7191,5934,648,dw
06299,834,51.007379,22.531041,,3507,3090,228,dw
06265,835a,51.289297,22.578194,,30466,27490,1794,dw
06128,835,51.167776,22.582967,,12944,11557,814,dw
06129,835,51.0864,22.58763,,7610,6643,566,dw
06130,835,51.00357,22.673308,,4355,3481,406,dw
06132,835,50.867256,22.682325,,5207,3950,628,dw
06133,835,50.72927,22.66674,,5291,4074,626,dw
06134,835,50.551337,22.701974,,9236,7695,770,dw
06261,835,50.535576,22.710238,,10013,8404,733,dw
06262,835,50.53105,22.709823,,9829,8282,721,dw
06263,835,50.521976,22.709546,,5872,4568,552,dw
06264,835,50.496334,22.726139,,8387,6910,698,dw
06137,835,50.442998,22.744274,,7989,6537,775,dw
18020,835,50.258132,22.697743,,5395,4066,576,dw
18075,835,50.165037,22.580546,,8718,6805,889,dw
18076,835,50.137822,22.53879,,8362,6463,827,dw
18113,835,50.087174,22.483012,,9294,7275,856,dw
18114,835,50.062183,22.468141,,8276,7108,643,dw
18183,835,50.053313,22.474505,,3912,3357,296,dw
18077,835,50.042626,22.47855,,7116,6264,407,dw
18056,835,49.921953,22.305977,,2222,1631,277,dw
18105,835,49.879454,22.243489,,4657,3635,523,dw
18184,835,49.808018,22.239493,,4595,3725,483,dw
18059,835,49.798903,22.240763,,8112,7006,606,dw
18115,835,49.687906,22.167195,,4334,3661,375,dw
06139,836,51.021437,22.536619,,5051,4262,428,dw
06140,836,51.044034,22.576687,,1343,1041,162,dw
06141,836,51.116617,22.764474,,2793,2030,366,dw
06266,836,51.139109,22.847057,,6780,5911,492,dw
06142,837,51.114194,22.844925,,3105,2783,168,dw
06143,837,50.915606,22.832368,,1641,1410,173,dw
06144,837,50.868636,22.932957,,1332,1067,137,dw
06145,837,50.80107,23.095698,,3499,2985,266,dw
06146,838,51.229657,23.081988,,3257,2695,223,dw
06147,838,51.133374,22.997919,,2202,1915,155,dw
06280,839,51.66896,21.875454,,1779,1526,131,dw
06281,839,51.611206,21.950931,,8898,7742,725,dw
06282,839,51.498844,22.070201,,1761,1422,132,dw
06283,839,51.474026,22.08897,,774,570,81,dw
06152,841,51.274489,23.204268,,1809,1598,94,dw
06153,841,51.186673,23.397072,,3216,2899,185,dw
06154,842,50.964616,22.314817,,3044,2475,292,dw
06155,842,50.943801,22.449092,,1987,1506,240,dw
06156,842,50.943678,22.546229,,2141,1590,262,dw
06157,842,50.905084,22.775015,,1800,1278,213,dw
06158,842,50.936911,22.997878,,2558,2044,219,dw
06160,843,51.113026,23.45983,,9897,9142,445,dw
06161,843,51.019548,23.380737,,2358,2054,169,dw
06163,843,50.884656,23.382789,,1364,1140,143,dw
06164,843,50.754379,23.283093,,8356,7385,563,dw
06165,844,51.09218,23.573997,,6403,5395,551,dw
06166,844,50.983955,23.733708,,4426,3557,484,dw
06167,844,50.869989,23.821076,,3556,2561,562,dw
06168,844,50.819358,23.882847,,7261,5841,746,dw
06226,844,50.796389,23.889813,,7349,6735,325,dw
06169,844,50.779976,23.888402,,2942,2460,206,dw
06171,844,50.588616,23.982247,,1420,1028,186,dw
06173,846,50.95533,23.186712,,3349,2786,300,dw
06175,846,50.906849,23.666425,,1835,1404,233,dw
06300,848,51.15999,22.40855,,2132,1520,258,dw
06301,848,51.12454,22.391866,,7008,5972,552,dw
06302,848,51.09534,22.367841,,6225,5203,467,dw
06303,848,50.945614,22.275208,,4624,3644,336,dw
06304,848,50.937045,22.262913,,9505,7916,493,dw
06305,848,50.928028,22.248319,,5919,4616,586,dw
06306,848,50.912992,22.249669,,6681,5934,419,dw
06307,848,50.843734,22.295257,,1460,1220,120,dw
06308,848,50.824215,22.314163,,1204,989,97,dw
06309,848,50.745712,22.341108,,4076,3492,303,dw
06179,849,50.690238,23.226399,,8168,7174,546,dw
06180,849,50.578914,23.180074,,3984,3280,357,dw
06181,849,50.50984,23.04283,,2927,2302,250,dw
06182,849,50.405251,22.965805,,2484,1889,265,dw
06183,849,50.372622,22.941504,,3829,3029,390,dw
06184,850,50.464343,23.425432,,10668,9375,680,dw
06185,850,50.484609,23.447928,,4888,4121,332,dw
06188,850,50.749854,23.830106,,1422,1190,113,dw
06190,852,50.535082,23.738012,,1504,1270,115,dw
06192,852,50.554359,23.935401,,847,657,74,dw
06267,853,50.466874,22.884088,,3398,2840,283,dw
06195,853,50.481496,23.107829,,3564,2831,320,dw
06268,853,50.455207,23.409378,,8668,7582,576,dw
18003,854,50.733881,21.893651,,2336,1927,223,dw
18004,854,50.68897,21.853225,,1726,1540,111,dw
06198,855,50.865211,22.126638,,1545,1221,129,dw
18006,855,50.768287,22.103053,,3838,3261,329,dw
18116,855,50.668008,22.050084,,4970,4206,427,dw
18007,855,50.648517,22.055531,,6982,6028,512,dw
18009,856,50.654917,22.033107,,3913,3325,351,dw
18010,857,50.756001,22.113226,,1547,1208,211,dw
06200,857,50.754498,22.313059,,2550,2123,239,dw
18011,858,50.517227,22.2334,,4218,3549,339,dw
18012,858,50.495623,22.265506,,2280,2009,147,dw
18118,858,50.490441,22.363597,,836,718,64,dw
18121,858,50.494799,22.517,,1797,1374,240,dw
06201,858,50.517407,22.670369,,5430,4564,440,dw
06202,858,50.521544,22.689587,,6804,5932,412,dw
06246,858,50.547576,22.707879,,5076,4119,423,dw
06203,858,50.566724,22.784267,,5814,4811,494,dw
06204,858,50.610162,22.953884,,4143,3299,367,dw
06205,858,50.670007,22.968707,,5099,4089,431,dw
06206,860,51.274868,22.272544,,1120,1002,72,dw
06207,860,51.28889,22.279703,,305,261,26,dw
18017,861,50.417515,21.950831,,3141,2636,260,dw
18180,861,50.374883,22.148669,,3419,2957,290,dw
18018,861,50.373449,22.252438,,1198,863,147,dw
18019,863,50.403339,22.340951,,4218,3357,425,dw
06208,863,50.376946,22.45348,,712,504,95,dw
06209,863,50.36423,22.67914,,2004,1566,146,dw
06210,863,50.330017,22.871739,,3014,2239,366,dw
18032,863,50.291455,23.077481,,1666,1294,197,dw
18127,865,50.020713,22.700618,,21114,18488,1399,dw
18072,865,50.090917,22.879257,,1533,1083,186,dw
18021,865,50.169159,23.024574,,6216,5022,513,dw
18200,865,50.174664,23.036698,,3542,2637,411,dw
18119,865,50.190235,23.072445,,2508,1857,217,dw
18022,865,50.237799,23.130199,,4386,3423,455,dw
18024,865,50.314639,23.245929,,2508,1695,430,dw
06212,865,50.380496,23.404908,,3063,2347,359,dw
18025,"866
866",50.165197,23.122316,,10568,9495,747,dw
18026,"866
866",50.139729,23.169443,,2632,2160,286,dw
18027,867,50.195628,22.688963,,3067,2360,370,dw
18028,867,50.161353,23.085472,,5584,4849,433,dw
18120,867,50.158123,23.127468,,9233,8208,579,dw
18030,867,50.17852,23.255842,,1725,1520,119,dw
18122,867,50.24612,23.470501,,521,424,60,dw
06213,867,50.265679,23.554705,,510,375,59,dw
18104,869,50.111646,22.064983,,8030,7004,581,dw
18123,869,50.111599,22.0547,,18048,16102,993,dw
18124,869,50.116773,22.028465,,13069,11081,946,dw
18125,870,50.125264,22.67242,,3191,2548,264,dw
18073,870,50.030074,22.714492,,12529,11069,884,dw
18181,871,50.560769,21.744444,,10450,8707,886,dw
18001,871,50.575817,21.925764,,9597,7964,841,dw
18002,871,50.575107,22.058764,,12377,11401,541,dw
18185,871,50.577105,22.060076,,8408,7667,349,dw
26092,872,50.54417,21.533696,,819,711,87,dw
18014,872,50.472145,21.55888,,3665,3144,195,dw
18126,872,50.427805,21.594884,,1289,1024,120,dw
18015,872,50.40642,21.811632,,1044,702,134,dw
18016,872,50.438707,21.979957,,2827,2217,270,dw
18128,872,50.51725,22.133801,,2329,2022,161,dw
18186,872,50.51699,22.154,,11351,10487,541,dw
06279,874,51.276102,22.473789,,27711,24622,1752,dw
06269,874,51.409861,21.923928,,7175,6338,528,dw
06270,874,51.4127,21.938441,,13413,12186,779,dw
06271,874,51.416981,21.96428,,8715,7953,428,dw
06273,874,51.415101,21.983046,,14185,12883,679,dw
06274,874,51.413394,22.001076,,11162,9983,628,dw
06275,874,51.387796,22.169107,,4595,3908,381,dw
06276,874,51.386934,22.20341,,4375,3473,435,dw
06277,874,51.354241,22.333578,,7636,6342,629,dw
06278,874,51.342928,22.365146,,8389,7021,701,dw
06272,874A,51.417511,21.967853,,9986,9144,476,dw
18129,875,50.287911,21.448358,,17679,16515,717,dw
18034,875,50.259193,21.673543,,7491,5977,695,dw
18130,875,50.250909,21.771827,,10673,9107,727,dw
18131,875,50.26321,21.79019,,3929,3080,344,dw
18132,875,50.258631,21.969397,,4795,3798,396,dw
18187,875,50.239857,22.110067,,1608,1037,149,dw
18058,875,50.262405,22.351163,,7698,6411,606,dw
14272,876,51.961382,20.642323,,1219,916,153,dw
14300,876,51.968025,20.715593,,2763,2025,391,dw
14303,876,51.978402,20.834951,,11897,10108,984,dw
14273,876,51.97858,20.845577,,6841,5707,670,dw
14362,876,51.979265,20.894375,,5777,4848,585,dw
14304,876,51.984675,20.926141,,4736,4048,474,dw
06214,877,50.365482,22.487487,,1807,1443,141,dw
18049,877,50.29167,22.437837,,5984,5092,452,dw
18201,877,50.273075,22.41319,,5304,4672,263,dw
18050,877,50.141248,22.255122,,9156,8018,619,dw
18188,877,50.080251,22.260252,,5443,4647,484,dw
18052,877,50.017329,22.224857,,5591,4810,489,dw
18053,877,49.905992,22.206148,,3701,3056,330,dw
06310,878,50.693099,22.377383,,3631,2841,444,dw
06311,878,50.646205,22.286814,,739,522,94,dw
18189,878,50.593879,22.278365,,1638,1312,146,dw
18190,878,50.528899,22.1977,,4683,3990,339,dw
18191,878,50.516799,22.1794,,10190,8789,721,dw
18192,878,50.505652,22.141778,,6863,5957,482,dw
18202,878,50.498986,22.1381,,6386,5484,531,dw
18193,878,50.467687,22.154446,,3227,2722,258,dw
18194,878,50.369062,22.125944,,3776,3172,341,dw
18195,878,50.284113,22.135456,,3085,2583,231,dw
18203,878,50.2396,22.1261,,5646,4725,474,dw
18145,878,50.2025,22.104307,,5871,4970,507,dw
18146,878,50.09402,22.051331,,14473,12832,867,dw
18055,878,49.965439,22.066534,,7410,6180,713,dw
18204,878,49.9243,22.1637,,4341,3754,294,dw
18074,880,50.00103,22.672029,,11995,10924,543,dw
18147,880,49.987316,22.657759,,7479,6514,537,dw
18110,880,49.917141,22.566049,,4236,3637,309,dw
18205,881,50.15,22.1341,,4195,3588,368,dw
18047,881,50.082098,22.188939,,5056,4437,398,dw
18206,881,50.0697,22.223,,8832,7946,595,dw
18048,881,50.026145,22.331723,,5718,5048,393,dw
18078,881,49.976976,22.422632,,4524,3987,286,dw
18148,881,49.907294,22.532137,,4575,3851,413,dw
18079,881,49.853204,22.717623,,3026,2615,202,dw
18149,883,50.013831,21.928322,,13019,9688,1387,dw
18080,884,49.798315,22.545142,,3637,3044,325,dw
18182,884,49.818195,22.476159,,3222,2678,227,dw
18209,884,49.835572,22.24485,,5969,4983,541,dw
18092,884,49.814693,22.047686,,4030,3200,495,dw
18081,885,49.724003,22.81423,,2474,2217,135,dw
18060,886,49.709981,22.01401,,12593,11120,895,dw
18151,886,49.671999,22.057079,,12340,10709,1004,dw
18062,886,49.657597,22.078125,,12143,10498,954,dw
18152,886,49.564309,22.180725,,16613,14676,1108,dw
18196,886,49.553472,22.184879,,5450,5071,267,dw
18063,887,49.661846,22.001474,,4892,4260,389,dw
18154,887,49.616219,21.872045,,3864,3372,245,dw
18064,887,49.543642,21.846018,,3543,3105,236,dw
14275,888,52.242626,20.691459,,3500,2771,365,dw
18065,889,49.564946,21.929017,,2155,1848,157,dw
18155,889,49.417474,22.128256,,796,628,76,dw
18082,890,49.500745,22.62949,,1597,1205,202,dw
18066,892,49.502767,22.262003,,6966,6384,270,dw
18067,892,49.371281,22.111527,,2159,1857,126,dw
18156,892,49.300348,22.029023,,328,205,54,dw
18084,893,49.329804,22.285157,,1666,1337,171,dw
18083,894,49.467613,22.320151,,8609,7601,560,dw
18085,894,49.414631,22.34613,,4831,4317,287,dw
18157,894,49.333725,22.416762,,2045,1664,177,dw
18086,894,49.303191,22.577314,,574,483,49,dw
18087,895,49.464021,22.398865,,4629,4065,308,dw
18158,895,49.395779,22.438148,,1879,1675,110,dw
18091,896,49.425635,22.607092,,4734,4207,264,dw
18089,896,49.251264,22.695141,,1821,1613,122,dw
18068,897,49.451073,21.786896,,1398,1128,99,dw
18069,897,49.450164,21.788744,,2193,1764,157,dw
18070,897,49.33441,22.068878,,1560,1272,105,dw
18090,897,49.214013,22.33378,,1681,1369,128,dw
18106,897,49.104503,22.646723,,440,353,21,dw
18159,897,49.066408,22.680317,,271,235,4,dw
14276,898,52.264625,20.856675,,9379,7731,1055,dw
14277,898,52.287999,20.872622,,10196,9119,629,dw
14278,899,52.400969,20.633239,,6405,5349,502,dw
16318,901,50.873644,18.4161,,5700,4657,463,dw
16330,901,50.778536,18.425846,,5867,4688,513,dw
16332,901,50.719573,18.400075,,2270,1361,168,dw
16334,901,50.66508,18.471458,,3183,2316,311,dw
16320,901,50.602556,18.487731,,5314,4600,342,dw
16331,901,50.565882,18.541449,,2521,1985,256,dw
24107,901,50.526201,18.605235,,3333,2539,423,dw
24108,901,50.504641,18.604449,,3464,2330,401,dw
24109,901,50.477494,18.608715,,3811,2977,360,dw
24110,901,50.38092,18.634529,,16001,13735,1184,dw
24111,904,50.733926,18.996082,,5644,4621,533,dw
24112,904,50.716913,19.01532,,4101,3284,418,dw
24113,904,50.708925,19.054649,,4230,3262,477,dw
24114,904,50.708917,19.108077,,3803,2952,416,dw
24115,905,50.734374,18.88661,,2784,2245,313,dw
24116,905,50.670376,18.916934,,2800,2175,296,dw
24117,905,50.62713,18.956231,,2104,1585,226,dw
24247,906,50.671116,18.66729,,9435,8426,558,dw
24248,906,50.667586,18.676324,,10462,9377,629,dw
24253,906,50.668583,18.684364,,7812,6950,469,dw
24118,906,50.668503,18.695281,,10789,9432,743,dw
24119,906,50.671914,18.737074,,9050,7638,841,dw
24120,906,50.641462,18.831894,,7090,5868,679,dw
24121,906,50.616262,18.894008,,5994,4794,688,dw
24122,906,50.595178,18.966345,,5887,4451,712,dw
24123,907,50.730343,19.012725,,8526,7384,688,dw
24124,907,50.711167,18.986118,,2338,1869,248,dw
24125,907,50.670717,18.897157,,3868,3010,391,dw
24126,907,50.622695,18.843584,,3858,3285,397,dw
24127,907,50.535201,18.727617,,3123,2404,461,dw
24128,907,50.531577,18.712926,,2726,1691,380,dw
24129,907,50.493939,18.584575,,2409,1761,242,dw
24130,907,50.457469,18.533991,,2885,2178,273,dw
24131,907,50.448979,18.516088,,3163,2575,277,dw
24132,908,50.744797,19.042409,,9407,8070,806,dw
24133,908,50.72566,19.047627,,2273,1911,211,dw
24134,908,50.701756,19.023581,,2377,1952,233,dw
24135,908,50.614965,19.000113,,2417,1994,248,dw
24136,908,50.59326,18.967663,,6767,5171,773,dw
24137,908,50.55117,18.955903,,8052,6547,829,dw
24138,908,50.495365,18.926538,,8335,7024,683,dw
10149,488,51.909434,19.367521,,13033,11063,894,dw
10150,488,51.871626,19.394997,,13934,12247,953,dw
10151,488,51.857403,19.406406,,27016,23768,1592,dw
10168,488,51.83277,19.423984,,25667,23285,1574,dw
10152,488,51.697041,19.478714,,31347,27450,2126,dw
10153,488,51.641079,19.496325,,27028,23413,1832,dw
24139,910,50.324733,19.117939,,10959,9609,679,dw
24140,910,50.325746,19.130347,,15988,13795,1115,dw
24142,911,50.433104,18.925033,,15221,13454,1053,dw
24313,912,50.486214,18.948097,,5940,4904,492,dw
24144,913,50.464752,19.081056,,15568,14215,724,dw
24145,913,50.420495,19.052141,,6982,5996,461,dw
24146,913,50.396262,19.063576,,7076,6092,497,dw
24147,913,50.366735,19.107777,,11181,9904,712,dw
24148,915,50.147079,18.246848,,2159,1879,165,dw
24149,916,50.078772,18.18866,,5899,5143,396,dw
24150,916,50.061543,18.136865,,3088,2619,226,dw
24151,917,50.032298,18.166415,,1301,1129,75,dw
24152,917,50.014889,18.128514,,632,554,30,dw
24283,919,50.108597,18.238787,,13071,11052,1142,dw
24154,919,50.115227,18.267054,,10869,9141,948,dw
24155,919,50.140032,18.295386,,7416,6075,699,dw
24156,919,50.160142,18.369476,,4765,3693,562,dw
24157,919,50.192279,18.450026,,8800,7120,823,dw
24158,919,50.191877,18.458935,,7361,5827,819,dw
24159,919,50.230372,18.480345,,7316,5803,784,dw
24301,919,50.278884,18.511554,,4179,3542,301,dw
24160,920,50.187473,18.45432,,4676,3878,406,dw
24163,921,50.214396,18.612314,,3472,2895,289,dw
24304,921,50.214701,18.649869,,9827,8471,634,dw
24264,921,50.21895,18.682239,,19930,17628,1313,dw
24265,921,50.218527,18.70296,,8218,7100,615,dw
24166,921,50.236761,18.737,,3474,2908,282,dw
24167,921,50.246244,18.744562,,5875,5019,471,dw
24168,921,50.250838,18.749126,,4664,4033,336,dw
24169,922,50.164236,18.310766,,4304,3752,309,dw
24170,922,50.154297,18.305244,,5195,4514,414,dw
24171,923,50.120597,18.302453,,3261,2872,193,dw
24172,923,50.086823,18.359748,,2858,2501,236,dw
24173,924,50.20713,18.636657,,1784,1519,135,dw
24174,924,50.168539,18.654164,,5804,5235,277,dw
24175,924,50.146031,18.672095,,12678,11450,684,dw
24176,924,50.102465,18.682463,,4367,3776,390,dw
24177,925,50.223664,18.8295,,9564,8445,644,dw
24183,926,50.128238,18.79771,,5418,4554,419,dw
24190,929,50.04124,18.575144,,10361,9131,670,dw
24191,930,49.979069,18.560896,,4494,3965,308,dw
24192,931,50.05707,19.1006,,7492,6187,678,dw
24193,931,50.022359,19.065378,,5642,4510,635,dw
24194,932,50.012346,18.481026,,7403,6425,619,dw
24291,932,50.015889,18.494033,,8869,7792,666,dw
24292,932,50.017499,18.523343,,7540,6482,657,dw
24195,932,50.021862,18.582309,,12508,11043,883,dw
24196,932,50.030388,18.598396,,12296,10347,1070,dw
24197,933,50.055342,18.373043,,6583,5696,537,dw
24198,933,50.028071,18.401831,,9133,7950,725,dw
24199,933,50.012019,18.424943,,11250,9698,767,dw
24290,933,50.005368,18.449329,,10869,9739,565,dw
24200,933,50.002634,18.474245,,15555,13708,863,dw
24201,933,49.989092,18.497729,,15077,12967,1073,dw
24268,933,49.98176,18.513982,,13114,11113,993,dw
24202,933,49.96728,18.544635,,17003,14450,1294,dw
24269,933,49.964676,18.554945,,7100,5658,598,dw
24203,933,49.950754,18.710788,,11475,9425,1025,dw
24204,933,49.965796,18.775233,,8075,6661,763,dw
24205,933,49.980594,18.889332,,6734,5688,540,dw
24206,933,49.979875,18.934496,,16864,14640,1297,dw
24207,933,49.968759,18.950005,,20265,17807,1447,dw
24208,933,49.975915,18.963076,,11803,9810,1160,dw
24209,933,49.971655,18.989352,,8729,7053,924,dw
12270,933,49.972372,19.131136,,8998,7522,749,dw
12045,933,49.986573,19.158827,,13207,11782,679,dw
12046,933,50.007854,19.190253,,10957,9530,686,dw
12163,933,50.02933,19.209159,,12475,11028,813,dw
12176,933,50.035185,19.253368,,15737,13294,1342,dw
12047,933,50.086111,19.288752,,13355,10863,826,dw
12048,933,50.105992,19.324794,,13762,11982,757,dw
12049,933,50.124195,19.366089,,13966,12177,860,dw
12050,933,50.142344,19.366435,,4062,3302,359,dw
24210,934,50.138185,19.194717,,15079,11929,1561,dw
24211,934,50.092508,19.201012,,7306,5121,725,dw
24212,934,50.078075,19.192886,,8436,6366,891,dw
24284,935,50.135272,18.188807,,3169,2487,338,dw
24285,935,50.093928,18.24538,,5700,4370,617,dw
24286,935,50.084749,18.270178,,9944,8431,803,dw
24215,935,50.069754,18.33892,,10604,8998,899,dw
24216,935,50.069512,18.353008,,8054,6713,781,dw
24217,935,50.07341,18.411166,,14152,12508,926,dw
24218,935,50.035939,18.759652,,14761,11875,1481,dw
24219,935,50.011612,18.859544,,11835,9107,1420,dw
24296,935,50.001903,18.910843,,12345,9502,1506,dw
24270,935N,49.991813,18.909796,,7856,6567,699,dw
24220,936,50.011056,18.407663,,4900,4064,311,dw
24221,936,50.018233,18.341818,,5689,4567,471,dw
24222,936,49.988185,18.276121,,3086,2407,313,dw
24287,937,49.962728,18.55427,,9928,8968,590,dw
24223,937,49.891361,18.603646,,8097,7199,554,dw
24224,937,49.87225,18.623184,,9915,8700,760,dw
24225,937,49.808199,18.634782,,5920,5175,451,dw
24271,938,49.947428,18.714123,,10930,8988,797,dw
24226,938,49.945189,18.711696,,9292,7163,699,dw
24227,938,49.920693,18.69259,,5801,4032,505,dw
24228,938,49.851893,18.673027,,7760,5852,622,dw
24229,938,49.783498,18.627787,,14201,11594,1026,dw
24230,939,49.914433,18.750604,,10507,9160,743,dw
24231,939,49.947415,18.840838,,4804,4104,403,dw
24232,939,49.95846,18.907501,,7570,6632,632,dw
24233,941,49.781634,18.806406,,26237,23024,1998,dw
24234,941,49.713599,18.806762,,14860,13028,1196,dw
24235,941,49.631786,18.877134,,6989,6035,588,dw
24236,941,49.603468,18.901537,,5193,4400,460,dw
24238,942,49.763348,19.089864,,6320,5513,392,dw
24272,942,49.747631,19.097812,,4427,3823,326,dw
24273,942,49.735736,19.069364,,6148,5326,595,dw
24274,942,49.734368,19.066636,,14242,12764,1014,dw
24239,942,49.719955,19.03985,,11045,10023,700,dw
24240,942,49.68502,18.975584,,2352,1949,138,dw
24241,942,49.634413,18.889679,,5988,5237,439,dw
24242,943,49.551349,18.871089,,1498,1323,98,dw
24243,943,49.549974,18.90046,,2193,1850,204,dw
24244,943,49.548853,18.933319,,4902,4143,459,dw
24245,943,49.548551,19.016107,,2096,1754,195,dw
24275,944,49.775876,18.733956,,3757,3193,284,dw
24276,944,49.799485,18.782921,,4973,4361,360,dw
24277,944,49.799834,18.840859,,4541,3861,413,dw
24278,944,49.805185,18.9171,,9109,7969,758,dw
24279,944,49.805702,18.941459,,13090,11638,991,dw
24280,945,49.736979,19.104671,,10165,8759,920,dw
24297,945,49.688932,19.190974,,9748,8370,741,dw
24262,945,49.681152,19.203648,,18688,16528,1279,dw
24249,945,49.673128,19.225955,,17782,15806,1171,dw
24305,945,49.661478,19.287614,,11977,10444,909,dw
24251,945,49.629874,19.332426,,8600,7636,656,dw
24252,945,49.564588,19.35275,,1555,1287,191,dw
24261,945a,49.685361,19.192689,,18173,16370,932,dw
24281,946,49.684852,19.172246,,21915,18766,1904,dw
24263,946,49.692733,19.192765,,30799,27049,2371,dw
24282,946,49.696978,19.198971,,10919,9059,1140,dw
24254,946,49.705308,19.207252,,13969,11902,1266,dw
24255,946,49.727099,19.250134,,6293,5168,705,dw
24256,946,49.732559,19.289992,,3937,3070,497,dw
24257,946,49.735588,19.420206,,5376,4202,724,dw
12051,946,49.729605,19.516653,,10361,8760,933,dw
12052,946,49.742008,19.600902,,11095,9483,790,dw
12164,948,50.028183,19.2174,,11218,9887,658,dw
12053,948,49.981636,19.21797,,13587,11685,891,dw
12054,948,49.911375,19.215758,,11422,9623,909,dw
12136,948,49.885163,19.229959,,7694,6358,599,dw
24258,948,49.836596,19.214483,,6334,5396,556,dw
24259,948,49.779498,19.199312,,6688,5701,525,dw
24260,948,49.726813,19.228822,,4764,3967,422,dw
12178,949,49.965571,19.138459,,15041,13129,1124,dw
12055,949,49.960515,19.163984,,5575,4697,523,dw
12056,949,49.986124,19.326106,,7123,6204,640,dw
12271,953,49.958747,19.786852,,7206,6115,714,dw
12057,953,49.926496,19.735119,,6374,5599,515,dw
12058,953,49.880634,19.67681,,5408,4775,323,dw
12059,955,49.854207,19.884486,,6842,5804,742,dw
12144,956,49.868718,19.793501,,11317,9396,1265,dw
12166,956,49.849361,19.801347,,11447,9806,973,dw
12060,956,49.804712,19.745156,,5138,4267,532,dw
12061,956,49.769757,19.636896,,8452,7227,773,dw
12062,957,49.707336,19.684048,,7091,6117,569,dw
12063,957,49.552393,19.656128,,4022,3343,421,dw
12064,957,49.476488,19.768145,,7213,5952,798,dw
12065,957,49.446921,19.939821,,10426,8717,961,dw
12167,957,49.461567,19.990423,,14546,12415,1290,dw
12066,957,49.476856,20.015397,,19902,17616,1223,dw
12067,958,49.589162,19.920408,,5753,4915,464,dw
12272,958,49.494193,19.877919,,4440,3818,360,dw
12068,958,49.403137,19.822872,,6598,5763,522,dw
12069,958,49.275493,19.868973,,7034,6211,341,dw
12070,958,49.295514,19.945923,,11306,10045,668,dw
12165,958,49.300351,19.95413,,16281,14986,603,dw
12071,959,49.367614,19.816473,,2144,1907,104,dw
12072,960,49.342663,20.10878,,7263,6534,349,dw
12074,960,49.26461,20.115524,,1403,1209,38,dw
12075,961,49.332193,20.040144,,8010,7022,466,dw
12145,962,49.474673,19.684975,,7754,6909,558,dw
12146,962,49.470378,19.630553,,3018,2701,243,dw
12180,963,49.981135,20.289501,,15110,12500,1516,dw
12076,964,49.763115,20.121483,,3790,3102,369,dw
12168,964,49.819054,20.116925,,5845,5021,497,dw
12077,964,49.846413,20.117226,,9262,7955,778,dw
12273,964,49.879196,20.09158,,8188,7478,548,dw
12078,964,49.921093,20.081028,,7636,6483,619,dw
12181,964,49.972222,20.061592,,17671,15046,1409,dw
12979,964,49.985442,20.070877,,17228,14826,1177,dw
12080,964,50.01008,20.147118,,11766,10092,907,dw
12182,964,50.015798,20.17791,,16090,14098,1415,dw
12081,964,50.034984,20.215693,,15051,13605,844,dw
12147,964,50.043589,20.237617,,12024,10685,705,dw
12082,964,50.067727,20.318633,,4114,3509,310,dw
12083,964,50.114758,20.395605,,4111,3437,462,dw
12084,964,50.118846,20.49989,,2617,2119,323,dw
12985,964,50.103419,20.677562,,1150,415,53,dw
12086,964,50.119414,20.823979,,2368,1844,152,dw
12169,964A,49.895008,20.100298,,9939,8434,770,dw
12274,964B,50.016887,20.154799,,6634,4422,486,dw
12275,964C,50.031883,20.196791,,5510,4162,536,dw
12987,965,50.063031,20.454766,,3801,3300,349,dw
12088,965,49.992725,20.430758,,11443,10140,781,dw
12148,965,49.968719,20.430191,,11886,10763,457,dw
12089,965,49.935211,20.445317,,12913,11245,1101,dw
12090,965,49.875794,20.458719,,5549,4623,618,dw
12091,965,49.804488,20.418311,,5992,4990,672,dw
12092,965,49.729704,20.398971,,17990,15430,1467,dw
12276,965A,49.990705,20.460701,,6097,5179,522,dw
12093,966,49.944387,20.168837,,12490,10695,1167,dw
12094,966,49.864442,20.289684,,9353,8045,792,dw
12150,966,49.858352,20.547703,,2813,2282,354,dw
12096,967,49.836271,19.957575,,21440,18318,1712,dw
12151,967,49.876556,20.040683,,9863,8103,888,dw
12097,967,49.895593,20.098551,,8701,6834,833,dw
12152,967,49.906554,20.168606,,7713,5975,798,dw
12153,967,49.924017,20.255048,,8011,6185,819,dw
12098,967,49.953943,20.340716,,5846,4662,427,dw
12099,968,49.701195,20.038764,,12214,10183,1131,dw
12100,968,49.671271,20.083298,,14751,12804,1179,dw
12101,968,49.650733,20.112767,,7316,6217,691,dw
12102,968,49.61205,20.294762,,3461,2704,402,dw
12103,968,49.574229,20.345182,,7479,6424,603,dw
12277,969,49.464463,20.095966,,7481,6273,589,dw
12105,969,49.462294,20.255094,,9367,7966,867,dw
12106,969,49.439222,20.395722,,9634,8257,754,dw
12107,969,49.520078,20.417415,,8634,7079,910,dw
12108,969,49.530779,20.520146,,11707,9747,1198,dw
12154,969,49.559959,20.580265,,11090,9302,1009,dw
12109,969,49.575496,20.64287,,14610,12216,1408,dw
12111,971,49.414079,20.956007,,12479,11008,779,dw
12112,971,49.370789,20.946355,,8470,7326,627,dw
12913,971,49.352991,20.890119,,6219,5346,432,dw
12114,971,49.388943,20.752406,,1840,1440,158,dw
26093,973,50.475174,20.707302,,10163,8285,769,dw
26105,973,50.457468,20.700124,,8971,7261,606,dw
26094,973,50.41525,20.755742,,4872,3830,364,dw
26095,973,50.311157,20.797033,,2240,1684,210,dw
12278,973,50.257928,20.821143,,2125,1584,253,dw
12115,973,50.17746,20.819102,,3483,2813,342,dw
12116,973,50.074802,20.935368,,8550,7310,669,dw
12183,973,50.010048,20.89939,,17964,14862,1361,dw
12117,975,50.165669,20.977883,,4521,3885,392,dw
12184,975,50.141695,20.903653,,6367,5224,558,dw
12118,975,50.128278,20.887672,,10524,8712,844,dw
12279,975,50.115976,20.876928,,8660,7123,740,dw
12119,975,50.08415,20.850175,,6955,5651,586,dw
12120,975,50.019419,20.857535,,9163,7653,539,dw
12121,975,49.993983,20.84037,,4844,3222,461,dw
12185,975,49.952568,20.850867,,8598,6623,809,dw
12122,975,49.924319,20.83201,,9913,7684,894,dw
12172,975,49.85926,20.813981,,14369,12055,1258,dw
12186,975,49.797497,20.798555,,4069,3495,363,dw
12124,975,49.747837,20.732727,,4071,3559,279,dw
12125,977,49.977504,20.988492,,12710,11282,842,dw
12173,977,49.918133,21.046878,,8943,7783,712,dw
12280,977,49.896988,21.064115,,6139,5250,570,dw
12126,977,49.851859,20.9842,,8404,7121,842,dw
12127,977,49.783794,20.96555,,7823,6396,699,dw
12128,977,49.720316,20.989277,,3986,3141,419,dw
12129,977,49.697375,21.121984,,7037,6216,480,dw
12187,977,49.661441,21.155957,,5868,5235,327,dw
12171,977,49.658335,21.159719,,12787,11540,548,dw
12130,977,49.650618,21.161768,,7513,6865,388,dw
12155,977,49.606464,21.214689,,2443,2126,179,dw
12902,978,49.693064,19.957194,,3995,3342,383,dw
12281,978,49.659628,19.895877,,1972,1544,228,dw
12904,978,49.640687,19.915157,,2168,1716,182,dw
12131,979,49.691906,21.192425,,4977,4053,261,dw
12132,980,49.864,20.727815,,8615,6433,1015,dw
12133,980,49.853213,20.826038,,7476,6062,720,dw
12134,980,49.835288,20.988523,,2741,2263,275,dw
12282,980,49.748816,21.182691,,2497,2108,178,dw
12283,981,49.74929,20.948948,,3969,3242,418,dw
12135,981,49.681697,20.925506,,6135,5130,555,dw
12137,981,49.624513,20.949631,,10271,9168,662,dw
12138,981,49.556336,20.984514,,4730,4096,397,dw
12156,981,49.44975,20.952685,,8290,7165,539,dw
12157,981,49.424553,20.956838,,10975,9654,653,dw
12140,982,50.30903,21.081379,,4823,4126,338,dw
18035,982,50.349934,21.228963,,1922,1509,216,dw
18160,982,50.413162,21.35645,,2573,2084,259,dw
18036,982,50.414043,21.382992,,1971,1729,120,dw
18037,983,50.325989,21.397433,,7185,6399,472,dw
12141,984,50.090802,21.083573,,5759,4568,562,dw
18162,984,50.173279,21.234723,,6103,4876,611,dw
18163,984,50.186635,21.263969,,2786,2012,248,dw
18164,984,50.259495,21.337624,,10795,9142,911,dw
18197,984,50.273605,21.361647,,2424,1773,260,dw
18198,984,50.292882,21.355225,,2929,2215,304,dw
18165,984,50.32156,21.413522,,8171,7106,505,dw
18103,985,50.506747,21.579223,,8241,6354,762,dw
18040,985,50.43424,21.494851,,8219,6438,726,dw
18166,985,50.327816,21.486002,,9918,7691,844,dw
18111,985,50.295707,21.49271,,7908,5778,770,dw
18112,985,50.254405,21.491223,,8221,6416,670,dw
18042,985,50.187447,21.500354,,9968,7691,932,dw
18043,985,50.082447,21.456871,,14071,11991,834,dw
18167,985,50.070087,21.449196,,13103,11092,1068,dw
18168,986,50.104469,21.593678,,4201,3446,313,dw
18044,986,50.068731,21.589963,,6499,5665,351,dw
18170,986,50.030443,21.569372,,5700,4685,358,dw
18045,986,50.003091,21.559279,,7833,6541,557,dw
18171,986,49.903397,21.630792,,3411,2411,431,dw
18172,987,50.226209,21.778667,,3648,3048,358,dw
18046,987,50.124447,21.753761,,3133,2515,384,dw
18174,987,50.069856,21.73718,,1793,1326,175,dw
18093,988,49.93372,21.861307,,9142,7664,942,dw
18175,988,49.93886,21.820815,,4027,3359,380,dw
18176,988,49.917886,21.825108,,3457,2771,380,dw
18107,988,49.874487,21.817833,,5496,4629,551,dw
18177,988,49.867633,21.771213,,6488,5232,704,dw
18210,988,49.871555,21.686339,,9014,7549,809,dw
18095,988,49.843087,21.609797,,12012,9794,1110,dw
18108,988,49.794582,21.573154,,3897,3222,365,dw
18102,989,49.844642,21.811603,,4318,3609,422,dw
18207,989,49.804185,21.87077,,5474,4514,608,dw
18096,990,49.778118,21.669918,,7155,5783,721,dw
18097,991,49.745026,21.802317,,4054,3499,358,dw
18178,992,49.74998,21.479654,,4705,3056,344,dw
18199,992,49.737969,21.483328,,6411,4944,439,dw
18098,992,49.670488,21.485352,,6793,5198,434,dw
18099,992,49.574049,21.508051,,2055,1744,141,dw
12142,993,49.653744,21.165342,,10828,9649,620,dw
12143,993,49.656887,21.256313,,3875,3133,329,dw
18100,993,49.611257,21.481295,,3138,2477,297,dw
18101,993,49.559021,21.625249,,4900,3239,353,dw
22322,DDK7,54.257391,18.942068,,1751,1348,179,dw
04235,W5S ST,53.224567,18.129425,,3192,2922,145,dw
04236,W5 ST,53.071859,17.820071,,4282,3522,353,dw
