osm_id,osm_type,source_layer,name,capacity,access,brand,stars,rooms,powierzchnia_m2,latitude,longitude
22717550,way,centrum_handlowe,Wola Park,,,,,,53264.86376953125,52.241725802816894,20.93256138591549
22717599,way,centrum_handlowe,Galeria Bemowo,,,,,,18258.8984375,52.26410704740741,20.930789712592585
23653206,way,centrum_handlowe,King Cross Praga,,,,,,20580.02978515625,52.2355490631579,21.119725405263157
24440480,way,centrum_handlowe,Poznań Plaza,,,,,,20199.71337890625,52.441112262857146,16.918929014285712
24924674,way,centrum_handlowe,G City Targówek,,,,,,63231.27392578125,52.303666911538464,21.057391120769218
25313887,way,centrum_handlowe,M1 Marki,,,,,,41320.14453125,52.305748125000015,21.08672007142857
25486689,way,centrum_handlowe,Centrum Handlowe Krokus,,,,,,26931.37060546875,50.08708219583332,19.981659833333328
25822244,way,centrum_handlowe,Westfield Mokotów,,,Westfield,,,44878.46044921875,52.17971310945948,21.004163021621626
25914883,way,centrum_handlowe,Fort Wola,,,,,,30480.30224609375,52.22378066071427,20.92687088928571
27586344,way,centrum_handlowe,Blue City,,,,,,22442.95361328125,52.21268245243903,20.95570199756097
27718045,way,centrum_handlowe,Park Handlowy Zakopianka,,,,,,32549.35888671875,50.01381184556961,19.932296564556964
28133642,way,centrum_handlowe,Auchan Swadzim,,,,,,29595.283203125,52.44025683965519,16.765770732758618
28196090,way,centrum_handlowe,Panorama,,,,,,15002.0732421875,52.38106888688524,16.895907721311474
28355980,way,centrum_handlowe,Centrum Handlowe Auchan Piaseczno,,,,,,31722.98876953125,52.09582471111112,21.022495977777776
29115679,way,centrum_handlowe,,,,,,,28175.826171875,52.21443577173913,20.88345641521739
29300128,way,centrum_handlowe,Centrum Handlowe Ursynów,,,,,,36548.412109375,52.14127903783785,21.025606835135136
29431436,way,centrum_handlowe,Galeria Mozaika,,,,,,16946.34375,50.01360637419355,19.99628320645161
29490706,way,centrum_handlowe,Centrum Handlowe Auchan Mikołów,,,,,,27240.17919921875,50.1786231814433,18.886745828865976
29975740,way,centrum_handlowe,Atrium Reduta,,,,,,37270.86669921875,52.21308952833332,20.95098702
30059916,way,centrum_handlowe,Galeria Grochów,,,,,,5138.88818359375,52.24636971935486,21.08532450322581
30611687,way,centrum_handlowe,Złote Tarasy,,,Westfield,,,26222.947265625,52.2299703221374,21.002204407633588
31004381,way,centrum_handlowe,Home Concept,,,,,,5242.7763671875,52.20939973125,20.951332121875
31331620,way,centrum_handlowe,,,,,,,13823.02734375,52.26338209545454,21.050337822727275
31566289,way,centrum_handlowe,Riviera,,,,,,64470.638671875,54.50472184622031,18.53239131987042
31567787,way,centrum_handlowe,M1 Poznań,,,,,,51754.1767578125,52.38275208504671,16.99436890560748
32005952,way,centrum_handlowe,Galeria Giant Meble,,,,,,9901.59814453125,52.37794061428573,16.978994857142858
32283694,way,centrum_handlowe,Galeria Zielona,,,,,,6879.50634765625,51.41532174352943,21.96978833764706
32454589,way,centrum_handlowe,Targowisko Manhattan,,,,,,12674.16943359375,53.44305048437499,14.55060955625
32488602,way,centrum_handlowe,Pasaż Rondo,,,,,,5166.37646484375,52.38141104062499,16.946180431250003
34203229,way,centrum_handlowe,M1 Łódź,,,,,,47301.2216796875,51.793699656626494,19.50980322530121
34435357,way,centrum_handlowe,Okęcie Park,,,,,,16303.5380859375,52.16999779090909,20.93379606818182
34982153,way,centrum_handlowe,,,,,,,14993.82861328125,52.240003814285714,20.907169207142854
35319011,way,centrum_handlowe,Kaskada,,,,,,20901.72607421875,53.42817381860466,14.550538458139537
37350848,way,centrum_handlowe,CH Atrium Plejada,,,,,,33137.158203125,50.34644142033898,18.849742332203395
37813473,way,centrum_handlowe,Auchan Hetmańska,,,,,,28301.69140625,53.13537704468086,23.11766488085106
38918769,way,centrum_handlowe,Galeria Agora,,,,,,10498.373046875,50.34760938666668,18.91924783833333
39267680,way,centrum_handlowe,Auchan Komorniki,,,,,,28568.8984375,52.35426685537193,16.835196422314045
39350395,way,centrum_handlowe,Miasto Wnętrz,,,,,,14615.57568359375,52.432506737037045,16.948657566666668
39518678,way,centrum_handlowe,Galeria Handlowa Madison,,,,,,5982.56982421875,54.35654459411765,18.6491737
39524935,way,centrum_handlowe,Galeria Łódzka,,,,,,19315.13623046875,51.75894780212767,19.464671168085108
39540389,way,centrum_handlowe,Aleja Bielany,,,,,,210848.0625,51.04774895789473,16.957968678947367
39987029,way,centrum_handlowe,Galeria Zielone Wzgórze,,,,,,27028.30859375,53.12402108222224,23.098870728888883
40049557,way,centrum_handlowe,"Centrum Handlowe ,,Mozaika""",,,,,,21402.4306640625,51.235168831428574,22.493045897142853
40050275,way,centrum_handlowe,Lublin Plaza,,,,,,12420.8798828125,51.245039776923086,22.55066414615384
40674196,way,centrum_handlowe,M1 Bytom,,,,,,32858.12060546875,50.37984386999999,18.891139542500003
40774168,way,centrum_handlowe,Galeria Auchan,,,,,,20406.806640625,51.18636296176472,16.169825445588238
41311512,way,centrum_handlowe,Stop Shop,,,,,,7248.92333984375,51.18478458,16.171527140000002
41415064,way,centrum_handlowe,Factory Ursus,,,,,,24893.5791015625,52.20167294455445,20.89457694950495
41927532,way,centrum_handlowe,Westfield Arkadia,,,Westfield,,,81667.7724609375,52.25680245750003,20.984272100625
42903586,way,centrum_handlowe,Centrum Handlu Hurtowego,,,,,,254468.453125,52.05940474090908,20.86204994318182
42903594,way,centrum_handlowe,EACC,,,,,,54454.7001953125,52.0562709,20.857011664
42955017,way,centrum_handlowe,C.H. Omni,,,,,,8312.37548828125,50.280951569230766,19.568368161538466
44095305,way,centrum_handlowe,Galeria Sanowa,,,,,,29678.1923828125,49.79084583853211,22.78308074403669
44774948,way,centrum_handlowe,Galeria Ferio,,,,,,12814.47216796875,51.207435596103885,16.153780928571425
45073927,way,centrum_handlowe,CH Rondo,,,,,,28208.654296875,53.12419859529412,17.984927974117653
46093495,way,centrum_handlowe,Stara Kuźnia,,,,,,5034.234375,53.48400604545456,18.749664609090917
46093539,way,centrum_handlowe,Unia Park Handlowy,,,,,,5028.99560546875,53.48514892368421,18.751475344736843
46237738,way,centrum_handlowe,Galeria Pomorska,,,,,,47934.35546875,53.12483675963303,18.067023676146786
46238669,way,centrum_handlowe,Centrum Handlowe Auchan Bydgoszcz,,,,,,29550.95556640625,53.13721600000001,18.11544107906977
48306888,way,centrum_handlowe,Bonarka City Center,,,,,,65685.22314453125,50.02801960511944,19.951396403071666
53064322,way,centrum_handlowe,Galeria Turzyn,,,,,,23338.6728515625,53.42611023902438,14.528552475609755
53606022,way,centrum_handlowe,Galaxy,,,,,,28281.66357421875,53.43356249253728,14.556860926865673
56996492,way,centrum_handlowe,OMNI Molo,,,,,,24438.724609375,53.41068273035712,14.522238542857144
58471307,way,centrum_handlowe,CH Ster,,,,,,35255.1806640625,53.42921325000001,14.483410642857145
58796359,way,centrum_handlowe,,,,,,,14919.81494140625,50.45189644313726,16.63907579411764
61190204,way,centrum_handlowe,KEN Center,,,,,,18167.5888671875,52.15349690238095,21.040707023809528
61409127,way,centrum_handlowe,CH Nowa Górna,,,,,,17261.2373046875,51.710723610416665,19.491702052083337
61993281,way,centrum_handlowe,Centrum Meblowe Top Shopping,,,,,,11074.89990234375,53.38601892162162,14.645110067567572
62202278,way,centrum_handlowe,Galeria Gocław,,,,,,22706.53125,52.232593401818185,21.093788136363635
68992480,way,centrum_handlowe,CH Piekary,,,,,,14473.2412109375,51.20099801,16.214978555000002
69018556,way,centrum_handlowe,Galeria Gryf,,,,,,18838.2705078125,53.3858664117647,14.662120029411764
69018967,way,centrum_handlowe,Helios I,,,,,,6091.2265625,53.38180734210527,14.655619489473684
69976861,way,centrum_handlowe,Focus Mall,,,,,,31344.634765625,51.41116765333334,19.66766908
70083988,way,centrum_handlowe,Plejada,,,,,,35271.931640625,50.29048053835615,19.152255590410963
74867441,way,centrum_handlowe,Galeria Gołąbkowice,,,,,,10265.4150390625,49.6218941,20.7204488125
77708112,way,centrum_handlowe,Galeria Sfera II,,,,,,16604.86865234375,49.82540121774192,19.04811508709678
82331688,way,centrum_handlowe,Centrum Handlowe Osowa,,,,,,41787.1728515625,54.42582028947369,18.49048975263157
84203009,way,centrum_handlowe,M1 Częstochowa,,,,,,31841.53759765625,50.83741803030303,19.1167487409091
87527970,way,centrum_handlowe,Galeria Krakowska,,,,,,29483.26904296875,50.06791933600002,19.946233994000007
88196036,way,centrum_handlowe,Manhattan,,,,,,7377.359375,54.377315455555554,18.60735587407408
88201352,way,centrum_handlowe,Galeria Bałtycka,,,,,,23827.81982421875,54.38262057868855,18.600771968032785
88386558,way,centrum_handlowe,Galeria Morena,,,,,,31104.50537109375,54.35212060212764,18.593514885106384
88396664,way,centrum_handlowe,Alfa Centrum,,,,,,11722.43896484375,54.40426209,18.58739951
88405401,way,centrum_handlowe,Galeria Przymorze,,,,,,28693.064453125,54.40951340759493,18.591969169620256
88475334,way,centrum_handlowe,Galeria Zaspa,,,,,,6032.833984375,54.38980289263156,18.61016575578947
88826977,way,centrum_handlowe,Atrium Kasztanowa,,,,,,12383.21044921875,53.15855429487181,16.756849005128206
89435562,way,centrum_handlowe,Centrum Handlowe Nowe Bielawy,,,,,,26851.2294921875,53.032824568,18.694665888000003
89445343,way,centrum_handlowe,CH Jantar,,,,,,49787.75244140625,54.45464594977782,16.98995870355555
89477892,way,centrum_handlowe,Centrum Handlowe Kometa,,,,,,19635.58740234375,53.0349359081081,18.614689770270267
89833249,way,centrum_handlowe,Centrum Handlowe Arena,,,,,,30921.3173828125,50.30715834693879,18.646304667346936
90061177,way,centrum_handlowe,,,,,,,9982.14990234375,54.415081,18.4756332
91187990,way,centrum_handlowe,ASG,,,,,,40602.17041015625,52.05655095600002,20.859795388
92143100,way,centrum_handlowe,Klif,,,,,,12084.08056640625,52.24655797215189,20.979327031645564
94903677,way,centrum_handlowe,Retail Park,,,,,,5965.568359375,49.80281399310344,19.029726317241376
95513837,way,centrum_handlowe,Centrum Handlowe Auchan Gliwice,,,,,,27057.177734375,50.25649521874999,18.6573852734375
95662142,way,centrum_handlowe,Łabędzka Park,,,,,,17367.99072265625,50.31157600000001,18.62764881818182
95856429,way,centrum_handlowe,Centrum Mody,,,,,,5760.24658203125,52.10247964,20.83000912
98240193,way,centrum_handlowe,Galeria Indomo,,,,,,7095.92578125,51.38941355,16.215874382692306
98240251,way,centrum_handlowe,Cuprum Arena,,,,,,19873.1044921875,51.393812868604655,16.206123630232558
98615594,way,centrum_handlowe,DH Klimczok,,,,,,8343.24267578125,49.824106815,19.04925595
98709778,way,centrum_handlowe,Sarni Stok,,,,,,34574.89990234375,49.839602708433766,19.0347068313253
99409435,way,centrum_handlowe,,,,,,,5271.0478515625,51.645771730769226,16.10979606153846
100225147,way,centrum_handlowe,Centrum Handlowe Oliwa,,,,,,8323.43212890625,54.39492297777778,18.582217533333328
100486798,way,centrum_handlowe,CH Manhatan,,,,,,6187.2041015625,54.46510568378378,17.01953865135135
100748391,way,centrum_handlowe,Park Handlowy Auchan Bielany,,,,,,45334.1552734375,51.05319915882352,16.97252994411765
100834524,way,centrum_handlowe,Ferio Gaj,,,,,,9039.7470703125,51.07601644871796,17.042066792307693
100930666,way,centrum_handlowe,Centrum Handlowe Borek,,,,,,31397.16455078125,51.0882485875,16.998710228409095
100932406,way,centrum_handlowe,Family Point,,,,,,8155.376953125,51.09057411428572,17.062471871428567
101130495,way,centrum_handlowe,Wrocław Fashion Outlet,,,,,,18706.45263671875,51.10724810000001,16.946468005
101210331,way,centrum_handlowe,Domar,,,,,,6991.650390625,51.11051548260869,17.01474113043478
101429799,way,centrum_handlowe,Astra,,,,,,8737.39013671875,51.12663520847458,16.9756996
101567499,way,centrum_handlowe,Promenady Wrocławskie Center,,,,,,15833.84423828125,51.13057847105263,17.040482773684207
101655780,way,centrum_handlowe,Centrum Handlowe Korona,,,,,,37672.609375,51.14212935587301,17.08878482666667
101738261,way,centrum_handlowe,Marino,,,,,,18213.40234375,51.151980323809504,17.027394085714292
104358824,way,centrum_handlowe,Aura Centrum Olsztyna,,,,,,15744.01708984375,53.77719970245901,20.483052867213114
105143399,way,centrum_handlowe,Gigamarket,,,,,,21614.5078125,52.43283521538461,16.950938269230768
106954769,way,centrum_handlowe,Centrum handlowe Echo,,,,,,11217.568359375,51.665033400000006,19.3502227
107043840,way,centrum_handlowe,Gala,,,,,,7336.876953125,51.2385364,22.57304431578948
107309803,way,centrum_handlowe,Galeria Słupsk,,,,,,6617.24169921875,54.46447009807693,17.024388208653853
107395008,way,centrum_handlowe,,,,,,,11071.84326171875,54.37562355,18.518296175
108564347,way,centrum_handlowe,Ptak Expo,,,,,,19791.30224609375,51.64883886666667,19.494998766666665
108565286,way,centrum_handlowe,Centrum Handlowe Ptak,,,,,,62814.85791015625,51.649548343750006,19.4890974875
110016438,way,centrum_handlowe,Łomianki Park,,,,,,13805.44580078125,52.3463078,20.8679856
111609684,way,centrum_handlowe,Designer Outlet Gdańsk,,,,,,26635.82177734375,54.31950486204379,18.55226057518249
112168687,way,centrum_handlowe,Park Handlowy Batory,,,,,,7575.7978515625,53.12449582000001,18.0639196
112305949,way,centrum_handlowe,Pasaż Opieńskiego,,,,,,5485.17919921875,52.46122703,16.92106088
115804373,way,centrum_handlowe,Stara Papiernia,,,,,,11612.9921875,52.09110685714285,21.12239905714286
116569762,way,centrum_handlowe,Centrum Handlowe Skorosze,,,,,,13129.37744140625,52.18805144237287,20.90055991694915
118242974,way,centrum_handlowe,Galeria Leszno,,,,,,16201.86083984375,51.82676550909091,16.599368627272728
120240696,way,centrum_handlowe,Sadyba Best Mall,,,,,,11785.5615234375,52.187540193478256,21.061252771739127
121267696,way,centrum_handlowe,Galeria Pestka,,,,,,26059.88232421875,52.43748421967213,16.918444091803277
121749165,way,centrum_handlowe,,,,,,,11428.24365234375,53.78514249,20.509670980000003
122643939,way,centrum_handlowe,Galeria Renova,,,,,,6143.0546875,52.28944029047619,21.03081470238096
122856863,way,centrum_handlowe,Focus Mall Bydgoszcz,,,,,,29514.89013671875,53.12447530487805,18.01766988536585
123406807,way,centrum_handlowe,Homepark Janki,,,,,,12261.04052734375,52.1350201225,20.896577417500005
123406808,way,centrum_handlowe,Centrum Handlowe Janki,,,,,,83942.15283203125,52.13500159462367,20.89098288709678
123804000,way,centrum_handlowe,Galeria Victoria,,customers,,,,26659.59765625,50.76630219714286,16.266207065714283
126522505,way,centrum_handlowe,MULTIVO Centrum,,,,,,9952.89404296875,51.38137348163264,21.17508480204081
127376668,way,centrum_handlowe,Factory Kraków,,,,,,27249.52587890625,50.10938395624999,19.84641510625
128241895,way,centrum_handlowe,Solvay Park,,,,,,6166.3798828125,50.014253866666685,19.92712906481481
128517150,way,centrum_handlowe,Ruda Śląska Plaza,,,,,,12532.09423828125,50.27552050422533,18.86596673661972
132142886,way,centrum_handlowe,Galeria Wileńska,,,,,,29246.0234375,52.25522836060605,21.037596574242425
133171266,way,centrum_handlowe,Galeria IBI,,,,,,6049.9404296875,53.16301327,16.75609801
135338784,way,centrum_handlowe,Centrum Handlowe Max,,,,,,6949.87841796875,50.14194546419753,19.41331763209876
135731552,way,centrum_handlowe,Galeria Nowa Praga,,,,,,18115.513671875,52.272541855172406,21.017523906896557
135773458,way,centrum_handlowe,Pasaż Zieleniec,,,,,,8477.53564453125,53.01260257058824,18.563234288235293
137264803,way,centrum_handlowe,Galeria Mrówka,,,,,,13557.28369140625,52.86856926666666,20.60686550476191
137386012,way,centrum_handlowe,Galeria wnętrz AMC,,,,,,7150.7138671875,53.02466277142859,18.6074686
140605022,way,centrum_handlowe,Asian Market,,,,,,7200.89599609375,51.646301895454535,19.492616281818183
143494080,way,centrum_handlowe,Galeria Rondo,,,,,,10174.7490234375,49.97855904794523,20.426808178082187
144851961,way,centrum_handlowe,Galeria Rumia,,,,,,11748.77197265625,54.56336690000002,18.39110199302326
146217059,way,centrum_handlowe,City Market,,,,,,20466.294921875,50.72380690000001,23.248487117391303
146227518,way,centrum_handlowe,CH Galeria Twierdza,,,,,,31179.6044921875,50.72638733728815,23.26377609830508
146359861,way,centrum_handlowe,CH E. Leclerc,,,,,,11186.6240234375,50.71671011176471,23.273203047058825
146495145,way,centrum_handlowe,CH Galeria Lwowska,,,,,,13313.708984375,50.705395915789474,23.283084521052636
147714763,way,centrum_handlowe,Centrum Handlowe Kaszuby,,,,,,6357.853515625,54.60474433953488,18.252477093023256
147914280,way,centrum_handlowe,Nowy Turzyn,,,,,,8604.8271484375,53.42746615555555,14.53055987222222
149843483,way,centrum_handlowe,,,,,,,44379.50732421875,54.58587657804877,18.373677885365858
150217759,way,centrum_handlowe,CH Manhattan,,,,,,8204.46044921875,51.84056639444445,16.589990713888895
154101767,way,centrum_handlowe,Dekada,,,,,,12219.19091796875,51.597337756000016,18.726008526000008
154107754,way,centrum_handlowe,Galeria Sieradzka,,,,,,9150.33349609375,51.586790775,18.720512582692315
154686497,way,centrum_handlowe,Designer Outlet Sosnowiec,,,,,,22807.533203125,50.22861011578947,19.17487801052632
158479586,way,centrum_handlowe,Galeria Mazurska,,,,,,8706.5234375,53.69874964444444,19.95794489444445
160072533,way,centrum_handlowe,CH Albatros,,,,,,6919.876953125,54.17658124090908,15.594271486363636
163807606,way,centrum_handlowe,Galeria Śląska,,,,,,15496.45654296875,50.11264548333333,18.545507533333332
164143494,way,centrum_handlowe,Galeria Szperk,,,,,,29763.70849609375,54.56482339558824,18.50422747647059
164250193,way,centrum_handlowe,M1 Kraków,,,,,,61012.98681640625,50.06408582727273,19.99945151688311
166015268,way,centrum_handlowe,Plaza Zgorzelec,,,,,,16650.671875,51.153048306060604,15.026895612121214
166375583,way,centrum_handlowe,Galeria Tęcza,,,,,,8287.4267578125,51.76568975063292,18.087369554430374
167312002,way,centrum_handlowe,Galeria Kalisz,,,,,,18437.302734375,51.76652130588235,18.060756170588235
167616318,way,centrum_handlowe,Centrum Handlowe AKS,,,,,,20104.90380859375,50.290641351282055,18.96648014615384
167908523,way,centrum_handlowe,Plaza Rzeszów,,,,,,8645.18310546875,50.01966056153846,22.01903256153846
167908526,way,centrum_handlowe,CH Respan,,,,,,6590.03076171875,50.021075387096765,22.019780016129037
168569791,way,centrum_handlowe,Forum Koszalin,,,,,,39322.41748046875,54.1774039,16.202280869465646
168679843,way,centrum_handlowe,Galeria Brwinów,,,,,,8966.03662109375,52.13525927704919,20.705066304918034
169043816,way,centrum_handlowe,CH Galeria Revia Park,,,,,,8991.130859375,50.739951479166685,23.25127427083333
169409525,way,centrum_handlowe,Park Handlowy Eden,,,,,,10472.7451171875,51.1575168,15.033156883333332
169409529,way,centrum_handlowe,Galeria Słowiańska,,,,,,20199.49560546875,51.156339468000006,15.030914348
169719733,way,centrum_handlowe,CH Nasze Leszno,,,,,,5538.0078125,51.85518582857143,16.578037471428573
170046499,way,centrum_handlowe,Focus Park,,,,,,9486.724609375,50.094505849019626,18.54337234509804
172544713,way,centrum_handlowe,Galeria Grudziądzka,,,,,,16043.2861328125,53.46993396764705,18.756860352941175
172793789,way,centrum_handlowe,Centrum Handlowe Auchan Żory,,,,,,17912.33544921875,50.04022342999999,18.70262587
172841965,way,centrum_handlowe,Factory Poznań,,,,,,20031.291015625,52.352786032432434,16.888146454054056
173065811,way,centrum_handlowe,G City Biała,,,,,,44303.6513671875,53.122529435869566,23.17778266086957
173348997,way,centrum_handlowe,Pasaż Łódzki,,,,,,36669.17431640625,51.75007023421054,19.44034430789474
173435256,way,centrum_handlowe,E. Leclerc,,,,,,9221.8984375,54.15375908958335,19.42001375625
173485216,way,centrum_handlowe,Centrum Handlowe Tulipan,,,,,,36744.98779296875,51.76489346571429,19.495212799999997
173511572,way,centrum_handlowe,Atrium,,,,,,8094.9033203125,50.30448917,18.917556525
173695532,way,centrum_handlowe,Galeria Mazovia,,,,,,17981.1796875,52.53750097894736,19.75129437894737
173768707,way,centrum_handlowe,Centrum Handlowe E. Leclerc Tomasza Zana,,,,,,25079.51171875,51.24041336666667,22.519436007692317
173803415,way,centrum_handlowe,Centrum Handlowe Auchan Płock,,,,,,21403.29345703125,52.53525676764707,19.74969396470588
173803417,way,centrum_handlowe,Galeria Wisła,,,,,,16046.47021484375,52.53479296875,19.75769664375
174056752,way,centrum_handlowe,Galeria Słoneczna,,,,,,29890.35205078125,51.40637302098767,21.15539167283951
174150289,way,centrum_handlowe,Park Leszno,,,,,,6760.4404296875,51.82542619230769,16.601294115384615
174302179,way,centrum_handlowe,E. Leclerc,,,,,,17530.22265625,51.37854829374999,21.126100165625
174638513,way,centrum_handlowe,Centrum Handlowo-Rozrywkowe Manufaktura,,,,,,51233.3212890625,51.7791807972222,19.443858899074076
174995879,way,centrum_handlowe,Galeria Niwa,,,,,,8762.27099609375,50.04441835,19.20704035
175726944,way,centrum_handlowe,Galeria Diamentowa,,,,,,8470.001953125,51.203497616666674,22.5568824
175808529,way,centrum_handlowe,Galeria Krasnystaw,,,,,,6441.8388671875,50.99568361724138,23.143578251724133
175834035,way,centrum_handlowe,M Park Radom,,,,,,19373.4169921875,51.42562171034483,21.15487938275862
175847580,way,centrum_handlowe,Galeria Lubelska,,,,,,15254.8505859375,51.23682897142857,22.6043193
175999552,way,centrum_handlowe,Galeria Orkana,,,,,,9146.572265625,51.23421510909091,22.49563827727273
176332421,way,centrum_handlowe,M1 Radom,,,,,,38974.85107421875,51.38191877536234,21.17119212028985
176481730,way,centrum_handlowe,Galeria Dębiec,,,,,,11768.47705078125,52.362981533333326,16.902203900000004
177222122,way,centrum_handlowe,,,,,,,5566.97265625,51.76278312857143,20.255569557142856
177526621,way,centrum_handlowe,Retail Park,,,,,,5416.95947265625,50.766213000000015,16.262273150000002
177820212,way,centrum_handlowe,Galeria Bawełnianka,,,,,,26430.82275390625,51.36940735631069,19.37241016893203
178025478,way,centrum_handlowe,Alfa Centrum,,,,,,17900.638671875,53.48445609395603,18.747691345054932
178118389,way,centrum_handlowe,,,,,,,26291.68408203125,51.353269150943404,19.375335603773586
178847995,way,centrum_handlowe,Galeria Korona,,,,,,17367.4990234375,50.87588025588236,20.635552983823526
179465887,way,centrum_handlowe,Centrum Nowe Czyżyny,,,,,,35885.1884765625,50.07704889787235,20.016666013829784
181105361,way,centrum_handlowe,C.H. Galeria Venus,,,,,,7040.5703125,51.216772263043474,22.69818987173913
181129696,way,centrum_handlowe,Stary Browar (Pasaż),,,,,,13445.3017578125,52.40235634823529,16.925468184705878
182218228,way,centrum_handlowe,,,,,,,15514.5546875,50.88679074117648,20.66706088823529
183411434,way,centrum_handlowe,Odrzańskie Ogrody,,,,,,19236.61865234375,50.34130950675676,18.19020605675676
183835673,way,centrum_handlowe,Gemini Park,,,,,,30601.46484375,49.80278599534883,19.050315381395347
184187231,way,centrum_handlowe,CH Forum,1000,,,,,31976.61474609375,50.30037221199999,18.68215496099999
184872794,way,centrum_handlowe,Centrum Handlowe Składowa 2a,,,,,,6987.12939453125,49.47284088571428,20.01148257142857
184872809,way,centrum_handlowe,Stopiak,,,,,,11529.9833984375,49.474474935294126,20.00841522352941
186296297,way,centrum_handlowe,Europa II Plaza,,,,,,7500.1025390625,49.61424191428572,20.7039781
186452294,way,centrum_handlowe,Galeria Sandecja,,,,,,17912.75439453125,49.58631763000001,20.672593775000003
188105103,way,centrum_handlowe,Obornicka337 Galeria Wnętrz,,,,,,5182.91455078125,52.46037843529411,16.891852970588236
191158292,way,centrum_handlowe,Centrum Handlowe Auchan Krasne,,,Auchan,,,25042.166015625,50.03807938028168,22.0689948859155
192447839,way,centrum_handlowe,CH Ferio,,,,,,24338.26513671875,52.18376476862744,18.231675003921566
192945294,way,centrum_handlowe,,,,,,,10704.9873046875,50.27149074166666,19.124047695833333
193544824,way,centrum_handlowe,,,,,,,13337.58056640625,53.1070652448276,18.014046113793107
193966476,way,centrum_handlowe,NoVa Park,,,,,,30059.54052734375,52.72705927884618,15.242971325000005
193966971,way,centrum_handlowe,Park Handlowy S1,,,,,,11014.3154296875,52.75727474666668,15.254295924444442
193967258,way,centrum_handlowe,Kupec Gorzowski,,,,,,5852.25537109375,52.75612289230768,15.253823099999998
195762478,way,centrum_handlowe,Galeria Katowicka,,,,,,16356.46875,50.259085976086965,19.017347648913045
196120639,way,centrum_handlowe,Pasaż Górski,,,,,,23203.8642578125,50.91098182272726,15.737839918181812
196674172,way,centrum_handlowe,Galeria nad Jeziorem,,,,,,21173.728515625,52.23856253809525,18.260824125
197760275,way,centrum_handlowe,OMNI Centrum,,,,,,8692.93359375,51.407080061904765,21.142977552380952
198353409,way,centrum_handlowe,Targowisko Miejskie,,,,,,12516.009765625,52.32113845000001,16.12796415
199048095,way,centrum_handlowe,Stary Browar (Atrium),,,,,,8215.4453125,52.40154727692308,16.92786677019231
199096656,way,centrum_handlowe,Galeria Podkowa,,,,,,5485.80615234375,52.12965636744187,20.709428013953488
199263041,way,centrum_handlowe,Galeria Łomianki,,,,,,41565.5498046875,52.32413116190476,20.90194934920634
201148856,way,centrum_handlowe,Domix,,,,,,6133.3359375,51.24065025,22.5881881
202036273,way,centrum_handlowe,CH Nowy Rynek,,,,,,16623.7568359375,50.90591844444446,15.732625783333336
202037521,way,centrum_handlowe,Silesia City Center,,,,,,98838.68359375,50.270550283274034,19.004945356939512
202044286,way,centrum_handlowe,Centrum Handlowe 3 Stawy,,,,,,38377.59130859375,50.24320384705883,19.0374082132353
202102085,way,centrum_handlowe,Centrum Handlowe Auchan Katowice,,,,,,32009.28857421875,50.27397296935484,18.96908134354839
202205173,way,centrum_handlowe,Galeria Graffica,,,,,,9329.017578125,50.03541296534654,21.99649541485149
202611658,way,centrum_handlowe,Outlet Park,,,,,,32655.732421875,53.380610532142846,14.671403653571428
202833996,way,centrum_handlowe,CH Platan,,,,,,46221.76025390625,50.311445784873946,18.788012753781512
206273892,way,centrum_handlowe,Stara Kablownia,,,,,,11585.9736328125,49.9121896764706,18.99763167647059
206729384,way,centrum_handlowe,Galeria Zdrój,,,,,,17563.82568359375,49.9402066625,18.59382134375
206846756,way,centrum_handlowe,Galeria Trzy Korony,,,,,,18496.36962890625,49.62421503744493,20.706575792511007
207016991,way,centrum_handlowe,Galeria Opolanin,,,,,,5990.619140625,50.66835134,17.93095398
207018219,way,centrum_handlowe,Centrum Handlowe Karolinka,,,,,,46555.25341796875,50.68205734634149,17.877011923902444
207032239,way,centrum_handlowe,Solaris Center,,,,,,8208.505859375,50.67008667272725,17.926317920000002
207102278,way,centrum_handlowe,Galeria Zielona,,,,,,26867.11279296875,51.94975076956522,15.49533709130435
207102307,way,centrum_handlowe,Galeria Auchan,,,,,,20102.85595703125,51.96386048490566,15.489746211320751
209862222,way,centrum_handlowe,Auchan Racibórz,,,,,,19727.73193359375,50.08957327,18.259497950000004
210309280,way,centrum_handlowe,Rybnik Plaza,,,,,,12260.94384765625,50.096428576870736,18.537973837414967
211634568,way,centrum_handlowe,Galeria M,,,,,,5821.2578125,53.14998824285715,23.15673886428572
212501809,way,centrum_handlowe,Galeria Bronowice,,,,,,49477.06005859375,50.091759413461546,19.898820615384604
213115430,way,centrum_handlowe,Alfa Centrum,,,,,,22357.3408203125,53.12525895230769,23.16868910307692
213147916,way,centrum_handlowe,Centrum Handlowe Ryska,,,,,,14189.36328125,53.1409545952381,23.17532657142857
213203982,way,centrum_handlowe,Galeria TOP meble,,,,,,11161.74951171875,52.343283886363615,16.82589202045455
213209138,way,centrum_handlowe,Galeria Nowy Świat,,,,,,7906.98486328125,50.04901886304346,21.97646059347826
213487593,way,centrum_handlowe,Aniołów Park,,,,,,18178.19140625,50.82400084202899,19.14376658405796
213915577,way,centrum_handlowe,Auchan Produkcyjna,,,,,,32575.470703125,53.16134198571428,23.09843525952381
214176678,way,centrum_handlowe,Galeria Sudecka,,,,,,32496.94482421875,50.92197306727272,15.762986360909087
214233129,way,centrum_handlowe,Galeria Rzeszów,,,,,,20899.30517578125,50.04251177348482,21.99775783409092
215643661,way,centrum_handlowe,,,,,,,7933.974609375,54.16621339250001,19.401648485
216975840,way,centrum_handlowe,Centrum Handlowe Tarnowskie Góry,,,,,,6127.9599609375,50.45466825555556,18.83821036527779
218650196,way,centrum_handlowe,Galeria Mosty,,,,,,18790.5673828125,52.55344207037037,19.69409180740741
218650782,way,centrum_handlowe,Omni Centrum,,,Carrefour,,,9111.64404296875,52.55433485384616,19.692541923076924
219280512,way,centrum_handlowe,M1,,,,,,64729.2626953125,50.319152075806464,19.10542821612903
219933131,way,centrum_handlowe,Złote Centrum,,,,,,5152.6572265625,51.75359517073171,18.07758435853658
220773369,way,centrum_handlowe,Galeria Galena,,,,,,26444.17578125,50.20351245192308,19.26831465576923
221848666,way,centrum_handlowe,Pasaż Świętokrzyski,,,,,,16328.2353515625,50.88291308947368,20.583079405263152
222026093,way,centrum_handlowe,Galeria Świdnicka,,,,,,20419.013671875,50.84037386250001,16.49763902291667
222378282,way,centrum_handlowe,CH Pomorskie,,,,,,7621.4697265625,51.9402423076923,15.55882017692308
222615995,way,centrum_handlowe,Centrum Handlowe Fasty,,,,,,12871.908203125,53.159820990909104,23.075917
224643779,way,centrum_handlowe,Europa Centralna,,,,,,39353.0224609375,50.266730111428565,18.716563775714288
225238548,way,centrum_handlowe,C.H. Tayger,,,,,,5679.49755859375,52.54694784193548,19.68923610645161
227875770,way,centrum_handlowe,Turawa Park,,,,,,31387.51953125,50.68715188235295,17.978572832352945
227937873,way,centrum_handlowe,Galeria Lider,,,,,,11251.0400390625,49.6911445,19.201211979166665
227937875,way,centrum_handlowe,Nowa Twoje Centrum,,,,,,7514.5009765625,49.69245233571429,19.19984190714285
227947736,way,centrum_handlowe,,,,,,,5544.1220703125,54.09024911875,18.775410218750007
228393251,way,centrum_handlowe,Factory Annopol,,,,,,25976.37890625,52.29947695555556,21.02554751111111
229139205,way,centrum_handlowe,Homepark Franowo,,,,,,14344.396484375,52.38086589399998,16.98895294
229425713,way,centrum_handlowe,Gemini Park,,,,,,44336.62353515625,50.03039424252875,21.001669903448278
229459024,way,centrum_handlowe,Galeria Tarnovia,,,,,,17343.13037109375,50.00093897777778,20.957674080000004
229524556,way,centrum_handlowe,M Park,,,,,,19611.046875,50.03657492826087,21.00637919565218
231083825,way,centrum_handlowe,CH Blue Park,,,,,,9210.8681640625,49.78387192500001,22.80994299285714
231365615,way,centrum_handlowe,Galeria Ostrowiec,,,,,,22648.44384765625,50.9403428549296,21.37488577042254
232485140,way,centrum_handlowe,Galeria Jurajska,,,,,,36801.1982421875,50.807645771428575,19.131042350000005
233262149,way,centrum_handlowe,Supersam,,,,,,9121.6083984375,50.26214769615381,19.019001898076915
233371611,way,centrum_handlowe,Pasaż Kapelanka,,,,,,24254.884765625,50.03264933291138,19.92453979113924
233627084,way,centrum_handlowe,Omega Park,,,,,,7159.828125,52.23551326363636,15.540628809090908
233962761,way,centrum_handlowe,E.Leclerc,,,,,,17664.376953125,52.199102108163245,20.93719534489796
236464815,way,centrum_handlowe,Park Handlowy Wysockiego - Budynek B,,,,,,11205.755859375,53.162250956,23.183586268
236464837,way,centrum_handlowe,Park Handlowy Wysockiego - Budynek A,,,,,,6705.984375,53.162576244444445,23.1854429925926
236667724,way,centrum_handlowe,Ptak Outlet,,,,,,27701.55322265625,51.64665103164559,19.48792417974683
236973831,way,centrum_handlowe,Galeria Karuzela,,,,,,7501.1005859375,50.00041312417584,18.46473761098902
237171846,way,centrum_handlowe,Retail Park Włocławek,,,,,,6655.37890625,52.642852644444446,19.071274088888885
237286243,way,centrum_handlowe,Gildia,,,,,,5159.11474609375,54.39040503,18.612171460000003
237750673,way,centrum_handlowe,Park Handlowy Multibox,,,,,,5345.54296875,53.40569571764706,18.43947988235294
238559058,way,centrum_handlowe,Plac Unii,,,,,,8883.833984375,52.21270847419353,21.019963874193543
238960721,way,centrum_handlowe,Galeria Bursztynowa,,,,,,16234.79931640625,53.075783254098354,21.57773191311476
240033525,way,centrum_handlowe,Pasaż,,,,,,5061.703125,50.29302338636362,21.43392192727273
242825758,way,centrum_handlowe,Galeria Copernicus,,,,,,54614.6962890625,53.02493071602565,18.638498760897445
243095164,way,centrum_handlowe,S1 centrum handlowe,,,,,,5767.396484375,51.772280480000006,22.61576578
243121822,way,centrum_handlowe,Galeria Brama Pomorza,,,,,,20529.9287109375,53.69354871481481,17.617961488888884
244107206,way,centrum_handlowe,Brama Mazur,,,,,,10899.30859375,53.82270972941177,22.361531858823533
244202281,way,centrum_handlowe,,,,,,,6034.3271484375,52.02121685454545,18.504173927272724
245212695,way,centrum_handlowe,KP Park Sikorskiego,,,,,,20125.171875,50.46175375384616,23.417204496153847
246428080,way,centrum_handlowe,,,,,,,6720.71630859375,51.41567610666667,19.67804314
248681730,way,centrum_handlowe,Centrum Handlowe Feeria,,,,,,6790.3388671875,52.76042655666664,15.2603225
251633081,way,centrum_handlowe,Centrum Handlowe Castorama,,,,,,16356.8212890625,51.940867548648654,15.495144113513511
252193817,way,centrum_handlowe,Centrum Handlowe Dąbrówka,,,,,,15029.6943359375,51.93809865714285,15.49536547619048
254319095,way,centrum_handlowe,Galeria Jeziorak,,,,,,5027.60986328125,53.59556055675675,19.564607840540543
254883494,way,centrum_handlowe,Park Handlowy S1,,,,,,9554.68115234375,51.85958788124999,16.573297
255720839,way,centrum_handlowe,Pogodne Centrum Oleśnica,,,,,,8815.841796875,51.21494378333333,17.40673806333333
255905990,way,centrum_handlowe,,,,,,,7914.04833984375,52.225862635294106,20.26840589411765
256568186,way,centrum_handlowe,Galeria Veneda,,,,,,11797.2900390625,53.169681579310335,22.07681686896552
257419662,way,centrum_handlowe,Multi Park,,,,,,9871.9794921875,50.85368661666666,16.473591116666668
257997028,way,centrum_handlowe,Galeria Amber,,,,,,25235.607421875,51.74426746167663,18.069903253293404
258339873,way,centrum_handlowe,Galeria Raj,,,,,,15104.82958984375,50.05362236249999,21.435792062500003
259046542,way,centrum_handlowe,,,,,,,6870.65283203125,51.33920080000001,16.628911066666667
260445117,way,centrum_handlowe,Toruń Plaza,,,,,,28678.78759765625,53.01528751566261,18.56163804096386
263813586,way,centrum_handlowe,Hala Kupiecka,,,,,,5974.0576171875,54.19493164000001,16.16530122
263926971,way,centrum_handlowe,,,,,,,6047.45263671875,50.82150048095239,16.285918895238098
274865881,way,centrum_handlowe,Galeria Głogów,,,,,,16031.51904296875,51.64529742222222,16.095240166666667
275970956,way,centrum_handlowe,MMG Centers,,,,,,8511.12109375,50.37378887,18.933529435
284632699,way,centrum_handlowe,Spe Sp. z o.o.,,,,,,5412.48828125,52.7777710375,23.178960662500003
286260634,way,centrum_handlowe,Galeria Różana,,,,,,12673.818359375,52.24474786363636,19.3752069
286465234,way,centrum_handlowe,Felicity,,,,,,84310.580078125,51.23213790574713,22.61390082988505
287556526,way,centrum_handlowe,Pasaż Zielińskiego,,,,,,7778.5625,51.10043332222222,17.02537778518519
287909501,way,centrum_handlowe,Galeria Solna,,,,,,24063.75732421875,52.78438854615384,18.24043024615385
290224714,way,centrum_handlowe,PH Wiatraki,,,,,,19203.82568359375,54.45261484999998,16.96761463636364
294702945,way,centrum_handlowe,Centrum Serenada,,,,,,24306.0498046875,50.08787648372092,19.985674813953487
296995950,way,centrum_handlowe,Centrum Galardia,,,,,,21769.1787109375,51.03666639800001,21.087373474
297952444,way,centrum_handlowe,Vendo Park,,,,,,5765.71875,51.11881574444445,23.47817773333334
298872516,way,centrum_handlowe,,,,,,,5955.462890625,51.142829070175424,23.49261648596492
299588186,way,centrum_handlowe,Galeria Warmińska,,,,,,28601.3603515625,53.75403421136363,20.484766202272723
300704854,way,centrum_handlowe,Galeria Handlowa Partner,,,,,,5380.2373046875,52.18937249111112,21.528804504444444
302370776,way,centrum_handlowe,Park Handlowy Nowa Sól,,,,,,5646.77978515625,51.80799677692308,15.696379384615383
306692173,way,centrum_handlowe,Centrum Łopuszańska 22,,,,,,52881.6064453125,52.193020044000015,20.95237592
309179990,way,centrum_handlowe,Galeria Sandomierz,,,,,,5381.783203125,50.68193558,21.75786722
313836458,way,centrum_handlowe,,,,,,,35741.935546875,51.658101787769766,17.847089628776978
314330798,way,centrum_handlowe,Galeria Siedlce,,,,,,21488.84375,52.16860896724137,22.270529986206903
318132150,way,centrum_handlowe,Centrum Handlowe Auchan Gdańsk,,,,,,34316.71240234375,54.351930698,18.525273320000007
319475663,way,centrum_handlowe,Street Mall „Vis a Vis”,,,,,,6044.57568359375,51.81771586111112,19.43448664722221
323884876,way,centrum_handlowe,,,,,,,10718.162109375,52.24274685483872,21.070318477419352
326095039,way,centrum_handlowe,MMG Centers*,,,,,,14677.8369140625,53.38469069642856,14.667427137500002
328822344,way,centrum_handlowe,Galeria A2,,,,,,6722.806640625,52.352992160000014,16.840187606666664
330144320,way,centrum_handlowe,Galeria Szubryt,,,,,,7019.79150390625,49.65613844,20.689060985
332319737,way,centrum_handlowe,CH Auchan Kołbaskowo,,,,,,24386.7216796875,53.384319778000005,14.505818412000002
332614975,way,centrum_handlowe,Centrum Handlowe Epi,,,,,,10294.4169921875,52.024959582608695,23.15714113043478
332615592,way,centrum_handlowe,M Park,,,,,,16692.29638671875,51.40411864999999,19.660889325
333107911,way,centrum_handlowe,Galeria Tomaszów,,,,,,19033.14306640625,51.53511609239133,20.00649902173913
337945804,way,centrum_handlowe,Przystanek Karkonosze,,,,,,52505.84375,50.80871796071428,15.765389471428568
340440659,way,centrum_handlowe,Outlet Center,,,,,,18664.3779296875,53.148867742857135,23.07564862857143
341510638,way,centrum_handlowe,King Cross Marcelin,,,,,,46666.7138671875,52.41045222916665,16.861181259722223
344745890,way,centrum_handlowe,Galeria Ptak,,,,,,5516.6572265625,51.64595390952383,19.48947127619048
347930469,way,centrum_handlowe,VIVO!,,,,,,29967.57666015625,53.14511320208332,16.746865684375006
350088665,way,centrum_handlowe,Galeria Muszkieterów,,,,,,5680.30908203125,53.26297999714285,14.49094887714286
356779899,way,centrum_handlowe,Galeria Vistula,,,,,,5158.5791015625,50.55556312666667,21.160947093333338
362315174,way,centrum_handlowe,,,,,,,19936.88232421875,52.30538062317881,21.07830987350993
363806094,way,centrum_handlowe,,,,,,,5844.07763671875,54.37224369310345,18.5194412
365837889,way,centrum_handlowe,Centrum Handlowe Ogrody,,,,,,35572.47314453125,54.18492772692309,19.406879936538463
368791550,way,centrum_handlowe,Avenida Poznań,,,,,,31693.8095703125,52.40051026458335,16.913433089583332
369424165,way,centrum_handlowe,,,,,,,24643.3681640625,53.11562650144928,18.010934152173913
373773899,way,centrum_handlowe,Galeria Miodowa,,,,,,13162.8037109375,50.98855684324324,18.213010640540546
375937853,way,centrum_handlowe,Vendo Park,,,,,,28832.10009765625,50.46612136190476,17.34389160952381
376043568,way,centrum_handlowe,VIVO!,,,,,,22749.35546875,51.24975019565216,22.576325276086955
376589078,way,centrum_handlowe,Galeria Navigator,,,,,,33062.8251953125,50.28762243999998,21.459168625454545
376804814,way,centrum_handlowe,Galeria Jurowiecka,,,,,,7726.6953125,53.13640822432433,23.162711351351344
377282122,way,centrum_handlowe,Centrum Handlowe Karolinka,,,,,,29235.91796875,50.68147936231884,17.88308337391304
380285140,way,centrum_handlowe,European,,,,,,54903.384765625,52.05614653913042,20.85375826521739
380366489,way,centrum_handlowe,Galeria Kociewska,,,,,,6880.59375,54.09657767111111,18.787419855555555
382351945,way,centrum_handlowe,Polskie Centrum Handlowe,,,,,,20802.37890625,52.05308935555556,20.85873484444444
384144975,way,centrum_handlowe,VIVO! Stalowa Wola,,,,,,29280.8759765625,50.585755504504526,22.063832893693693
390832753,way,centrum_handlowe,Posnania,,,,,,76652.7783203125,52.39649529972898,16.955763138753394
395346411,way,centrum_handlowe,Galeria Neptun,,,,,,18531.5234375,53.96428316734694,18.529375014285712
399713579,way,centrum_handlowe,Galeria Gniezno,,,,,,16980.70068359375,52.56089430350876,17.612269692982448
401880071,way,centrum_handlowe,Galeria Krotoszyńska,,,,,,6261.21044921875,51.69827805813952,17.43515287906977
405799076,way,centrum_handlowe,Galeria Metropolia,,,,,,17195.955078125,54.38302551836735,18.605481838775518
409153152,way,centrum_handlowe,Ferio Wawer,,,,,,9027.03173828125,52.20623656190475,21.16832743333334
411370683,way,centrum_handlowe,CH Hit,,,,,,13909.27099609375,52.43403836153845,20.698283880769228
413288053,way,centrum_handlowe,Olimp I,,,,,,8245.8076171875,51.2659222,22.571367326315787
421771741,way,centrum_handlowe,Galeria Echo,,,,,,21242.22900390625,50.88010162,20.648236414000003
424601410,way,centrum_handlowe,Karuzela,,,,,,5877.17822265625,50.675971305263154,18.64786101052632
433255921,way,centrum_handlowe,Galeria Hajnówka,,,,,,5389.091796875,52.74038292941176,23.58839182941177
438150636,way,centrum_handlowe,Galeria Staszowska,,,,,,5418.875,50.55706053600001,21.189115136
438217029,way,centrum_handlowe,Panorama,,,,,,18855.5322265625,52.19749322647058,21.049583285294123
439650453,way,centrum_handlowe,Nowa Sukcesja,,,,,,21798.14404296875,51.74937227636365,19.448690130909096
440448368,way,centrum_handlowe,Gemini Park Tychy,,,,,,40075.01513671875,50.09621609000001,19.0096374925
440603987,way,centrum_handlowe,Pasaż Grunwaldzki,,,,,,24376.67333984375,51.11259429859155,17.059411185915497
441667543,way,centrum_handlowe,Galeria Żabno,,,,,,6469.1865234375,50.121601638461534,20.89217439230769
445350850,way,centrum_handlowe,Centrum Handlowe Galeria Dekada,,,,,,41846.251953125,51.87365889622642,20.86726775471698
454525224,way,centrum_handlowe,Park Shop,,,,,,8326.828125,50.03334083636364,19.2220511
461201355,way,centrum_handlowe,Galeria Wołomin,,,,,,30036.7451171875,52.35648107499999,21.257867325000003
473960750,way,centrum_handlowe,Magnolia Park,,,,,,71171.3603515625,51.11907614465407,16.98951935911949
474973411,way,centrum_handlowe,Centrum Handlowe Quick Park,,,,,,14474.044921875,50.93626970740739,17.26989178518519
479952885,way,centrum_handlowe,"Centrum Handlowe ""Przy Struga""",,,,,,5313.7744140625,51.40733746666667,21.172470826666665
481067535,way,centrum_handlowe,Galeria Bem,,,,,,6590.0576171875,52.97331691875,22.2525384625
513398843,way,centrum_handlowe,Galeria Północna,,,,,,39406.72314453125,52.31761606078432,20.966519619607848
517003782,way,centrum_handlowe,Skende Shopping,,,,,,27858.09765625,51.28346512307693,22.57065278034188
520879220,way,centrum_handlowe,Multishop Jarocin,,,,,,5861.751953125,51.955942920000005,17.51134048
522967711,way,centrum_handlowe,Park Handlowy Marywilska 44,,,,,,12319.541015625,52.320084988888894,21.006971677777777
524159051,way,centrum_handlowe,Galeria VIVO!,,,,,,27701.51708984375,49.67713329777778,21.77595672666666
526604923,way,centrum_handlowe,Galeria Glogovia,,,,,,22002.42724609375,51.64955757727272,16.056026936363637
526922862,way,centrum_handlowe,Wroclavia,,,,,,39529.37890625,51.09656108873239,17.03472498943662
529337587,way,centrum_handlowe,Centrum Handlowe Quick Park Mysłowice,,,,,,15880.19677734375,50.250390763291136,19.118182941772147
533647249,way,centrum_handlowe,Galeria Stara Ujeżdżalnia,,,,,,28441.71484375,50.01513154700002,22.680921636
547070260,way,centrum_handlowe,Prima Park,,,,,,19237.2138671875,52.3448163757576,21.1240956
551023209,way,centrum_handlowe,Centrum Handlowe Szembeka,,,,,,6672.982421875,52.24067136376812,21.102292160869563
558624926,way,centrum_handlowe,Awangarda - Galeria Handlowa,,,,,,7776.92626953125,54.26380906576577,20.801123031531525
569238861,way,centrum_handlowe,Forum Gdańsk,,,,,,8500.5517578125,54.34945275882353,18.643224294117648
572919520,way,centrum_handlowe,Rondo Wiatraczna,,,,,,7835.1943359375,52.24401810555556,21.086404722222227
605731054,way,centrum_handlowe,Karuzela,,,,,,14235.50732421875,52.32403542571429,17.561787657142855
623173782,way,centrum_handlowe,Galeria Hosso,,,,,,13698.9443359375,52.234859806896544,15.533222965517243
638848605,way,centrum_handlowe,Libero Katowice,,,,,,24839.58837890625,50.2239840127907,18.987482274418607
650609426,way,centrum_handlowe,Bursztynowa Park,,,,,,5515.88330078125,53.0741772,21.576934522222224
670295593,way,centrum_handlowe,Park handlowy Topaz,,,,,,6666.9638671875,52.406411262162166,22.2225827945946
677668384,way,centrum_handlowe,ReFORMA,,,,,,10445.43994140625,50.276306525,18.695055395
689502320,way,centrum_handlowe,ETC Swarzędz,,,,,,24192.169921875,52.404494935593206,17.095199728813558
692329884,way,centrum_handlowe,Galeria Królewska,,,,,,7786.0703125,50.68562483793104,21.732586151724146
695633081,way,centrum_handlowe,Nowa Stacja,,,,,,17280.33642578125,52.165296559793816,20.79266554845361
696955998,way,centrum_handlowe,N-Park Stara Iwiczna,,,,,,20948.81591796875,52.08257251538461,21.011570130769236
700106611,way,centrum_handlowe,Designer Outlet Warszawa,,,,,,77818.08935546875,52.08777359814817,21.022403872222224
715565345,way,centrum_handlowe,Galeria Rynek,,,,,,5911.05859375,50.451518878260885,23.41652975942028
718196628,way,centrum_handlowe,Factory Gliwice,,,,,,16371.58251953125,50.25786957187501,18.657034234375004
719611572,way,centrum_handlowe,Park Handlowy Kęty,,,,,,5275.5029296875,49.87699474,19.2194274
726930351,way,centrum_handlowe,Galeria Piastova,,,,,,9782.2041015625,52.52674663225805,17.598643816129034
739068750,way,centrum_handlowe,Park Handlowy Multibox,,,,,,7657.97607421875,51.66494858333333,16.075994538888885
739683299,way,centrum_handlowe,Centrum handlowe Tkalnia,,,,,,6955.55712890625,51.661516794117645,19.357412205882355
758827434,way,centrum_handlowe,Vendo Park,,,,,,11397.51953125,52.53174652777778,19.68224945555555
759025833,way,centrum_handlowe,Park Handlowy Kasztelania,,,,,,6235.86279296875,50.13753397599999,19.423205312
759408935,way,centrum_handlowe,Galeria Dekada,,,,,,13381.9931640625,50.47807702702701,17.336806791891892
767979827,way,centrum_handlowe,Galeria Chełm,,,,,,21158.6826171875,51.14461200185185,23.444250587037047
775607035,way,centrum_handlowe,S1 Center,,,,,,8992.669921875,50.85438080869567,17.480360234782612
785047002,way,centrum_handlowe,Galeria Kupiecka,,,,,,7392.77587890625,52.10830699310343,21.260021617241385
793841764,way,centrum_handlowe,Galeria Wiślanka,,,,,,17126.08544921875,50.04542727741936,18.703245719354843
814241797,way,centrum_handlowe,Galeria Modlińska,,,,,,16492.5859375,52.30318442083334,20.9915766375
817654786,way,centrum_handlowe,Galeria Dębicka,,,,,,9506.7158203125,50.046107448,21.412371048000004
821932856,way,centrum_handlowe,Centrum handlowe N-Park,,,,,,31440.01513671875,51.404144371428565,19.72388216071429
824500946,way,centrum_handlowe,Stop Shop,,,,,,12468.3330078125,52.135876241666665,22.291567341666664
877265195,way,centrum_handlowe,Vendo Park,,,,,,7154.9111328125,51.91641547857144,22.37123922142857
881250730,way,centrum_handlowe,,,,,,,11423.3828125,53.8127441125,22.37550775
889234027,way,centrum_handlowe,VENDOPARK,,,,,,5933.998046875,54.79171376666665,18.418565491666666
927559868,way,centrum_handlowe,Arkadia Park,,,,,,5784.8623046875,54.531813175,17.761752533333333
935615197,way,centrum_handlowe,Centrum Handlowe Land,,,,,,15686.4287109375,52.172284942105264,21.025299868421055
949324474,way,centrum_handlowe,Galeria Sekunda,,,,,,12831.65283203125,50.64756725294118,20.28476464117647
968602642,way,centrum_handlowe,Vendo Park,,,,,,5510.55810546875,50.03754480526317,19.212172342105266
977810508,way,centrum_handlowe,Park Handlowy S1,,,,,,8147.67431640625,51.80971209677419,15.70310252580645
984035624,way,centrum_handlowe,,,,,,,6334.572265625,54.1288922,22.9388171
988720982,way,centrum_handlowe,Centrum Handlowe Medyka 405a,,,,,,20702.546875,49.801227077777774,22.94023593888889
991185170,way,centrum_handlowe,"Centrum Handlowe ""Białołęcka""",,,,,,8508.18017578125,52.31720095833333,21.03035204166667
991931100,way,centrum_handlowe,Designer Outlet Kraków,,,,,,25327.390625,50.05995340925108,20.00616047797356
991931103,way,centrum_handlowe,Atut Galicyjska,,,,,,11602.5517578125,50.05731391666666,20.00673792916667
995036388,way,centrum_handlowe,,,,,,,8933.13916015625,53.342248895,14.987548305
995529141,way,centrum_handlowe,Czerwona Torebka,,,,,,9800.44140625,52.31214728780488,21.06337483414634
1003453165,way,centrum_handlowe,,,,,,,10033.154296875,50.606126580555554,16.82052003888889
1017556992,way,centrum_handlowe,Galeria Starówka,,,,,,11889.39794921875,51.84376863600001,16.579163752
1042023157,way,centrum_handlowe,Galeria Kazimierz,,,,,,31529.82275390625,50.05340395628142,19.955486408542725
1043513378,way,centrum_handlowe,Centrum Handlowe Treny,,,,,,15245.40771484375,52.31399765263158,20.88124022631579
1049412635,way,centrum_handlowe,Stop Shop,,,,,,7053.5830078125,51.93985668571429,15.556716728571429
1050513323,way,centrum_handlowe,Galeria Ness,,,,,,5682.36474609375,53.02438094545455,20.884076272727278
1064633350,way,centrum_handlowe,Galeria pod Rondem Czterdziestolatka,,,,,,6170.9375,52.22762797950817,21.00201181393443
1067114018,way,centrum_handlowe,N-Park Pszczyna,,,,,,6770.423828125,49.96528363333333,18.956685266666668
1069008955,way,centrum_handlowe,Vendo Park,,,,,,10149.150390625,52.09302761875,21.24072791875
1069442472,way,centrum_handlowe,Stacja Mława,,,,,,15410.64453125,53.10985775384616,20.365285361538465
1074623609,way,centrum_handlowe,Roździeń,,,,,,10202.0947265625,50.279209695918375,19.080209018367345
1093697306,way,centrum_handlowe,,,,,,,5101.8984375,51.39080453888889,16.211252855555557
1100641724,way,centrum_handlowe,Galeria Dominikańska,,,,,,14467.36962890625,51.10850619117648,17.040223526470587
1104052477,way,centrum_handlowe,Prochownia Łomianki,,,,,,15937.58349609375,52.33444925555554,20.90005546111111
1118447916,way,centrum_handlowe,Atut Ruczaj 2,,,,,,6720.8154296875,50.01316375499999,19.88644009
1156936348,way,centrum_handlowe,BIG Łubna,,,,,,37245.92724609375,52.02651826,21.12139305333333
1157483244,way,centrum_handlowe,Centrum Handlowe Jagiellończycy,,,,,,5229.38427734375,50.78350934583332,19.14262008333333
1158231589,way,centrum_handlowe,,,,,,,7175.939453125,50.43720792,16.634979519999998
1159019143,way,centrum_handlowe,,,,,,,33855.81396484375,52.23201491907512,21.10590267919076
1173957033,way,centrum_handlowe,,,,,,,10609.068359375,52.02142008999997,23.11971558777778
1194693413,way,centrum_handlowe,San Park Piaseczno,,,,,,83583.3505859375,52.10121628064517,21.02084060645161
1205468032,way,centrum_handlowe,"Centrum Handlowe ""Witawa""",,,,,,6125.919921875,54.49776894000001,18.508777554
1209363807,way,centrum_handlowe,Park Handlowy S1,,,,,,5293.7685546875,52.84935330769231,17.743789053846154
1209956512,way,centrum_handlowe,Park Handlowy S1,,,,,,5264.1748046875,50.1649437,23.126487229411765
1220464627,way,centrum_handlowe,N Park Tarnobrzeg,,,,,,14036.2119140625,50.570850533333335,21.70362641041667
1228271562,way,centrum_handlowe,,,,,,,8483.2900390625,51.26952179166668,17.993782391666667
1239047863,way,centrum_handlowe,Aura Park,,,,,,6860.240234375,50.06487382307694,22.499227502564104
1246922050,way,centrum_handlowe,Hala S,,,,,,8019.9208984375,51.64948205714286,19.492720785714287
1246922052,way,centrum_handlowe,Hala G,,,,,,10151.0654296875,51.647876233333335,19.49095375
1249107879,way,centrum_handlowe,"Centrum Handlowe ""Tu i Teraz""",,,,,,13301.8671875,53.86481951052631,20.95206148947368
1249715252,way,centrum_handlowe,Centrum Handlowe Maxim,,,,,,24152.8076171875,52.3910764030303,20.921619146969704
1260669253,way,centrum_handlowe,,,,,,,15640.62646484375,54.231135820000006,16.172675729999998
1272476359,way,centrum_handlowe,Victoria Park,,,,,,5117.70947265625,50.03349006382977,21.014123968085112
1321689770,way,centrum_handlowe,Galeria Radzymin,,,,,,8321.89892578125,52.40573673125,21.17498228125
1347814054,way,centrum_handlowe,Park handlowy Era Park Rembertów,,,,,,7963.12451171875,52.25944763939393,21.156676527272733
1348997569,way,centrum_handlowe,Wzorcownia,,,,,,5855.62158203125,52.65521470784313,19.0628948745098
1349789978,way,centrum_handlowe,,,,,,,5748.46044921875,52.43271213333333,15.116794472222224
1375711123,way,centrum_handlowe,Galeria przy ul. Łąkowej,,,,,,13018.2841796875,53.40994300526315,23.51104992105263
1427316821,way,centrum_handlowe,Park Handlowy Glogovia,,,,,,8263.9931640625,51.64871204482757,16.05914466896552
1433142022,way,centrum_handlowe,Park Handlowy Łajski,,,,,,8677.646484375,52.4341844,20.9418183
1451391397,way,centrum_handlowe,,,,,,,8510.935546875,50.48168574,17.333354070000002
1471771588,way,centrum_handlowe,"Centrum Handlowe ""Klif""",,,,,,22308.15576171875,54.47478663804348,18.55198845869566
1475392760,way,centrum_handlowe,Centrum Handlowe Pogoria,,,,,,32972.306640625,50.32708516593407,19.18279433626374
1489292717,way,centrum_handlowe,HopStop Rembertów,,,,,,7372.2822265625,52.25629097692308,21.15853806153846
1502488249,way,centrum_handlowe,Melia Park,,,,,,5280.96240234375,52.81305733333333,21.89033896666667
1515322232,way,centrum_handlowe,M Park Iława,,,,,,21548.890625,53.581136181818174,19.56790681818181
1515588480,way,centrum_handlowe,Karuzela,,,,,,10083.921875,53.85838191463415,21.304834456097566
1528170996,way,centrum_handlowe,Aura Park,,,,,,6055.7314453125,51.761139918032775,19.469179129508195
278920381,node,parking_duzy,Arkadia,3700,customers,,,,,52.2584238,20.9841807
1022548011,node,parking_duzy,,50,yes,,,,,49.564616,22.1808553
1156329714,node,parking_duzy,Parking podziemny Netto,50,,,,,,49.8099213,19.0619462
1215172164,node,parking_duzy,,100,,,,,,51.656484,19.3383891
1422388335,node,parking_duzy,,50,,,,,,49.7067386,19.0123024
1777878249,node,parking_duzy,P+R CH Wileńska,265,yes,,,,,52.2550861,21.0390108
1803258327,node,parking_duzy,Podziemny,240,,,,,,51.7656551,18.0872854
1808173301,node,parking_duzy,,50,yes,,,,,50.2065805,19.9695068
1872658316,node,parking_duzy,,450,yes,,,,,51.8835635,19.42338
2060164682,node,parking_duzy,,50,,,,,,49.952512,18.6171695
2077130977,node,parking_duzy,,50,customers,,,,,54.1037304,17.944682
2357424166,node,parking_duzy,,390,,,,,,50.6705722,17.9253519
2421373078,node,parking_duzy,,100,,,,,,50.4820672,16.9502026
2991883631,node,parking_duzy,,50,customers,,,,,52.5949359,21.4511617
3177728039,node,parking_duzy,ICE Kraków,355,customers,,,,,50.0478586,19.9325168
3202761548,node,parking_duzy,,50,permissive,,,,,51.4658898,21.4340859
3247490613,node,parking_duzy,,200,,,,,,50.4749733,20.7078451
4223395318,node,parking_duzy,,50,customers,,,,,52.2559235,20.8382348
4318035579,node,parking_duzy,parking Dino Park Malbork,100,permissive,,,,,54.0423773,19.0440016
4359008232,node,parking_duzy,WDW B,60,,,,,,49.2889537,19.9048268
4498364824,node,parking_duzy,,1585,customers,,,,,52.2304712,21.0035996
4558962745,node,parking_duzy,Parking P+R Łódź Fabryczna,960,yes,,,,,51.7700053,19.4708811
5787700423,node,parking_duzy,,50,,,,,,53.3128891,18.2591164
5981802669,node,parking_duzy,,50,yes,,,,,51.3947798,15.091421
6624376674,node,parking_duzy,,55,yes,,,,,50.9433033,21.3904694
7070126980,node,parking_duzy,,96,yes,,,,,50.2035509,19.2719124
8362760468,node,parking_duzy,,50,,,,,,50.2886113,17.9744309
8393771524,node,parking_duzy,,68,yes,,,,,54.1920297,15.8600467
8393771526,node,parking_duzy,,68,yes,,,,,54.1894348,15.8587864
9013532447,node,parking_duzy,,72,customers,,,,,50.9484648,21.3812508
9095255257,node,parking_duzy,,56,customers,,,,,53.1099974,18.0488327
9888095227,node,parking_duzy,Par king,310,,,,,,51.1110178,17.0286291
10754324029,node,parking_duzy,,60,yes,,,,,52.3995299,16.9505796
11279348378,node,parking_duzy,,600,,,,,,53.7507833,20.5054674
11408482473,node,parking_duzy,P+R Górka Narodowa,465,yes,,,,,50.1049576,19.9627164
11939157271,node,parking_duzy,,52,customers,,,,,50.8037498,19.0891885
12238460901,node,parking_duzy,Parking Starówka,325,yes,,,,,54.1738709,15.5783973
12629823821,node,parking_duzy,Parking monitorowany niestrzeżony,50,yes,,,,,50.2118067,18.9975818
12749482066,node,parking_duzy,,60,permit,,,,,54.1266599,20.5660764
13076324509,node,parking_duzy,,80,,,,,,52.3948444,16.9310858
13099995191,node,parking_duzy,,50,,,,,,49.8230117,22.8178268
5477501,way,parking_duzy,,103,yes,,,,,52.2222962,21.0161256
23016451,way,parking_duzy,,80,,,,,,52.7979258,17.1859148
23046443,way,parking_duzy,,90,yes,,,,,52.242562,21.0991306
24064768,way,parking_duzy,,170,customers,,,,,52.2239777,20.9287691
24822264,way,parking_duzy,,120,,,,,,52.1078077,19.9451098
25170631,way,parking_duzy,ZOO - Parking II,480,yes,,,,,50.0599818,19.8646652
25706829,way,parking_duzy,P+R Metro Ursynów,166,yes,,,,,52.1627044,21.0274256
26208271,way,parking_duzy,,208,yes,,,,,53.382797,14.6567084
26258895,way,parking_duzy,Galeria Mozaika Kraków,815,customers,,,,,50.0146136,19.9943269
28957229,way,parking_duzy,,280,yes,,,,,50.9405134,21.3700129
29188087,way,parking_duzy,,78,yes,,,,,50.2971994,18.7768194
29221622,way,parking_duzy,,150,,,,,,50.5006051,16.3763449
29244104,way,parking_duzy,,200,customers,,,,,54.4648101,17.0275933
29390492,way,parking_duzy,,1466,yes,,,,,50.0651294,20.0003073
30662835,way,parking_duzy,Parkuj i Idź Droga Dębińska,62,,,,,,52.3973335,16.9344074
30991402,way,parking_duzy,,58,customers,,,,,52.1901756,21.0167187
31056933,way,parking_duzy,,51,yes,,,,,54.1913266,16.2122101
31747261,way,parking_duzy,,100,,,,,,50.3038232,18.7883808
32088376,way,parking_duzy,,114,yes,,,,,51.6387653,22.9058579
33037401,way,parking_duzy,Zabrze CH Platan Parking,1000,,,,,,50.3105179,18.7887058
33365750,way,parking_duzy,,100,,,,,,53.4114943,23.5277623
33485538,way,parking_duzy,,50,,,,,,50.3090643,18.7667125
33718716,way,parking_duzy,,349,customers,,,,,50.9100414,15.7381571
33897616,way,parking_duzy,,50,,,,,,50.321561,18.7611973
34917405,way,parking_duzy,,100,yes,,,,,49.7750846,19.2234124
34929053,way,parking_duzy,,51,,,,,,50.1018157,18.5402841
34982034,way,parking_duzy,,101,yes,,,,,52.2375762,20.9142727
35809308,way,parking_duzy,,150,yes,,,,,51.0870962,17.041528
36854507,way,parking_duzy,Parkuj i Idź Jana Pawła II (O.M.Żelazka),95,,,,,,52.3915841,16.9272939
37906296,way,parking_duzy,,150,,,,,,51.1482653,17.116555
39381708,way,parking_duzy,,400,yes,,,,,54.3450859,18.6487578
39825073,way,parking_duzy,,124,yes,,,,,53.3916931,14.6686118
41274725,way,parking_duzy,,100,yes,,,,,50.1942259,18.4468587
44457893,way,parking_duzy,,51,,,,,,50.3042928,18.7620019
46666572,way,parking_duzy,,173,yes,,,,,53.6992831,17.5735596
48925072,way,parking_duzy,,60,customers,,,,,50.0151442,20.0198934
49160559,way,parking_duzy,,~190,,,,,,50.279561,18.9664007
49883977,way,parking_duzy,,200,customers,,,,,50.0195896,22.0158367
49947218,way,parking_duzy,,130,,,,,,54.5185177,18.5448084
52831652,way,parking_duzy,,50,customers,,,,,50.4320107,18.8058541
53150317,way,parking_duzy,,50,yes,,,,,51.2446834,22.5477398
53425015,way,parking_duzy,,700,customers,,,,,53.4341005,14.5574061
53425191,way,parking_duzy,Parking Rotacyjny Dozorowany,450,,,,,,53.4326914,14.5576283
55793233,way,parking_duzy,Parking TIR,50,,,,,,50.4454577,16.8743538
55987822,way,parking_duzy,Parking Parku handlowego „Zakopianka”,1094,yes,,,,,50.0141268,19.9303461
59133021,way,parking_duzy,Parkuj i Idź Królowej Jadwigi (Maratońska),94,,,,,,52.3986881,16.9300109
60694345,way,parking_duzy,,100,yes,,,,,50.2898945,18.7187966
61133485,way,parking_duzy,,146,yes,,,,,52.1405687,21.0468706
61133498,way,parking_duzy,,51,yes,,,,,52.1388812,21.0484396
61840436,way,parking_duzy,Skalisko,50,,,,,,50.4371132,16.8732225
62364763,way,parking_duzy,,150,permissive,,,,,51.2342886,22.566489
62775582,way,parking_duzy,Święta Lipka,100,,,,,,54.0223015,21.2139131
63946232,way,parking_duzy,,100,,,,,,50.324538,19.1767429
64250158,way,parking_duzy,,72,yes,,,,,50.3266352,19.1890275
64743013,way,parking_duzy,,60,yes,,,,,50.0939396,18.9889447
65644485,way,parking_duzy,,50,yes,,,,,50.4131606,19.2056715
69822271,way,parking_duzy,P+R Prądnik Czerwony,83,yes,,,,,50.0968809,19.9751496
75642098,way,parking_duzy,,72,,,,,,50.0550666,18.4216444
79799543,way,parking_duzy,Parking pl. św. Katarzyny,280,yes,,,,,53.0132527,18.613731
80180361,way,parking_duzy,,50,yes,,,,,53.0125615,18.6064298
81621054,way,parking_duzy,,300,customers,,,,,54.0798301,21.4936904
82667152,way,parking_duzy,,300,,,,,,50.4412811,16.8760372
83720793,way,parking_duzy,Armata,50,yes,,,,,50.1685676,18.9063323
84324744,way,parking_duzy,OMNI Centrum,210,customers,,,,,50.3012476,19.0013055
86099468,way,parking_duzy,,63,,,,,,53.0258129,18.6723033
88285614,way,parking_duzy,,121,yes,,,,,51.1380548,17.026851
91942147,way,parking_duzy,,80,yes,,,,,52.2466474,20.9870762
92143064,way,parking_duzy,CH Klif,400,customers,,,,,52.2469665,20.9786823
92165390,way,parking_duzy,P+R Połczyńska,500,yes,,,,,52.2225727,20.9222454
92909375,way,parking_duzy,,150,yes,,,,,52.0731724,21.0261313
93365181,way,parking_duzy,,1970,yes,,,,,50.3198346,19.1057175
94518082,way,parking_duzy,,50,yes,,,,,54.263675,18.6384988
95505877,way,parking_duzy,,2143,yes,,,,,50.2561726,18.6555374
96130960,way,parking_duzy,,200,yes,,,,,54.3568162,18.6468244
97232207,way,parking_duzy,P+R Wilanowska,290,yes,,,,,52.1803241,21.02464
100318815,way,parking_duzy,P2 długoterminowy,108,,,,,,51.728355,19.4041182
100319402,way,parking_duzy,Parking Strzeżony RETKA PARK,130,customers,,,,,51.7402708,19.4010529
100495629,way,parking_duzy,,160,yes,,,,,51.2430061,22.6386099
101848736,way,parking_duzy,,100,yes,,,,,50.439349,18.8582841
103304844,way,parking_duzy,,80,yes,,,,,54.3792212,18.5809056
104392533,way,parking_duzy,,100,,,,,,50.0959299,18.214466
105514733,way,parking_duzy,P+R Metro Marymont,405,yes,,,,,52.2713441,20.969972
106662366,way,parking_duzy,,50,,,,,,49.8196468,19.0284553
107204022,way,parking_duzy,,70,yes,,,,,52.6715155,14.8893489
107361467,way,parking_duzy,,50,yes,,,,,50.0843998,20.0296359
107545029,way,parking_duzy,,65,yes,,,,,49.8201013,19.0509994
110317055,way,parking_duzy,P5 (długoterminowy),385,,,,,,54.3821799,18.4721548
116569761,way,parking_duzy,,464,customers,,,,,52.1876589,20.9013389
117251291,way,parking_duzy,,140,,,,,,51.1597956,15.0072943
117618775,way,parking_duzy,,546,,,,,,52.1483334,21.0333701
119369981,way,parking_duzy,,54+,customers,,,,,52.3050405,21.0766608
119551912,way,parking_duzy,,800,yes,,,,,51.1063381,17.0788852
121394346,way,parking_duzy,Parking P2,800,yes,,,,,54.4250428,18.5798944
122068285,way,parking_duzy,P3 Hevelianum,93,,,,,,54.3542688,18.6417492
124461247,way,parking_duzy,Parking strzeżony „Port”,80,customers,,,,,54.1840383,15.5554125
127626896,way,parking_duzy,,71,yes,,,,,51.1924088,20.4116418
127684559,way,parking_duzy,,200,yes,,,,,49.5559735,21.6843899
128296142,way,parking_duzy,P+R Al. Krakowska,415,yes,,,,,52.1751218,20.9433746
129319785,way,parking_duzy,Parking sklepowy,126,customers,,,,,50.0301662,19.911063
129761696,way,parking_duzy,,100,,,,,,52.4046003,16.9204637
130013079,way,parking_duzy,,150,,,,,,54.4695808,18.5078087
130277767,way,parking_duzy,,94,yes,,,,,52.4055463,16.9307302
132340948,way,parking_duzy,,340,yes,,,,,54.4075693,18.6166378
137935763,way,parking_duzy,,103,yes,,,,,52.4494505,16.992704
142341212,way,parking_duzy,,63,,,,,,52.2107903,20.7944206
142842089,way,parking_duzy,Parking OSM,50,customers,,,,,53.7610859,20.4719668
142903415,way,parking_duzy,Katowice Airport Parking P2,2500,,,,,,50.4696729,19.0792024
143069504,way,parking_duzy,Parking Społecznie Odpowiedzialny,50,yes,,,,,54.3532088,18.6536087
143264447,way,parking_duzy,,108,customers,,,,,50.0196398,21.9907464
143867641,way,parking_duzy,,73,customers,,,,,49.9610294,20.4225044
144883970,way,parking_duzy,,50,customers,,,,,53.1606179,17.9169147
145670336,way,parking_duzy,,100,,,,,,50.7175203,23.2491866
148464974,way,parking_duzy,,200,yes,,,,,49.9852347,20.0565075
149570313,way,parking_duzy,,96,yes,,,,,53.9655176,18.5225619
149803260,way,parking_duzy,P+R Anin SKM,83,yes,,,,,52.2131646,21.1608692
149946146,way,parking_duzy,Parking P1 - Krótkoterminowy. P1 Short Term Parking,560,,,,,,50.1157253,22.0258275
150213138,way,parking_duzy,,225,,,,,,51.8321207,16.598771
150785070,way,parking_duzy,Parking Wielopoziomowy P1,1243,yes,,,,,50.071247,19.8009365
152330208,way,parking_duzy,Parking Wesoła,350,yes,,,,,50.059746,19.9532174
152948711,way,parking_duzy,Parking przy Hotelu Ostaniec,116,customers,,,,,50.5679425,19.5346521
152957209,way,parking_duzy,Parking Zajazd Jurajski,50,,,,,,50.5666676,19.5327379
156348582,way,parking_duzy,,50,customers,,,,,52.2100044,20.800115
157022035,way,parking_duzy,strzeż.,80,yes,,,,,54.149454,19.4339791
157423385,way,parking_duzy,,150,customers,,,,,51.2359347,22.5123067
157828187,way,parking_duzy,P+R Metro Młociny,1010,yes,,,,,52.2904172,20.9275661
158017425,way,parking_duzy,,60,,,,,,51.8614177,19.3928913
158064225,way,parking_duzy,,90,,,,,,53.7918768,20.4966121
158068672,way,parking_duzy,,70,customers,,,,,53.7862167,20.4490469
158580656,way,parking_duzy,,122,yes,,,,,54.151769,19.4168531
159256127,way,parking_duzy,Kiss & Fly (10' Free),75,yes,,,,,54.3827929,18.4654364
159648603,way,parking_duzy,Parkuj i Jedź,394,yes,,,,,52.1670611,20.7961599
160219175,way,parking_duzy,,150,permissive,,,,,52.1794344,21.0066578
160767834,way,parking_duzy,Parking osiedlowy,90,yes,,,,,51.241474,22.5976283
161409971,way,parking_duzy,,200,yes,,,,,54.1744693,15.5610285
162078699,way,parking_duzy,,60,,,,,,50.166482,18.9042646
162543939,way,parking_duzy,,50,,,,,,53.4514848,14.5477209
162544366,way,parking_duzy,parking Lidl,130,,,,,,52.2459742,15.5266364
162544369,way,parking_duzy,,50,,,,,,52.2470895,15.5292056
162553410,way,parking_duzy,,50,,,,,,53.6344026,15.6191562
162620734,way,parking_duzy,,63,yes,,,,,50.0935039,19.9743436
164753287,way,parking_duzy,,99,yes,,,,,54.3230061,18.6058085
165513544,way,parking_duzy,,74,yes,,,,,50.3090923,18.7826487
166268132,way,parking_duzy,,123,yes,,,,,52.3177373,20.9614232
166379904,way,parking_duzy,,50,yes,,,,,54.7906468,18.4067989
167238963,way,parking_duzy,,81,,,,,,51.7403893,18.0490891
167328484,way,parking_duzy,,63,customers,,,,,54.4970048,18.5117071
167362909,way,parking_duzy,,68,,,,,,54.4916411,18.5102216
167442821,way,parking_duzy,,65,yes,,,,,52.1426986,21.0497131
167870637,way,parking_duzy,,112,,,,,,51.2352246,22.5359076
167959003,way,parking_duzy,,102+,customers,,,,,52.3093016,21.0795537
167972922,way,parking_duzy,P2 Hevelianum,59,yes,,,,,54.3585184,18.6408331
167990908,way,parking_duzy,,52,,,,,,50.3545669,18.899793
168555728,way,parking_duzy,,200,customers,,,,,54.1767928,16.1998647
168936588,way,parking_duzy,Parking wielopoziomowy,900,customers,,,,,50.3486809,18.9208863
169077318,way,parking_duzy,,60,,,,,,50.3541323,18.8965942
169212715,way,parking_duzy,,100,,,,,,54.2059716,16.1919975
169255609,way,parking_duzy,,256,,,,,,51.7550968,18.0901109
169488286,way,parking_duzy,,90,yes,,,,,50.010315,18.4632956
169869598,way,parking_duzy,,60,yes,,,,,52.1118237,20.6216789
170606840,way,parking_duzy,,103,customers,,,,,51.3497201,19.3709452
171421108,way,parking_duzy,Tomix Parking,65,yes,,,,,53.4619322,18.7319147
171573956,way,parking_duzy,,84,customers,,,,,51.7927938,19.3806519
172649238,way,parking_duzy,,100,yes,,,,,49.559052,19.3482776
172748708,way,parking_duzy,Parking Piętrowy Askana,910,,,,,,52.7316547,15.2256992
173148087,way,parking_duzy,Parking przy Castoramie,343,yes,,,,,52.7588822,15.2448017
173185911,way,parking_duzy,Parking Wielopoziomowy,500,customers,,,,,51.2642872,22.5708224
173507682,way,parking_duzy,,50,,,,,,51.0209726,22.8507471
173533224,way,parking_duzy,,100,,,,,,52.4088931,20.8862969
173575017,way,parking_duzy,,84,yes,,,,,54.5073386,18.554308
173673982,way,parking_duzy,,100,,,,,,52.5242365,19.6750935
173810917,way,parking_duzy,,80,yes,,,,,51.7914423,19.4498302
175339386,way,parking_duzy,,60,,,,,,51.3500382,19.3660427
175571608,way,parking_duzy,,78,yes,,,,,50.0677443,22.2433908
176008639,way,parking_duzy,Parking parafialny,50,,,,,,49.7458421,20.7348543
176985824,way,parking_duzy,,190,yes,,,,,51.136383,16.9423168
177862421,way,parking_duzy,,399,,,,,,53.4687173,18.756919
178143932,way,parking_duzy,Parking dla studentów Wyższej Szkoły Ekonomii i Innowacji,100,,,,,,51.2462683,22.613284
178464102,way,parking_duzy,,56,yes,,,,,51.7335315,19.500716
178747173,way,parking_duzy,Kąpielisko Leśne - parking,60,,,,,,50.3271113,18.6471127
178847996,way,parking_duzy,Parking Galeria Echo,2300,customers,,,,,50.8799178,20.6458552
179375496,way,parking_duzy,,100,,,,,,50.2961553,18.9492773
179865515,way,parking_duzy,,50,,,,,,53.1512924,16.732929
180008302,way,parking_duzy,Parking strzeżony,80,yes,,,,,50.29469,18.946965
180016131,way,parking_duzy,,270,,,,,,50.8751561,20.6310763
180120060,way,parking_duzy,"Parking wielopoziomowy ""Centrum""",386,yes,,,,,50.8724079,20.62909
180169993,way,parking_duzy,,75,customers,,,,,50.2857191,19.13124
180245273,way,parking_duzy,,144,yes,,,,,50.8677648,20.6342567
182004766,way,parking_duzy,,60,yes,,,,,50.00659,20.4392815
182029297,way,parking_duzy,,50,,,,,,50.0033656,20.4289854
182321533,way,parking_duzy,,100,,,,,,50.3135357,18.9740697
182329533,way,parking_duzy,,~20,yes,,,,,51.381361,21.1610064
182400919,way,parking_duzy,,60,,,,,,50.1959023,19.2765084
182461230,way,parking_duzy,,100,yes,,,,,51.2525553,22.5720999
184579114,way,parking_duzy,,80,yes,,,,,49.8956425,21.4869611
184760131,way,parking_duzy,,212,yes,,,,,49.4245386,20.4601541
185560396,way,parking_duzy,,400,yes,,,,,52.7381372,15.2036541
185696171,way,parking_duzy,,65,,,,,,54.0893862,22.9297693
186651541,way,parking_duzy,Parking Pod Blankami,240,yes,,,,,53.1205426,17.9994451
186772757,way,parking_duzy,,50,,,,,,53.3625312,21.5649425
188733596,way,parking_duzy,Parking ZUS,50,,,,,,50.3038536,18.7815349
188792023,way,parking_duzy,,63,,,,,,52.7555639,15.2136655
190817660,way,parking_duzy,long-stay,154,,,,,,51.2350848,22.7172599
190825806,way,parking_duzy,short-stay,150,,,,,,51.2346852,22.7137824
190875837,way,parking_duzy,,200,customers,,,,,51.8177756,19.4362181
191209860,way,parking_duzy,P+R Czerwone Maki,192,yes,,,,,50.0185153,19.89055
192068968,way,parking_duzy,,224,yes,,,,,50.3200415,19.1305258
192068971,way,parking_duzy,,71,,,,,,50.3232359,19.1533692
192934065,way,parking_duzy,,120,yes,,,,,52.3045495,16.1327828
195459532,way,parking_duzy,,360,yes,,,,,52.7336493,15.2250983
196292484,way,parking_duzy,,167,customers,,,,,51.7048351,19.4185565
199888359,way,parking_duzy,,100,customers,,,,,50.2069438,19.7762831
200732932,way,parking_duzy,Parkuj i Jedź,84,yes,,,,,51.143643,16.9489267
201670567,way,parking_duzy,,120,,,,,,51.4308859,21.1523326
203064702,way,parking_duzy,,800,customers,,,,,54.4098448,18.5925836
203263682,way,parking_duzy,,50,,,,,,52.2292939,20.2363089
203397535,way,parking_duzy,Galeria Mieszka,80,customers,,,,,53.4129187,14.524476
204919664,way,parking_duzy,,54,yes,,,,,52.1437718,21.0530015
208693704,way,parking_duzy,Parking Wielopoziomowy Toruń Plaza,300,customers,,,,,53.0149684,18.5627833
209428899,way,parking_duzy,,82,,,,,,50.1298005,18.5200009
211321230,way,parking_duzy,,161,customers,,,,,50.6779409,17.9760135
213671132,way,parking_duzy,Parkuj i Jedź,110,yes,,,,,51.085233,16.9732328
217598493,way,parking_duzy,,100-200,customers,,,,,51.2990152,22.8880951
217659947,way,parking_duzy,,300,,,,,,52.8830609,18.7803667
219506580,way,parking_duzy,P+R Ursus Niedźwiadek,338,customers,,,,,52.1910338,20.8675159
219697348,way,parking_duzy,,65,,,,,,51.0473211,16.9656659
219765017,way,parking_duzy,Parking turystyczny i wejście do Muzeum Auschwitz-Birkenau,195,,,,,,50.0305795,19.2055984
220331834,way,parking_duzy,,60,customers,,,,,51.1109118,15.5805141
221788528,way,parking_duzy,,90,yes,,,,,52.34558,21.2209457
221820988,way,parking_duzy,,120,,,,,,52.4546258,16.9033949
221823330,way,parking_duzy,,120,yes,,,,,52.458423,16.9033119
221833052,way,parking_duzy,Galeria Zabrze,200,customers,,,,,50.3067231,18.7837996
223351551,way,parking_duzy,,130,yes,,,,,51.2026019,16.1124254
223408845,way,parking_duzy,Samochody osobowe,52,yes,,,,,51.3888321,22.2467631
224081319,way,parking_duzy,,68,yes,,,,,54.1001039,22.9284836
224081321,way,parking_duzy,,79,yes,,,,,54.100095,22.9260656
224095363,way,parking_duzy,,105,,,,,,54.1021882,22.9304729
224231258,way,parking_duzy,,50,customers,,,,,50.8805669,20.61499
225142954,way,parking_duzy,,133,,,,,,54.5198472,18.5380192
225334883,way,parking_duzy,Parking płatny,100,yes,,,,,54.2142465,15.75261
226141164,way,parking_duzy,,149,yes,,,,,53.1377354,23.158446
226590199,way,parking_duzy,,200,yes,,,,,51.263597,22.5555602
227354848,way,parking_duzy,,170,,,,,,52.7463066,15.1459019
227412136,way,parking_duzy,,160,,,,,,52.7390881,15.1621561
227412495,way,parking_duzy,,300,,,,,,52.741669,15.1549245
227521032,way,parking_duzy,,200,,,,,,50.8746137,20.6013692
228279700,way,parking_duzy,,64,customers,,,,,53.14303,23.212175
228597313,way,parking_duzy,,50,,,,,,49.8532201,19.3399451
229053387,way,parking_duzy,,55,yes,,,,,52.2565309,21.0442995
229271007,way,parking_duzy,,60,,,,,,50.268823,19.0270739
229723673,way,parking_duzy,Parking Mazurska,ca.15,yes,,,,,54.0506131,21.1535291
229835565,way,parking_duzy,,60,,,,,,54.2160795,15.7633927
230820672,way,parking_duzy,,100,customers,,,,,49.6614257,18.8578703
231319919,way,parking_duzy,Plac ks. Kanonika Jana Gdaka,50,permissive,,,,,51.1392648,17.1798691
231634821,way,parking_duzy,,300,customers,,,,,54.3064925,19.4792159
232236570,way,parking_duzy,,53,customers,,,,,50.0895116,19.979869
232581302,way,parking_duzy,jezioro Nierzym,50,,,,,,52.8127826,15.3712346
232985178,way,parking_duzy,,70,customers,,,,,50.3136408,19.1119845
233215288,way,parking_duzy,,100,customers,,,,,50.7757598,15.7301502
234003648,way,parking_duzy,,300,,,,,,50.9577776,21.3613938
234592637,way,parking_duzy,,60,yes,,,,,50.8232316,16.2805525
235364743,way,parking_duzy,Parking pracowniczy SHL,187,,,,,,50.8850354,20.6252406
235503291,way,parking_duzy,,50,,,,,,50.0955717,21.9165602
236101304,way,parking_duzy,,56,,,,,,53.1481683,23.2159557
236489976,way,parking_duzy,,50,,,,,,50.269666,19.0491247
237151639,way,parking_duzy,Parking pod Srebrną Górą,100,yes,,,,,50.0433054,19.8320946
237588465,way,parking_duzy,,115,yes,,,,,50.0164655,18.4495209
237683366,way,parking_duzy,Parking Grzybowo - Dźwirzyno,67,yes,,,,,54.1641759,15.4727469
237911523,way,parking_duzy,,76,,,,,,50.4483909,23.4023101
238562616,way,parking_duzy,A,296,,,,,,51.1105625,16.8770754
238838924,way,parking_duzy,,90,,,,,,50.8802046,20.6246515
238954365,way,parking_duzy,,57,yes,,,,,50.0711736,22.18667
240127035,way,parking_duzy,,164,yes,,,,,54.3340625,18.1946227
240136032,way,parking_duzy,,50,,,,,,50.9719902,21.4897116
240289827,way,parking_duzy,,50,yes,,,,,49.7129853,21.6393009
240824671,way,parking_duzy,,60,,,,,,53.0937222,23.2166393
241205174,way,parking_duzy,,50,,,,,,52.1613357,21.214044
243449208,way,parking_duzy,,100,customers,,,,,51.6538063,19.3580278
243583669,way,parking_duzy,,80,yes,,,,,52.2509216,15.5095287
243819702,way,parking_duzy,,101,,,,,,50.0457277,20.2161934
244466413,way,parking_duzy,P+R Metro Młociny II,72,yes,,,,,52.2924381,20.9288082
244860471,way,parking_duzy,,69,yes,,,,,53.8531953,22.9887183
244922065,way,parking_duzy,,100,,,,,,53.2768793,16.4867219
245320735,way,parking_duzy,Parking Zenit Dolny,74,customers,,,,,50.0167576,21.0001005
246187972,way,parking_duzy,,50,customers,,,,,53.1234131,23.1652268
247697863,way,parking_duzy,,50,yes,,,,,50.133779,19.9059417
249759231,way,parking_duzy,,53,yes,,,,,53.9690919,18.5337957
249797806,way,parking_duzy,,50,yes,,,,,53.1346873,17.6018584
250815261,way,parking_duzy,,60,,,,,,51.1599188,21.6480264
251266567,way,parking_duzy,,150,yes,,,,,52.2540039,20.8976752
254938383,way,parking_duzy,,50,customers,,,,,54.5338683,17.7554802
255026426,way,parking_duzy,Parkuj i jedź,140,customers,,,,,52.1754336,21.5524255
255538136,way,parking_duzy,,60,,,,,,52.2566872,20.8972865
255792469,way,parking_duzy,,50,,,,,,49.9869236,21.3381059
255835957,way,parking_duzy,P+R Wawrzyszew,80,yes,,,,,52.2873587,20.9372505
256159192,way,parking_duzy,,150,yes,,,,,54.466347,17.0255631
256214477,way,parking_duzy,,80,yes,,,,,50.173342,18.9004833
256237776,way,parking_duzy,,89,customers,,,,,49.872974,19.5011693
256241543,way,parking_duzy,,600,customers,,,,,50.0300498,21.0022902
256337280,way,parking_duzy,,200,customers,,,,,52.2786155,21.1159365
256380690,way,parking_duzy,Cmentarz ul. Wysocka,60,yes,,,,,51.6450413,17.8164308
256651402,way,parking_duzy,,90,,,,,,52.1631929,22.2473325
258285180,way,parking_duzy,parking Intermarche,80,,,,,,53.2528249,14.4948708
259829093,way,parking_duzy,,50,yes,,,,,50.8440229,24.0380994
260333117,way,parking_duzy,,60,customers,,,,,54.3385202,18.2054257
260712861,way,parking_duzy,,50,,,,,,50.1662586,18.8981839
260848674,way,parking_duzy,Parkuj i Idź Dworzec Zachodni - Targi Poznańskie (Głogowska),77,yes,,,,,52.4014073,16.9090225
261315785,way,parking_duzy,,50,customers,,,,,50.1418284,19.3926013
261705790,way,parking_duzy,,61,yes,,,,,50.8417309,19.1236029
261742614,way,parking_duzy,,164,yes,,,,,50.839889,19.127258
262051154,way,parking_duzy,,55,customers,,,,,50.0450674,21.9554377
262364894,way,parking_duzy,,200,yes,,,,,51.7508226,19.4520437
262588716,way,parking_duzy,,90,yes,,,,,49.561527,22.2051917
263496141,way,parking_duzy,,200,,,,,,52.2508034,15.503516
264927444,way,parking_duzy,,50,,,,,,54.1004885,22.0913695
267826797,way,parking_duzy,Parking przy II US,69,customers,,,,,50.8888886,20.6058274
270235203,way,parking_duzy,,70,,,,,,51.3538554,19.3629844
272083626,way,parking_duzy,,60,yes,,,,,51.5413573,14.7312254
272274942,way,parking_duzy,,76,yes,,,,,49.5622751,22.2079437
272562798,way,parking_duzy,,50,yes,,,,,51.5620238,21.8664452
273667763,way,parking_duzy,,50,yes,,,,,52.264607,20.961723
275312029,way,parking_duzy,,60,,,,,,51.3559554,19.3703254
275894010,way,parking_duzy,,100,yes,,,,,50.0342724,19.995443
276161588,way,parking_duzy,,50,,,,,,51.1141076,15.7697241
277040889,way,parking_duzy,P+R Metro Młociny III,157,yes,,,,,52.2896667,20.9322525
277100640,way,parking_duzy,,50,permissive,,,,,51.2306433,22.5081444
277202060,way,parking_duzy,,60,,,,,,51.4253138,17.9350807
278842386,way,parking_duzy,,85,yes,,,,,50.8821704,20.6486557
279709304,way,parking_duzy,,500,,,,,,51.8013749,15.7247777
280413987,way,parking_duzy,,60,,,,,,52.243984,20.9591287
280655641,way,parking_duzy,,100,customers,,,,,53.1726389,22.039981
282207575,way,parking_duzy,Parking Rabsztyn Zamek,50,yes,,,,,50.3001754,19.5971755
282231053,way,parking_duzy,,98,customers,,,,,50.5284349,22.7231538
282650907,way,parking_duzy,Plac Imbramowski,350,yes,,,,,50.0879369,19.9498553
282945420,way,parking_duzy,,60,permissive,,,,,51.2364114,22.5224947
283068853,way,parking_duzy,,50,,,,,,51.6343457,16.0723562
283608905,way,parking_duzy,,125,yes,,,,,50.5326183,22.7198956
284609406,way,parking_duzy,,52,yes,,,,,52.0591719,20.8946576
284843531,way,parking_duzy,,96,,,,,,52.2415544,21.1611047
285624686,way,parking_duzy,,50+20+12+,,,,,,52.7023914,21.086747
285826440,way,parking_duzy,,54,customers,,,,,51.1014822,17.1592571
286269731,way,parking_duzy,,110,,,,,,54.4553426,18.4600838
286341777,way,parking_duzy,P+R Metro Stokłosy,393,yes,,,,,52.1539268,21.037259
287271432,way,parking_duzy,Parking przy Biedronce,100,,,,,,54.0108749,15.9900966
287326173,way,parking_duzy,,85,yes,,,,,49.9535334,21.9463678
287820379,way,parking_duzy,,50,yes,,,,,50.5353654,21.6581846
288152601,way,parking_duzy,Targowisko - Parking,200,,,,,,54.0097777,15.9939226
288322567,way,parking_duzy,,56,,,,,,52.4162125,17.0850949
288609839,way,parking_duzy,Parking ALEXANDRA,50,customers,,,,,52.477013,17.2773423
289113452,way,parking_duzy,,100,,,,,,51.9744559,17.8813214
289468015,way,parking_duzy,Parking Gminny,100,yes,,,,,49.4005105,22.4565467
289468160,way,parking_duzy,,150,customers,,,,,49.3983743,22.4501643
289494439,way,parking_duzy,,200,,,,,,50.8861012,15.6998799
289630155,way,parking_duzy,,60,yes,,,,,51.0961425,16.9341511
289717506,way,parking_duzy,,50,yes,,,,,49.9454979,21.9530491
289962944,way,parking_duzy,,50,yes,,,,,50.0935913,20.0031478
290241154,way,parking_duzy,Parking Nowy Targ,334,yes,,,,,51.1110278,17.0382017
290463999,way,parking_duzy,,58,yes,,,,,50.0888976,19.9641209
291529104,way,parking_duzy,C,608,,,,,,51.1102669,16.8835456
291917311,way,parking_duzy,,200,,,,,,51.5509366,15.5811417
292435855,way,parking_duzy,,55,yes,,,,,49.9173479,21.8748487
292911295,way,parking_duzy,Parkuj i Jedź,244,yes,,,,,51.1501692,17.0411852
293433817,way,parking_duzy,,3-4,,,,,,51.1918023,22.5978349
294261105,way,parking_duzy,Parkuj i Idź Cytadela (Pułaskiego),64,yes,,,,,52.4200046,16.9225633
295503736,way,parking_duzy,,50,,,,,,51.0631341,19.4395771
295624126,way,parking_duzy,,50,,,,,,51.0628501,19.4357885
295683739,way,parking_duzy,,50,,,,,,54.1789857,16.1776569
295957122,way,parking_duzy,,250,,,,,,50.3449768,19.2662566
296568673,way,parking_duzy,Parking Towing,130,customers,,,,,52.219018,21.0153605
296634745,way,parking_duzy,,50,,,,,,50.3019222,18.7776778
297334959,way,parking_duzy,,58,customers,,,,,54.1457274,19.3897144
297400941,way,parking_duzy,,1300,customers,,,,,51.2309413,22.6145052
297845573,way,parking_duzy,,750,customers,,,,,53.4838578,18.7478416
298421690,way,parking_duzy,Parking Festiwalu Archeologicznego,100,yes,,,,,49.7285709,21.4341393
298451572,way,parking_duzy,,166,,,,,,50.5734518,19.3187284
298481654,way,parking_duzy,,60,,,,,,51.3583401,22.6247959
298502541,way,parking_duzy,,70,,,,,,49.7231725,19.2646195
298503438,way,parking_duzy,,156,,,,,,50.0299697,22.0426669
298589103,way,parking_duzy,,160,permissive,,,,,54.3273369,18.5795486
298595755,way,parking_duzy,,50,yes,,,,,53.2081012,23.2021364
298601042,way,parking_duzy,,50,,,,,,52.0685919,20.441519
298816237,way,parking_duzy,,50,,,,,,50.3466472,18.6221765
299080627,way,parking_duzy,,50,customers,,,,,52.8499745,17.7207879
299809803,way,parking_duzy,,63,yes,,,,,54.430188,19.6001397
300060833,way,parking_duzy,,90,permit,,,,,50.0167255,19.8951064
300240006,way,parking_duzy,,76,yes,,,,,54.3508156,17.8964169
300625816,way,parking_duzy,,160,yes,,,,,51.7030867,19.4164806
300694322,way,parking_duzy,,107,yes,,,,,49.8993781,21.9813695
300947227,way,parking_duzy,,200,,,,,,50.0446809,18.7759099
301620634,way,parking_duzy,,69,yes,,,,,50.2812886,19.0236321
301632002,way,parking_duzy,,91,yes,,,,,54.2582372,18.639607
301789061,way,parking_duzy,,100,yes,,,,,51.1456518,17.0716445
302871848,way,parking_duzy,,82,yes,,,,,51.1743612,17.1809043
303527001,way,parking_duzy,Parking Netto,50,customers,,,,,52.3941051,17.2250254
303673356,way,parking_duzy,,1400,,,,,,53.1237075,18.0669494
303941880,way,parking_duzy,,70,yes,,,,,50.6700218,16.1398715
304010712,way,parking_duzy,,80,yes,,,,,50.2315753,18.8292786
304077528,way,parking_duzy,Łysa Polana,150,yes,,,,,49.2645758,20.1158306
304190500,way,parking_duzy,,80,,,,,,51.4891071,22.8522305
304344847,way,parking_duzy,,493,yes,,,,,54.3613264,18.644948
304487398,way,parking_duzy,,50,,,,,,54.2010751,16.1870897
304696242,way,parking_duzy,,300,,,,,,51.500698,22.8776067
304989875,way,parking_duzy,,50,permissive,,,,,49.6511646,21.4645195
305181311,way,parking_duzy,,200,,,,,,51.424778,17.9281652
306447127,way,parking_duzy,,50,,,,,,51.571691,17.8303989
306447129,way,parking_duzy,,140,,,,,,51.5703218,17.8320929
307625096,way,parking_duzy,,150,,,,,,51.6349291,22.9135091
308746007,way,parking_duzy,,51,yes,,,,,50.939715,21.3900837
309125279,way,parking_duzy,parking Biedronka,100,,,,,,52.6245643,20.3870168
309666150,way,parking_duzy,,50,yes,,,,,51.4936256,22.8552869
309691945,way,parking_duzy,,50,,,,,,50.0107584,20.9776684
310216457,way,parking_duzy,,60,,,,,,49.9724464,19.8249793
310644132,way,parking_duzy,,80,yes,,,,,51.4933864,22.8472547
311764525,way,parking_duzy,,100,permissive,,,,,51.4564115,22.6166237
311797802,way,parking_duzy,,80,,,,,,51.7734006,22.6048763
312270888,way,parking_duzy,,50,customers,,,,,50.2936993,21.4238069
312272882,way,parking_duzy,,50,,,,,,50.2960191,21.4640172
312403855,way,parking_duzy,PG — Parking Główny,95,permit,,,,,52.7216575,15.2294124
312958737,way,parking_duzy,,57,yes,,,,,52.0997564,21.1255535
312960849,way,parking_duzy,,50,,,,,,52.0964754,21.1169753
313538570,way,parking_duzy,,55,,,,,,50.2094078,19.2516267
313836460,way,parking_duzy,,114,customers,,,,,51.7010096,17.4454895
313920589,way,parking_duzy,,80,,,,,,52.8781183,20.6137372
313987204,way,parking_duzy,,100,yes,,,,,52.0356631,23.1171726
314135529,way,parking_duzy,,50,,,,,,52.0629076,23.4866272
315240423,way,parking_duzy,,121,,,,,,51.206731,15.122035
315331930,way,parking_duzy,,50,customers,,,,,50.2549817,19.0307849
316590202,way,parking_duzy,,150,customers,,,,,52.1892787,21.0445312
316762960,way,parking_duzy,,50,,,,,,50.0464078,21.9855611
316764191,way,parking_duzy,,50,,,,,,50.5873163,21.6878056
317018544,way,parking_duzy,Lodowisko-parking,120,yes,,,,,49.4836968,20.0272227
317900044,way,parking_duzy,,55,,,,,,50.564759,21.752683
318135965,way,parking_duzy,,84,,,,,,51.6636755,19.489472
318153895,way,parking_duzy,,200,,,,,,51.2379773,22.5916999
318286151,way,parking_duzy,,80,yes,,,,,49.6313211,21.7904258
318812425,way,parking_duzy,,8-10,yes,,,,,50.2972256,19.0233915
319230777,way,parking_duzy,,100,yes,,,,,52.3435944,16.8618978
319555505,way,parking_duzy,,51,yes,,,,,50.0391061,18.3953307
321622982,way,parking_duzy,,50,permit,,,,,53.098987,21.607774
321892335,way,parking_duzy,,180,yes,,,,,50.23503,18.663267
322557429,way,parking_duzy,,50,,,,,,50.6513342,23.8973217
323506748,way,parking_duzy,Park & Ride Wieliczka,166,yes,,,,,49.989254,20.0487454
323719493,way,parking_duzy,,59,customers,,,,,50.1192499,19.9648088
324203570,way,parking_duzy,,71,,,,,,50.3525176,18.8960823
326636096,way,parking_duzy,,66,,,,,,50.1003063,19.0990463
326974977,way,parking_duzy,,128,yes,,,,,49.2949949,19.9549478
327003200,way,parking_duzy,,760,yes,,,,,52.2287491,21.0143384
328038372,way,parking_duzy,,50,customers,,,,,50.2751753,19.0228096
328575527,way,parking_duzy,,65,,,,,,52.4045316,17.0725225
330292163,way,parking_duzy,,115,yes,,,,,52.3198074,21.1667715
332224027,way,parking_duzy,,136,yes,,,,,54.3745703,18.5058239
333420870,way,parking_duzy,,180,yes,,,,,54.5168003,18.5438604
333814957,way,parking_duzy,,74,yes,,,,,54.3552001,18.5277298
335017200,way,parking_duzy,,99,customers,,,,,53.1221752,23.2111164
335726889,way,parking_duzy,,50,yes,,,,,53.6987095,17.5674833
335734015,way,parking_duzy,,60,,,,,,50.2844656,21.421011
336087367,way,parking_duzy,,90,yes,,,,,53.7040659,17.5747478
337761037,way,parking_duzy,,88,customers,,,,,50.0870647,19.954903
338792266,way,parking_duzy,,50,yes,,,,,50.0813178,19.8629181
342842606,way,parking_duzy,Parking przy hali targowej,70,,,,,,50.8725538,20.6268956
345676081,way,parking_duzy,,100,yes,,,,,53.6322649,22.7735019
346394859,way,parking_duzy,Twój parking w cieniu,60,yes,,,,,49.7766978,19.2247639
347977351,way,parking_duzy,,50,,,,,,51.929879,21.0809673
349528782,way,parking_duzy,,50,yes,,,,,54.4778063,18.5527455
349916617,way,parking_duzy,,60,yes,,,,,52.4012239,19.0307536
350352134,way,parking_duzy,Plac Grunwaldzki,57,yes,,,,,50.3449188,18.2062848
351125415,way,parking_duzy,,90,customers,,,,,50.9471894,21.4033131
351422218,way,parking_duzy,Parking Olszynki,100,yes,,,,,50.031321,22.0040854
352469425,way,parking_duzy,,50,customers,,,,,50.2724011,18.9265587
352977768,way,parking_duzy,,70,customers,,,,,52.1126066,21.1096245
353062042,way,parking_duzy,,78,yes,,,,,54.3535392,18.5511975
355108257,way,parking_duzy,,~20,unknown,,,,,54.1691511,21.1395256
355108266,way,parking_duzy,,~10,,,,,,54.1682087,21.1438131
355110821,way,parking_duzy,,~40,,,,,,54.161676,21.1370669
355114772,way,parking_duzy,,~3,customers,,,,,54.1706242,21.1400204
355270179,way,parking_duzy,,155,yes,,,,,52.3285192,17.5790639
355511881,way,parking_duzy,,56,permissive,,,,,49.9504255,19.2619761
356111435,way,parking_duzy,,200,,,,,,51.2305763,22.4829168
356573659,way,parking_duzy,,60,customers,,,,,54.4384041,19.6172545
357523572,way,parking_duzy,P&R Tychy Lodowisko,360,yes,,,,,50.1087002,18.9993982
357789751,way,parking_duzy,,80,,,,,,53.1077712,18.7278106
357822157,way,parking_duzy,Parkuj i Jedź,115,yes,,,,,51.1101091,16.9539004
358225634,way,parking_duzy,,64,yes,,,,,50.2764114,19.086194
358688686,way,parking_duzy,,100,customers,,,,,50.0936575,20.0203092
358927995,way,parking_duzy,Parking Energylandia,2500,customers,,,,,49.9984985,19.4134725
359507852,way,parking_duzy,,50,,,,,,50.8915576,21.5048481
359527326,way,parking_duzy,Straszewskiego,130,yes,,,,,50.0575817,19.9328734
359540610,way,parking_duzy,Parking Starowiślna,130,permissive,,,,,50.0577245,19.9430053
361307138,way,parking_duzy,,83,yes,,,,,49.981063,21.9426492
361589654,way,parking_duzy,,130,customers,,,,,52.0932819,21.0379259
361877970,way,parking_duzy,,80,yes,,,,,50.9254298,21.3780585
361935842,way,parking_duzy,,360,customers,,,,,50.7846263,16.0275621
361978128,way,parking_duzy,parking YMCA,75,,,,,,50.4607843,16.3095782
362024255,way,parking_duzy,,140,customers,,,,,50.9475831,21.4002538
362318998,way,parking_duzy,Parkuj i Jedź,369,yes,,,,,51.1364352,17.004549
363311514,way,parking_duzy,,50,yes,,,,,50.0902057,20.0166656
363815224,way,parking_duzy,,50,customers,,,,,49.214818,22.6939933
364147115,way,parking_duzy,,125,,,,,,54.6641403,17.05261
364390012,way,parking_duzy,Parking wielopoziomowy 24h Millennium Towers,809,yes,,,,,51.1133599,16.9946611
364739953,way,parking_duzy,,50,yes,,,,,54.0631762,22.9209835
364740478,way,parking_duzy,,50,yes,,,,,54.061011,22.9237792
364774732,way,parking_duzy,,50,yes,,,,,53.1449688,23.1341943
365316396,way,parking_duzy,,50,,,,,,52.2183307,19.3675135
365329947,way,parking_duzy,,100,,,,,,53.2725411,19.7036869
365884529,way,parking_duzy,Parkuj i Jedź,129,yes,,,,,51.0911524,17.0297337
366468574,way,parking_duzy,,80,yes,,,,,54.3350478,18.2063593
366844820,way,parking_duzy,,71,,,,,,53.4507955,14.5359337
369237646,way,parking_duzy,,68,yes,,,,,50.0437788,21.9503529
369424163,way,parking_duzy,,1000,,,,,,53.1164745,18.0103625
371916800,way,parking_duzy,Parking przy Muzeum,150,yes,,,,,50.0596627,19.9235009
372304437,way,parking_duzy,,67+,customers,,,,,51.9574268,20.1477441
372634711,way,parking_duzy,,60,yes,,,,,50.2532405,18.9074169
373336907,way,parking_duzy,,69,yes,,,,,51.0839834,16.9716318
373884996,way,parking_duzy,Parking szkolny,50,customers,,,,,52.0018594,17.5951967
374357562,way,parking_duzy,,50,,,,,,52.2070281,18.2629739
374717883,way,parking_duzy,,50,,,,,,52.2079275,18.2580513
377655700,way,parking_duzy,,60,customers,,,,,50.8288343,15.5174212
378505436,way,parking_duzy,Parking dla klientów PGNiG,88,customers,,,,,51.0777642,17.0710179
378770498,way,parking_duzy,,50,permissive,,,,,52.5761564,17.0026619
379375138,way,parking_duzy,Parking Dąbrowa Leśna,50,yes,,,,,52.3194125,20.877008
380048539,way,parking_duzy,,60,customers,,,,,54.538153,17.751317
380223499,way,parking_duzy,,50,,,,,,52.2015826,18.2448314
380390659,way,parking_duzy,,66,,,,,,52.3813567,16.9821687
380851349,way,parking_duzy,Parkuj i Idź Dolna Wilda II,140,,,,,,52.3961642,16.9266045
382223448,way,parking_duzy,,100,yes,,,,,52.2235272,20.9843688
383054777,way,parking_duzy,,55,yes,,,,,49.831338,19.0442618
383601640,way,parking_duzy,,72,yes,,,,,50.1357978,19.4425025
383954842,way,parking_duzy,,350,,,,,,49.5074245,18.9836133
383963183,way,parking_duzy,,90,yes,,,,,52.2073169,20.9561959
385612555,way,parking_duzy,,110,,,,,,49.7004716,20.411491
386634314,way,parking_duzy,,62,,,,,,50.3061883,18.750337
387363900,way,parking_duzy,,50,yes,,,,,50.2934571,18.669223
387726504,way,parking_duzy,,50+,yes,,,,,50.0701126,19.9009361
388696748,way,parking_duzy,,130,yes,,,,,50.148734,19.400888
389397724,way,parking_duzy,Zajazd Tir Port,300,,,,,,54.1617685,22.9792033
390051438,way,parking_duzy,,70,,,,,,50.6792482,16.3452823
390104665,way,parking_duzy,Parkuj i Jedź,83,customers,,,,,51.143714,16.8729197
390512162,way,parking_duzy,,50,customers,,,,,52.2205498,21.0443922
392267264,way,parking_duzy,Parking Stare Podgórze,185,yes,,,,,50.0426082,19.9463088
392862325,way,parking_duzy,,100,,,,,,49.603318,20.7282145
392862333,way,parking_duzy,,100,,,,,,49.6028324,20.7222511
392866377,way,parking_duzy,,50,,,,,,49.6046837,20.7199555
394344032,way,parking_duzy,,64,,,,,,54.2082252,21.7488892
394583052,way,parking_duzy,,165,yes,,,,,49.8149789,19.0504798
395329230,way,parking_duzy,,76,customers,,,,,50.2672719,19.027945
395679464,way,parking_duzy,,50,yes,,,,,52.6548496,18.9294693
395681811,way,parking_duzy,,50,,,,,,49.9103141,20.2088349
395718972,way,parking_duzy,,50,customers,,,,,49.9106947,20.1973966
396347759,way,parking_duzy,,76,yes,,,,,51.6400084,22.9071716
396712964,way,parking_duzy,,60,,,,,,50.8408347,16.489176
397604189,way,parking_duzy,,100,,,,,,49.9085826,20.1990845
398710985,way,parking_duzy,,60,yes,,,,,51.6582337,16.0536249
398710993,way,parking_duzy,,50,yes,,,,,51.6594624,16.0548943
399508494,way,parking_duzy,,55,customers,,,,,51.1090816,15.5928876
399622788,way,parking_duzy,,100,permit,,,,,54.3673771,18.6915217
400844865,way,parking_duzy,,56,yes,,,,,51.278209,17.9913915
400878290,way,parking_duzy,,50,customers,,,,,54.1785541,19.4086503
401601910,way,parking_duzy,,126,permissive,,,,,50.2793927,18.9737845
401912820,way,parking_duzy,,90,,,,,,50.8567981,16.315273
402969893,way,parking_duzy,,74,,,,,,50.2838764,18.9650956
406760489,way,parking_duzy,Solid Parking Lotnisko Modlin,150,yes,,,,,52.4653908,20.722954
410303088,way,parking_duzy,Parking Terenowy P2,860,yes,,,,,50.0710319,19.7984508
413950355,way,parking_duzy,Park&Ride Tarnów,340,,,,,,50.0044156,20.9733538
418818477,way,parking_duzy,,78,yes,,,,,53.0253088,18.5836439
419054806,way,parking_duzy,,200,,,,,,50.094083,19.9463901
419134236,way,parking_duzy,,100,,,,,,51.1456175,15.6735812
420510734,way,parking_duzy,,50,,,,,,52.1822048,21.5630507
421355260,way,parking_duzy,,781,yes,,,,,52.4010615,20.9435963
422591519,way,parking_duzy,,51,,,,,,49.3552963,20.893839
423193918,way,parking_duzy,,200,customers,,,,,50.2815612,18.8549005
423217366,way,parking_duzy,,70,customers,,,,,52.5209725,17.6175694
424795382,way,parking_duzy,,62,yes,,,,,50.3578549,20.0203815
424936675,way,parking_duzy,,94,customers,,,,,50.0937103,18.5691344
425831083,way,parking_duzy,,50,,,,,,51.2012517,15.4940188
426980605,way,parking_duzy,,473,yes,,,,,50.0947466,18.5259057
428414866,way,parking_duzy,,50,,,,,,52.3203355,21.0705337
428472530,way,parking_duzy,,61,yes,,,,,51.7530194,19.5299758
428624631,way,parking_duzy,,77,customers,,,,,50.1821315,22.3149694
428788338,way,parking_duzy,,114,,,,,,49.8791864,21.3137031
429093393,way,parking_duzy,,77,,,,,,54.0973041,22.9260878
430292292,way,parking_duzy,,85,yes,,,,,53.799964,19.7909597
430332110,way,parking_duzy,,52,yes,,,,,52.44214,16.7910801
431091321,way,parking_duzy,,60,customers,,,,,52.2373369,20.9571168
436364909,way,parking_duzy,,200,,,,,,54.1042819,18.7760631
436572937,way,parking_duzy,,100,yes,,,,,52.7341981,15.1946635
437261775,way,parking_duzy,,61,,,,,,50.0130739,18.4178622
437450415,way,parking_duzy,,52,customers,,,,,52.2256167,20.962504
438963982,way,parking_duzy,,50,permissive,,,,,53.274299,19.410735
440667104,way,parking_duzy,Parking naziemny Lidl Opole ul. Krapkowicka 12c,70,yes,,,,,50.6663215,17.9065959
440866815,way,parking_duzy,,100,yes,,,,,49.7515611,21.9768984
442100696,way,parking_duzy,,150,yes,,,,,50.0087992,18.4539379
442928351,way,parking_duzy,,50,yes,,,,,50.2891377,18.9416681
445262673,way,parking_duzy,,50,yes,,,,,52.5511771,15.6437982
445925736,way,parking_duzy,,50,,,,,,53.542518,14.5709149
446585195,way,parking_duzy,,573,,,,,,51.7571952,19.427407
447987269,way,parking_duzy,,50,customers,,,,,50.0349435,20.6212844
448006195,way,parking_duzy,,80,customers,,,,,53.4027272,14.5319463
450214482,way,parking_duzy,,60,,,,,,50.9704991,18.7238785
450428092,way,parking_duzy,,70,,,,,,52.3867918,16.9123667
450904575,way,parking_duzy,,50,customers,,,,,50.9673725,18.7410902
451417816,way,parking_duzy,,70,customers,,,,,50.0288938,19.9356946
451816463,way,parking_duzy,,500,customers,,,,,52.2028731,20.934637
452327193,way,parking_duzy,P+R Hangarowa,425,yes,,,,,53.3881866,14.6266842
455063292,way,parking_duzy,,76,customers,,,,,52.1835655,20.8399701
455153971,way,parking_duzy,P+R Turkusowa,58,yes,,,,,53.3806682,14.6430114
455693458,way,parking_duzy,,420,permissive,,,,,51.7801416,19.4419856
459765653,way,parking_duzy,,50,permissive,,,,,51.6256381,21.9125324
459803624,way,parking_duzy,,60,yes,,,,,50.7527341,18.0734533
462347048,way,parking_duzy,,50,yes,,,,,50.9012541,14.9551852
462474718,way,parking_duzy,,818+,customers,,,,,52.2998595,21.0268726
462952556,way,parking_duzy,,50,,,,,,49.9937238,19.5159607
463736506,way,parking_duzy,,58,yes,,,,,50.1008438,18.5373751
464410064,way,parking_duzy,,55,yes,,,,,49.2957469,19.9314561
466589478,way,parking_duzy,,65,customers,,,,,50.911349,15.7393078
470140365,way,parking_duzy,,1760,,,,,,51.648258,19.4902261
473410165,way,parking_duzy,,180,customers,,,,,52.871358,18.780951
477038595,way,parking_duzy,,50,permissive,,,,,49.956103,23.0796382
477040196,way,parking_duzy,,100,,,,,,49.9628865,23.0870174
478010560,way,parking_duzy,,80,yes,,,,,49.398972,22.4544072
478692313,way,parking_duzy,,50,yes,,,,,53.1595592,17.9074624
478923168,way,parking_duzy,,80,permissive,,,,,53.1482742,17.9203585
479490427,way,parking_duzy,,50,yes,,,,,53.1593463,17.9154599
479777941,way,parking_duzy,,60,yes,,,,,50.8799999,20.4847683
481656699,way,parking_duzy,,50,,,,,,54.1166463,20.1312896
482772937,way,parking_duzy,parking Aldi,88,customers,,,,,50.8226925,19.1041212
483476337,way,parking_duzy,P+R Kurdwanów,167,yes,,,,,50.0130672,19.9486105
484940194,way,parking_duzy,,60,yes,,,,,49.6752291,21.829769
486835531,way,parking_duzy,,113,customers,,,,,51.4026654,21.1176751
488456136,way,parking_duzy,P3 (krótkoterminowy),315,yes,,,,,54.3823029,18.4694293
489938416,way,parking_duzy,,120,permissive,,,,,50.3332647,19.2142135
490703787,way,parking_duzy,Kaufland,270,yes,,,,,51.6503943,17.8077432
491070070,way,parking_duzy,,50,customers,,,,,52.2801645,21.1358703
491687181,way,parking_duzy,,67,,,,,,52.5424722,15.5394064
491687207,way,parking_duzy,,67,,,,,,52.5418554,15.5430515
491817558,way,parking_duzy,,74,yes,,,,,52.136131,15.5746104
491817603,way,parking_duzy,,74,yes,,,,,52.1346774,15.5777858
492160161,way,parking_duzy,Plac Czerwona Torebka,111,,,,,,52.3122927,21.0633744
496760758,way,parking_duzy,,50,permissive,,,,,52.0242646,23.1306557
496927728,way,parking_duzy,Parking przy ZEKu,75,yes,,,,,49.9497201,22.8302268
497613419,way,parking_duzy,P1 Hevelianum,70,yes,,,,,54.3561856,18.6400192
497944998,way,parking_duzy,,100,yes,,,,,52.5606777,17.0064269
500262736,way,parking_duzy,,100,customers,,,,,54.5657101,18.4219654
500739129,way,parking_duzy,,50,,,,,,53.4048095,22.8115618
500739135,way,parking_duzy,Cmentarz,50,permissive,,,,,53.4002718,22.7894356
500739146,way,parking_duzy,Rampa,100,permissive,,,,,53.3995715,22.7998247
500739155,way,parking_duzy,Orlik,50,permissive,,,,,53.4050381,22.8055003
501241538,way,parking_duzy,,128,yes,,,,,54.3965442,18.3980484
502754497,way,parking_duzy,Parking Królewski,108,yes,,,,,54.3497529,18.6367879
502796314,way,parking_duzy,"Parking pod Centrum Nauki ""Kopernik""",50,yes,,,,,52.2413287,21.0283411
503196543,way,parking_duzy,,50,yes,,,,,50.3086861,19.7448743
504202756,way,parking_duzy,,63,permissive,,,,,51.8413384,16.5849691
505060370,way,parking_duzy,,57,,,,,,54.1924561,16.1859225
505898678,way,parking_duzy,,50,yes,,,,,51.8830696,21.3336111
508818326,way,parking_duzy,,286,yes,,,,,52.4023332,20.9397076
514871885,way,parking_duzy,,150,yes,,,,,54.3796882,18.6202614
515344723,way,parking_duzy,,50,yes,,,,,50.7965231,20.4568247
517207885,way,parking_duzy,,50,customers,,,,,52.2150783,20.8612867
520333440,way,parking_duzy,,50,customers,,,,,52.7956939,18.235319
520815616,way,parking_duzy,,130,customers,,,,,52.3958935,16.8011052
524284886,way,parking_duzy,,70,customers,,,,,54.5590395,18.4237652
526793115,way,parking_duzy,,50,customers,,,,,52.5158657,16.2485907
528729547,way,parking_duzy,Parking Pasaż Targowa,80,customers,,,,,51.8903666,21.6193407
529034247,way,parking_duzy,,81,yes,,,,,50.0496901,21.9515465
529200222,way,parking_duzy,,85,,,,,,52.2928273,18.6076647
529675740,way,parking_duzy,,80,,,,,,50.7889705,16.2688445
531675666,way,parking_duzy,P+R Nowy Bieżanów,110,yes,,,,,50.0154709,20.0235627
533948598,way,parking_duzy,Parking Gliwice Dunikowskiego 4,84,customers,,,,,50.2920407,18.66887
534714461,way,parking_duzy,,64,customers,,,,,51.1124042,15.5748683
534958431,way,parking_duzy,,62,yes,,,,,51.1938788,20.4100355
538536436,way,parking_duzy,,182,yes,,,,,53.9141552,14.2333227
538843999,way,parking_duzy,P+R Metro Młociny IV,244,yes,,,,,52.2935045,20.9317076
540504571,way,parking_duzy,,78,yes,,,,,53.8524877,22.9908355
540650456,way,parking_duzy,,50,customers,,,,,50.308514,18.9039091
542227774,way,parking_duzy,,50,yes,,,,,49.4777437,19.6964725
545097100,way,parking_duzy,,50,,,,,,51.9559064,21.5278154
546143276,way,parking_duzy,,92,customers,,,,,50.8246115,19.1136376
547200128,way,parking_duzy,Parking parafialny,60,yes,,,,,50.0467156,21.1000089
548164616,way,parking_duzy,,100,yes,,,,,51.2770735,22.5458511
548593082,way,parking_duzy,,100,yes,,,,,50.5809066,16.4966291
549364320,way,parking_duzy,Parking Park and Ride - Podkowa Leśna,63,yes,,,,,52.122338,20.7230176
549827892,way,parking_duzy,,50,yes,,,,,51.6538195,16.066641
551036477,way,parking_duzy,,65,,,,,,50.8341214,19.1181754
551080564,way,parking_duzy,KRK Parking,600,yes,,,,,50.0703233,19.8018206
551729108,way,parking_duzy,,110,yes,,,,,50.263818,19.564228
552386017,way,parking_duzy,,56,yes,,,,,50.2985874,18.9565303
555272606,way,parking_duzy,,75,yes,,,,,52.9460308,18.940725
561349457,way,parking_duzy,Parking Buforowy Bulk Cargo-Port Szczecin,100,customers,,,,,53.3989124,14.6022288
563012162,way,parking_duzy,,50,yes,,,,,52.2332665,21.1077869
564633620,way,parking_duzy,,110,yes,,,,,52.2231359,21.1380405
565292485,way,parking_duzy,,50,customers,,,,,51.8611092,16.6977474
565936687,way,parking_duzy,,600,unknown,,,,,53.9099514,14.2480038
566724192,way,parking_duzy,P6 (długoterminowy),1251,yes,,,,,54.3850321,18.4678855
567475958,way,parking_duzy,Parking Hotelu Cristal Park,100,yes,,,,,50.0102722,20.929651
568220840,way,parking_duzy,,50;100,,,,,,50.961565,23.4518804
568228301,way,parking_duzy,,70,yes,,,,,50.9866535,23.5073659
568257462,way,parking_duzy,,100,yes,,,,,50.9879939,23.5058747
569238859,way,parking_duzy,,1100,yes,,,,,54.3492752,18.6427628
569458728,way,parking_duzy,Centrum Przesiadkowe,70,yes,,,,,54.1760244,15.558998
573703665,way,parking_duzy,,80,yes,,,,,50.1672949,18.8790027
574070870,way,parking_duzy,,75,customers,,,,,52.2035329,21.1818186
575041505,way,parking_duzy,,90,customers,,,,,50.8226836,20.6212296
577245051,way,parking_duzy,,65,,,,,,53.4170489,14.7156911
579686140,way,parking_duzy,,150,,,,,,49.6085728,19.9489234
579876249,way,parking_duzy,Parking sklepu COLD,117,yes,,,,,49.9649656,20.4127369
584004206,way,parking_duzy,,140,yes,,,,,50.3407155,21.3294743
584754984,way,parking_duzy,,50,yes,,,,,50.339535,21.3319332
585231477,way,parking_duzy,B,350,,,,,,51.1113029,16.8786841
586053853,way,parking_duzy,,~10,,,,,,54.1655863,21.1372244
589529472,way,parking_duzy,,70,,,,,,53.3398733,15.0297939
590689157,way,parking_duzy,,106,,,,,,52.5390079,19.7637262
594165648,way,parking_duzy,,50,yes,,,,,49.8977539,19.4775655
596406141,way,parking_duzy,,51,,,,,,50.0821464,19.1360225
597516794,way,parking_duzy,,59,customers,,,,,50.0140641,19.9642285
598930948,way,parking_duzy,,50,yes,,,,,51.413348,22.6750795
606026423,way,parking_duzy,,80,,,,,,50.2826036,18.8659291
607933398,way,parking_duzy,Mala Laka,60,yes,,,,,49.2779392,19.9051458
608986627,way,parking_duzy,Parking TIR (płatny),80,,,,,,51.6755498,19.3349068
609575189,way,parking_duzy,,50,customers,,,,,53.9206389,14.2240887
610223715,way,parking_duzy,,50,,,,,,50.0231144,22.0157062
610291128,way,parking_duzy,Parkuj i Jedź,50,customers,,,,,51.1270898,16.9546074
612195995,way,parking_duzy,,100,permissive,,,,,52.4581854,20.8809351
615791521,way,parking_duzy,,60,yes,,,,,54.479337,16.8428271
616411792,way,parking_duzy,,60,,,,,,51.2093656,16.1838462
616703009,way,parking_duzy,Parkuj i Jedź,85,customers,,,,,51.1444087,16.8896681
617166600,way,parking_duzy,,70,,,,,,49.3590621,20.9028383
620427764,way,parking_duzy,,116,yes,,,,,50.0729338,19.9167158
622678396,way,parking_duzy,P+R Mały Płaszów,160,yes,,,,,50.039114,20.0005505
623075801,way,parking_duzy,,50,yes,,,,,49.8962906,19.4890725
625681069,way,parking_duzy,,62,,,,,,53.1543118,18.1679013
627381946,way,parking_duzy,,68,yes,,,,,54.3935458,18.4054579
627761363,way,parking_duzy,,130,yes,,,,,51.0589108,17.0238918
628738322,way,parking_duzy,Parking OSM,55,customers,,,,,53.7637505,20.4728202
630115170,way,parking_duzy,Park & Ride,108,yes,,,,,50.9298676,17.3008496
631219061,way,parking_duzy,,80,,,,,,50.3214856,19.158419
631974439,way,parking_duzy,,100,customers,,,,,54.1624581,15.4226708
633588351,way,parking_duzy,,50,yes,,,,,52.0778375,21.0161745
637080142,way,parking_duzy,P&R Gdańsk Rębiechowo,387,,,,,,54.3877926,18.4434546
637436883,way,parking_duzy,,50,customers,,,,,50.3381406,19.5635662
639178364,way,parking_duzy,G,107,,,,,,51.10996,16.8821325
641645056,way,parking_duzy,,75,yes,,,,,51.0946606,16.9333086
646267477,way,parking_duzy,,123,customers,,,,,52.1969387,18.6379965
648243953,way,parking_duzy,,50,customers,,,,,50.4349299,16.2359697
649525645,way,parking_duzy,Darko Parking,200,,,,,,50.0707302,19.8048029
649534992,way,parking_duzy,,50,,,,,,51.6549286,19.3874959
649534997,way,parking_duzy,,100,yes,,,,,51.6546497,19.3849193
659182082,way,parking_duzy,Parking przy cmentarzu w Podłężu,59,yes,,,,,50.008909,20.1706267
660095605,way,parking_duzy,,77,yes,,,,,54.3907485,18.4131253
667533456,way,parking_duzy,Parkuj i Jedź,161,customers,,,,,51.0799387,17.0817369
668048998,way,parking_duzy,,100,customers,,,,,50.2991669,18.8490136
668312908,way,parking_duzy,,50,yes,,,,,50.669842,17.9676869
671640506,way,parking_duzy,,50,yes,,,,,52.2917982,16.8706816
673948153,way,parking_duzy,,1500,yes,,,,,50.22349,18.9861461
677865434,way,parking_duzy,,150,,,,,,53.4380378,14.4939292
679679907,way,parking_duzy,,50,yes,,,,,50.0388949,20.3152593
683935195,way,parking_duzy,,52,,,,,,52.6772321,15.3049509
684543759,way,parking_duzy,P&R Pruszcz Gdański,78,,,,,,54.257458,18.6456475
686166341,way,parking_duzy,Parking Focus Mall Zielona Góra,360,customers,,,,,51.9356146,15.513153
686563460,way,parking_duzy,,52,yes,,,,,51.5852214,18.7107716
687848894,way,parking_duzy,"Parking ""Parkuj i jedź""",200,,,,,,51.3926286,21.1594568
688818240,way,parking_duzy,,50,,,,,,51.2707092,16.6978719
689500846,way,parking_duzy,,400,customers,,,,,50.2256024,18.9928823
692539138,way,parking_duzy,,80,yes,,,,,50.493884,16.4578949
692704664,way,parking_duzy,,50,,,,,,50.3189522,18.8770482
701057009,way,parking_duzy,Skawińskie Centrum Komunikacyjne,500,,,,,,49.9775085,19.8253833
701274834,way,parking_duzy,,55,yes,,,,,50.0075433,18.4752454
701288380,way,parking_duzy,,110,yes,,,,,52.1694925,20.7986965
701415407,way,parking_duzy,,62,yes,,,,,50.0711329,22.2377234
702556448,way,parking_duzy,,131,yes,,,,,51.1841286,16.1695332
703362179,way,parking_duzy,,450,permit,,,,,53.0557787,18.6154193
705796336,way,parking_duzy,Parking Oaza,200,customers,,,,,50.4589835,19.0736425
706424308,way,parking_duzy,,84,customers,,,,,50.5217709,22.1326678
707220112,way,parking_duzy,,10-15,yes,,,,,53.796768,16.6928654
707472322,way,parking_duzy,,80,yes,,,,,50.8451314,16.6978731
708330206,way,parking_duzy,,100,yes,,,,,52.1061435,21.1935291
712283758,way,parking_duzy,,112,,,,,,51.6416425,17.8217282
712514022,way,parking_duzy,,50,permit,,,,,51.9772809,20.2189079
712563327,way,parking_duzy,,91,customers,,,,,50.8811702,20.5824936
712951865,way,parking_duzy,,137,yes,,,,,50.4383952,22.2565054
713938584,way,parking_duzy,P&R Nowy Dwór Mazowiecki,256,yes,,,,,52.4246376,20.7256081
718090088,way,parking_duzy,,70,yes,,,,,54.3443419,19.2258481
724073634,way,parking_duzy,,200,,,,,,54.1832064,19.4338669
725683758,way,parking_duzy,,50,,,,,,52.7954837,18.2419715
725901128,way,parking_duzy,Parking Lipowa 15,266,,,,,,52.7195382,15.2289556
727979941,way,parking_duzy,,77,yes,,,,,51.0271497,17.3323337
727995141,way,parking_duzy,,75,,,,,,49.8071346,20.4182832
729891591,way,parking_duzy,Parking Parku Gródek,50,yes,,,,,50.2340412,19.3105569
737210470,way,parking_duzy,,50,yes,,,,,49.5755674,19.3436174
737426411,way,parking_duzy,,126,yes,,,,,52.3330103,21.1268453
741100664,way,parking_duzy,Parkuj i Jedź Szymanowskiego,130,yes,,,,,52.4610632,16.91604
741251190,way,parking_duzy,,50,yes,,,,,50.0953492,19.9776799
746195643,way,parking_duzy,,153,customers,,,,,49.9964239,20.0331733
747237764,way,parking_duzy,,52,yes,,,,,51.7435196,18.0726687
751117928,way,parking_duzy,,500,customers,,,,,52.1716285,20.9816403
753293965,way,parking_duzy,Centrum Przesiadkowe „Park & Ride”,97,yes,,,,,50.6731418,18.688823
753593420,way,parking_duzy,,ca. 30,yes,,,,,52.5376418,17.589684
758258035,way,parking_duzy,Parking Lidl,96,customers,,,,,53.9707098,18.5388631
758809070,way,parking_duzy,,120,yes,,,,,53.4290106,14.5562518
759044860,way,parking_duzy,,287,yes,,,,,54.5982555,18.2711523
760219067,way,parking_duzy,,50,,,,,,52.8200891,17.4157465
760831959,way,parking_duzy,Retail Park Szczecin Mieszka I,188,customers,,,,,53.4097473,14.5189535
761064815,way,parking_duzy,,50,,,,,,50.0843703,20.0989965
764387971,way,parking_duzy,,130,yes,,,,,52.532939,17.5953162
765231480,way,parking_duzy,,70,,,,,,50.292845,21.4308011
765658706,way,parking_duzy,Park&Ride Stary Sącz,154,yes,,,,,49.5659776,20.6386738
766324201,way,parking_duzy,,93,customers,,,,,50.2945282,21.4303072
766342299,way,parking_duzy,,92,customers,,,,,52.0970128,21.1231165
767681576,way,parking_duzy,,60,yes,,,,,50.3041033,18.8766578
767890182,way,parking_duzy,,186,permit,,,,,52.404986,16.9519868
769573757,way,parking_duzy,,63,,,,,,52.7949341,21.9115761
769869541,way,parking_duzy,,50,yes,,,,,54.1783487,15.5856416
771311196,way,parking_duzy,,307,customers,,,,,50.2685703,18.9975949
771398705,way,parking_duzy,,60,,,,,,51.3759189,19.3480381
772015222,way,parking_duzy,P+R Jeziorki,138,,,,,,52.1098508,20.9945326
773780332,way,parking_duzy,,50,,,,,,52.4655863,21.0286326
776529534,way,parking_duzy,,100,yes,,,,,50.8546111,17.4799387
777824677,way,parking_duzy,,66,customers,,,,,53.103651,18.0391277
780620199,way,parking_duzy,,102,,,,,,51.392241,21.1416913
787273305,way,parking_duzy,Park & Ride Oświęcim,300,yes,,,,,50.0427497,19.2022416
791351937,way,parking_duzy,,100,,,,,,52.0306034,23.1112025
795244984,way,parking_duzy,,120,customers,,,,,52.390141,17.067731
798109654,way,parking_duzy,,70,yes,,,,,52.8761231,20.6315805
799182445,way,parking_duzy,Parking Auto Van Trade 60,150,permissive,,,,,52.1752843,20.92181
800740671,way,parking_duzy,Park & Ride Niepołomice,136,yes,,,,,50.038475,20.2155787
802511880,way,parking_duzy,,101,yes,,,,,52.8744728,15.5332944
804679114,way,parking_duzy,,66,,,,,,53.347198,15.0392299
804750005,way,parking_duzy,P4,100,yes,,,,,50.8337428,15.9740017
812500663,way,parking_duzy,,113,customers,,,,,51.2732619,15.9435892
813695316,way,parking_duzy,,100,yes,,,,,54.098278,18.786273
814128074,way,parking_duzy,,75,,,,,,54.2272833,16.1787165
816966942,way,parking_duzy,,77,,,,,,54.0684789,18.4499173
819965924,way,parking_duzy,Parkuj i Jedź,80,yes,,,,,51.126571,16.912856
819965928,way,parking_duzy,Parkuj i Jedź,65,yes,,,,,51.1588607,17.1223662
824797300,way,parking_duzy,,70,customers,,,,,54.2702753,16.1092892
827606085,way,parking_duzy,,80,customers,,,,,51.1511795,21.5609523
829354910,way,parking_duzy,,50,yes,,,,,54.3443734,18.6608679
829703482,way,parking_duzy,Parking TIR,278,,,,,,53.8978461,14.2628982
831715610,way,parking_duzy,,50,,,,,,54.127773,20.5761467
832607212,way,parking_duzy,Parking Parku Gródek (zamknięty),200,yes,,,,,50.2343342,19.3135868
836778256,way,parking_duzy,,90,customers,,,,,50.4849978,19.4166256
837226169,way,parking_duzy,,100,,,,,,52.7223894,15.2508355
837614072,way,parking_duzy,Parking niestrzeżony automatyczny ZIAD,150,yes,,,,,49.7823476,19.026087
838164640,way,parking_duzy,,50,permissive,,,,,54.4381371,19.6023225
844748668,way,parking_duzy,,80,permissive,,,,,54.0804061,15.0111953
844851459,way,parking_duzy,,100,yes,,,,,54.0755727,14.9915477
846532682,way,parking_duzy,,130,,,,,,52.5352704,19.7041935
849343431,way,parking_duzy,,80,,,,,,52.7608553,15.2376685
857804994,way,parking_duzy,Arena Ostrów,260,yes,,,,,51.6503215,17.8086025
858709908,way,parking_duzy,Park&Ride,164,yes,,,,,54.3310278,18.5709945
860800926,way,parking_duzy,,56,yes,,,,,51.5924854,18.7175183
863153961,way,parking_duzy,,87,,,,,,50.4440631,18.88077
863628260,way,parking_duzy,,50,yes,,,,,50.8464144,19.1319355
865754236,way,parking_duzy,Park & Ride,200,yes,,,,,49.9884139,20.0511258
867483355,way,parking_duzy,,322,customers,,,,,54.1626888,15.5994785
867642445,way,parking_duzy,,52,customers,,,,,50.5369303,22.7116116
867899280,way,parking_duzy,,54,customers,,,,,50.869963,20.6031262
872041692,way,parking_duzy,,~100,yes,,,,,53.3756135,14.6215693
877983235,way,parking_duzy,,50,yes,,,,,52.0739033,21.013207
878030114,way,parking_duzy,,74,customers,,,,,54.3634218,18.7171604
881601827,way,parking_duzy,,110,yes,,,,,54.2878621,18.5063724
882549770,way,parking_duzy,,170,,,,,,51.9164513,22.371425
886043929,way,parking_duzy,,87,yes,,,,,51.0989003,16.9952018
886703111,way,parking_duzy,,50,yes,,,,,50.8412673,24.0320424
889539650,way,parking_duzy,,70,permissive,,,,,50.7020902,22.4337377
890152493,way,parking_duzy,,53,customers,,,,,52.3165478,20.9659593
891328154,way,parking_duzy,Parking Zachodni 1,77,customers,,,,,53.4355541,14.5168987
891328155,way,parking_duzy,Parking Południowy,361,customers,,,,,53.4350969,14.518737
895745926,way,parking_duzy,Parkuj i Jedź,69,yes,,,,,51.0657293,16.9867587
900734331,way,parking_duzy,,~10,yes,,,,,49.7265042,21.4722099
900816852,way,parking_duzy,,780,yes,,,,,52.4392333,16.9190964
901937848,way,parking_duzy,,100,yes,,,,,50.3891488,16.3667629
903101989,way,parking_duzy,,800,yes,,,,,53.1243175,18.018009
904763314,way,parking_duzy,P+R Żyrardów,52,yes,,,,,52.0526075,20.451295
906642794,way,parking_duzy,,220,customers,,,,,52.2345049,21.0929037
907156050,way,parking_duzy,,50,,,,,,51.9512279,15.4955049
909778484,way,parking_duzy,,105,,,,,,50.2881027,18.9761612
909778500,way,parking_duzy,,145,,,,,,50.2895188,18.9757204
910880577,way,parking_duzy,,60,yes,,,,,52.0786383,21.0247731
915481933,way,parking_duzy,,150,,,,,,53.1667391,18.0334038
915848241,way,parking_duzy,Parking P+R Sulejówek Miłosna,125,yes,,,,,52.2408167,21.3002178
917484027,way,parking_duzy,P+R Mydlniki Wapiennik,86,yes,,,,,50.0909271,19.8399726
918680963,way,parking_duzy,,322,customers,,,,,52.1363906,20.8656383
918925354,way,parking_duzy,,62,yes,,,,,52.4738792,17.2381116
921430212,way,parking_duzy,Parkuj i Jedź Biskupińska,50,yes,,,,,52.4604823,16.8649574
924537535,way,parking_duzy,,68,yes,,,,,51.4118877,21.163565
926821789,way,parking_duzy,parking buforowy,150,,,,,,54.3853857,18.6916798
932793222,way,parking_duzy,,60,customers,,,,,51.7629406,19.4006019
934469748,way,parking_duzy,,398,yes,,,,,53.4508208,14.5276139
935623058,way,parking_duzy,,50,yes,,,,,53.9272651,18.6975107
937067816,way,parking_duzy,,64,,,,,,53.7668333,14.778656
942505483,way,parking_duzy,,393,yes,,,,,54.3436773,18.6450925
944778449,way,parking_duzy,,56,yes,,,,,51.1131691,17.1207265
945761903,way,parking_duzy,,50,yes,,,,,53.1625001,17.9148659
946763885,way,parking_duzy,,50,,,,,,51.6596289,17.8009569
947541472,way,parking_duzy,,78,,,,,,52.1658164,20.8705659
949324460,way,parking_duzy,,152,,,,,,50.6431934,20.2949502
951509186,way,parking_duzy,,213,customers,,,,,51.7264563,19.6391386
952726856,way,parking_duzy,P&R Stargard,60,yes,,,,,53.3350575,15.0351975
953552955,way,parking_duzy,,62,yes,,,,,51.2165959,18.580939
953609251,way,parking_duzy,P&R Piastów,108,yes,,,,,52.1822193,20.8403966
955833147,way,parking_duzy,,80,,,,,,50.4750927,17.331296
957862843,way,parking_duzy,,100,,,,,,50.0532789,20.1620809
958622962,way,parking_duzy,,55,permit,,,,,52.2067459,21.0011128
962941665,way,parking_duzy,,150,customers,,,,,53.1580673,17.9140304
963625150,way,parking_duzy,,50,customers,,,,,51.6415109,22.9120839
970776588,way,parking_duzy,,52,yes,,,,,49.9872546,21.93739
971768456,way,parking_duzy,,200,customers,,,,,54.4712861,17.0180886
973217391,way,parking_duzy,,71,yes,,,,,50.6819013,17.9479672
973784202,way,parking_duzy,Parkuj i Jedź – Otrębusy,69,customers,,,,,52.1259305,20.7598646
975777626,way,parking_duzy,Parkuj i Idź Chwaliszewo,400,,,,,,52.4092903,16.9401639
977506953,way,parking_duzy,,80,customers,,,,,52.3241237,20.9402751
978407166,way,parking_duzy,Parking Rychlińskiego,148,yes,,,,,49.8168675,19.0529863
983408551,way,parking_duzy,,143,,,,,,50.8073239,19.1218887
986952705,way,parking_duzy,Park&Ride Witanów,72,,,,,,52.1854813,20.5720284
987217418,way,parking_duzy,,400,,,,,,51.1673877,16.1850986
987414316,way,parking_duzy,Parkuj i Jedź,57,customers,,,,,51.1423277,16.8997393
988359210,way,parking_duzy,,252,yes,,,,,50.2584842,18.6559945
988717787,way,parking_duzy,,59,residents,,,,,50.3033342,18.6399866
989236700,way,parking_duzy,,56,yes,,,,,53.7342274,17.5121621
992045952,way,parking_duzy,,51,,,,,,52.4193904,16.8902055
992304083,way,parking_duzy,,50,,,,,,50.8101736,16.292619
993055183,way,parking_duzy,,69,yes,,,,,53.1481588,23.2132639
995482356,way,parking_duzy,,60,customers,,,,,51.7350517,18.1921124
997771515,way,parking_duzy,,102,yes,,,,,52.097324,20.6191576
997854638,way,parking_duzy,Parking Paderewskiego,132,,,,,,49.8244626,19.0549197
998707644,way,parking_duzy,,127,customers,,,,,54.3398563,17.90933
1000049161,way,parking_duzy,,50,yes,,,,,50.8135544,19.1158057
1001207025,way,parking_duzy,P+R Swoszowice,154,yes,,,,,50.0005423,19.9293739
1001493305,way,parking_duzy,,161,yes,,,,,52.3236026,14.6557707
1002049805,way,parking_duzy,Parking Plac 11-Listopada,200,yes,,,,,50.3194763,19.0046898
1005409232,way,parking_duzy,,70,,,,,,52.7324967,15.2236703
1006108933,way,parking_duzy,,54,yes,,,,,49.9358634,18.9833568
1008418058,way,parking_duzy,parking buforowy,60,,,,,,54.3913966,18.6613847
1012850098,way,parking_duzy,,77,,,,,,50.3331241,19.1698227
1013361559,way,parking_duzy,,13`,,,,,,50.3212976,19.2113297
1013500299,way,parking_duzy,,~30,yes,,,,,49.7477578,21.4597957
1014148513,way,parking_duzy,,504,customers,,,,,52.1051168,21.0204739
1016046874,way,parking_duzy,,50,,,,,,51.3551858,19.3839354
1017361663,way,parking_duzy,,80,,,,,,52.8445751,14.1341089
1017361674,way,parking_duzy,,130,yes,,,,,52.8459144,14.1324094
1017361680,way,parking_duzy,,90,yes,,,,,52.8443374,14.1289608
1019464081,way,parking_duzy,,82,,,,,,51.9576512,15.5255219
1021519134,way,parking_duzy,Parking P3,238,yes,,,,,50.5549118,21.657535
1021519135,way,parking_duzy,Parking P1,1114,yes,,,,,50.5539479,21.6416306
1021521237,way,parking_duzy,Parking P5,174,yes,,,,,50.534375,21.6228504
1022495038,way,parking_duzy,Parking P2 - Długoterminowy. P2 Long Term Parking,278,,,,,,50.1152879,22.0206809
1022777402,way,parking_duzy,,60,,,,,,51.35135,19.3591124
1026099012,way,parking_duzy,,140,,,,,,54.5454331,18.4624569
1027606737,way,parking_duzy,,50,,,,,,51.3551315,19.3654835
1028315708,way,parking_duzy,,100,,,,,,51.5573953,22.1475556
1030876862,way,parking_duzy,Parkuj i Jedź Świętego Michała,98,yes,,,,,52.4086133,16.9616166
1030899572,way,parking_duzy,Parkuj i Jedź Rondo Starołęka,57,,,,,,52.3792421,16.9442439
1038066192,way,parking_duzy,,75,yes,,,,,53.9980428,16.9740164
1038275727,way,parking_duzy,,60,yes,,,,,51.1753154,16.9970208
1040226334,way,parking_duzy,P+R Metro Kondratowicza,107,yes,,,,,52.2902151,21.0489218
1040461864,way,parking_duzy,,70,yes,,,,,50.7254042,16.2206174
1041127348,way,parking_duzy,,50,,,,,,51.3664458,19.3769081
1041793526,way,parking_duzy,,50,yes,,,,,54.4789027,17.0126276
1043474329,way,parking_duzy,,51,customers,,,,,52.2431387,18.1071023
1046334849,way,parking_duzy,,60,,,,,,52.1548818,20.7944228
1051743621,way,parking_duzy,,50,yes,,,,,51.3659957,19.3683913
1053673100,way,parking_duzy,,72,,,,,,52.158519,20.7916826
1054536469,way,parking_duzy,,59,,,,,,51.9441682,15.4765247
1055793306,way,parking_duzy,,50,yes,,,,,50.3583075,20.9461669
1058296861,way,parking_duzy,,90,,,,,,54.0946311,22.9128946
1058444008,way,parking_duzy,,60,yes,,,,,51.3638673,19.3785751
1058445192,way,parking_duzy,,50,,,,,,51.3644723,19.3806516
1059027631,way,parking_duzy,,53,permit,,,,,52.4154256,16.8838925
1059243175,way,parking_duzy,,50,,,,,,51.3569443,19.3879996
1059405528,way,parking_duzy,,154,,,,,,51.0853311,17.1656292
1060026753,way,parking_duzy,,144,,,,,,50.3705963,18.9461015
1065547587,way,parking_duzy,,58,yes,,,,,50.6794296,16.6200721
1067121297,way,parking_duzy,Parking N-Park Pszczyna,220,customers,,,,,49.9657079,18.957135
1071558684,way,parking_duzy,Park & Ride Smrekowa,146,yes,,,,,49.2997994,19.9624997
1072436188,way,parking_duzy,P7 (Długoterminowy),460,yes,,,,,54.3881479,18.4695705
1075692299,way,parking_duzy,,54,,,,,,50.9619871,22.1700727
1076036138,way,parking_duzy,,85,yes,,,,,53.6402397,20.0447085
1076276215,way,parking_duzy,,80,yes,,,,,50.3318734,18.6251452
1077393397,way,parking_duzy,,93,customers,,,,,52.1066263,21.1123233
1079034194,way,parking_duzy,,50,yes,,,,,50.5706376,23.4640494
1079037814,way,parking_duzy,,51,yes,,,,,52.2449188,20.9244139
1080091308,way,parking_duzy,,80,,,,,,52.2083425,18.6314633
1080885907,way,parking_duzy,,50,,,,,,54.3215495,18.6299211
1083723997,way,parking_duzy,,104,yes,,,,,50.8236876,15.5218844
1083796881,way,parking_duzy,Parking Dolina Małej Łąki / Giewont,60,yes,,,,,49.2779395,19.9048836
1085031885,way,parking_duzy,P&R Gościcino Wejherowskie,89,yes,,,,,54.6057859,18.1621924
1086943088,way,parking_duzy,,200,customers,,,,,50.9395459,21.3739069
1087160670,way,parking_duzy,,57,customers,,,,,52.2064697,20.8819523
1087494163,way,parking_duzy,,60,permit,,,,,51.2462957,22.5089001
1088278415,way,parking_duzy,,54,customers,,,,,50.4339592,18.9459353
1089458410,way,parking_duzy,,510,yes,,,,,50.0577009,20.0065103
1090686355,way,parking_duzy,,54,customers,,,,,50.948271,21.4290352
1093333328,way,parking_duzy,,55,customers,,,,,52.1076216,21.1152298
1093376554,way,parking_duzy,P&R,117,customers,,,,,52.8054949,18.2453852
1093887647,way,parking_duzy,,64,,,,,,53.76775,14.7820287
1101387977,way,parking_duzy,,60,,,,,,51.3500131,19.3685862
1101671362,way,parking_duzy,,60,yes,,,,,50.7396623,16.6495289
1101964413,way,parking_duzy,,204,yes,,,,,50.4824111,19.4307982
1102468449,way,parking_duzy,,69,customers,,,,,51.1067342,15.5943642
1103173728,way,parking_duzy,Parking Onkologii,807,,,,,,50.3038771,18.6633182
1107538524,way,parking_duzy,,96,customers,,,,,54.2784347,18.4813474
1108409494,way,parking_duzy,,71,,,,,,50.348469,18.8934558
1110724586,way,parking_duzy,,60,customers,,,,,50.0051746,19.94522
1112301904,way,parking_duzy,P&R Pilawa,102,,,,,,51.9553225,21.5352885
1112309821,way,parking_duzy,,287,yes,,,,,54.3614886,18.6488021
1117544430,way,parking_duzy,Parking przy bibliotece,55,yes,,,,,49.5118275,20.6143954
1120223844,way,parking_duzy,,60,,,,,,53.6897056,17.5770906
1120658960,way,parking_duzy,,78,customers,,,,,51.9111891,21.601984
1124474146,way,parking_duzy,,60,yes,,,,,50.0003101,19.8951743
1126431399,way,parking_duzy,,100,yes,,,,,51.8485098,16.5873105
1131744622,way,parking_duzy,,66,,,,,,53.0957638,23.1331373
1133138753,way,parking_duzy,,56,customers,,,,,51.2135245,22.6424766
1133488896,way,parking_duzy,P&R Rokietnica,153,yes,,,,,52.5101609,16.7562951
1133855155,way,parking_duzy,,108,yes,,,,,54.4988074,18.4334695
1135136831,way,parking_duzy,,229,yes,,,,,53.3371071,15.0337468
1136135543,way,parking_duzy,,60,,,,,,50.1555452,19.4532477
1136424480,way,parking_duzy,,100,yes,,,,,52.4480202,20.8610436
1136929379,way,parking_duzy,,66,,,,,,54.4165387,18.4776549
1144909611,way,parking_duzy,Park&Ride,117,yes,,,,,50.1140996,19.0061411
1147167654,way,parking_duzy,,26amenity=parking parking=surface surface=asphalt,,,,,,51.9367678,15.5159978
1147358477,way,parking_duzy,,730,customers,,,,,52.223867,20.9262832
1147909335,way,parking_duzy,,50,yes,,,,,54.7903334,18.3824341
1149154625,way,parking_duzy,,56,customers,,,,,52.1967617,21.026276
1151422280,way,parking_duzy,,150,yes,,,,,54.2601274,16.0656516
1152720635,way,parking_duzy,,150,yes,,,,,50.010899,20.0084943
1152725982,way,parking_duzy,,72,customers,,,,,51.2278839,22.4839882
1152757420,way,parking_duzy,,65,yes,,,,,49.3503452,20.8874741
1152992215,way,parking_duzy,,61,yes,,,,,50.7821332,22.2931767
1153073116,way,parking_duzy,,94,,,,,,52.4472652,16.9902292
1153222706,way,parking_duzy,,50,yes,,,,,52.3352627,21.2126274
1153222714,way,parking_duzy,,52,yes,,,,,52.3372349,21.2171739
1153222715,way,parking_duzy,,63,yes,,,,,52.3381054,21.2191792
1153424475,way,parking_duzy,,61,yes,,,,,50.7816579,22.2902929
1156548898,way,parking_duzy,,ok 35,yes,,,,,52.6977691,21.8484668
1157897851,way,parking_duzy,Parking Centrum MTP,650,,,,,,52.4024508,16.9083074
1159157755,way,parking_duzy,Parking Niebieski,172,yes,,,,,52.2311221,21.1046971
1159738470,way,parking_duzy,Parkuj i Idź Kasprowicza (Reymonta),80,,,,,,52.3948225,16.8876385
1159751197,way,parking_duzy,,56,,,,,,54.0815247,22.9232539
1160015553,way,parking_duzy,,75,customers,,,,,52.1005898,19.9319499
1161739267,way,parking_duzy,,174,yes,,,,,50.33067,19.185684
1162139358,way,parking_duzy,,53,,,,,,51.0682087,19.4424571
1162378658,way,parking_duzy,Parking P3 - Długoterminowy. P3 Long Term Parking,458,,,,,,50.1159913,22.0211063
1162776517,way,parking_duzy,,60,,,,,,50.0235751,20.2074734
1163996546,way,parking_duzy,,217,yes,,,,,53.0274493,18.7014035
1164139738,way,parking_duzy,,58,yes,,,,,49.3374134,20.003685
1169431634,way,parking_duzy,,22w,,,,,,51.9399327,15.4809139
1170365213,way,parking_duzy,,91,yes,,,,,51.0510584,21.060105
1173074607,way,parking_duzy,,100,,,,,,53.4314906,14.5029519
1173118460,way,parking_duzy,,144,,,,,,50.2570301,19.0257786
1174546104,way,parking_duzy,P+R Słowackiego,170,,,,,,52.4055566,21.1999034
1175180271,way,parking_duzy,,3w,,,,,,51.9397756,15.4712375
1177261270,way,parking_duzy,,50,yes,,,,,51.1844223,16.7912522
1180952478,way,parking_duzy,,78,,,,,,52.6285586,20.3804721
1183374500,way,parking_duzy,Katowice Airport Parking P1,800,,,,,,50.4699874,19.0715268
1186232826,way,parking_duzy,,75,customers,,,,,52.351148,17.0249683
1187272967,way,parking_duzy,,152,yes,,,,,54.5596479,18.4059484
1188251763,way,parking_duzy,,80,yes,,,,,53.449174,14.5547717
1189004366,way,parking_duzy,,160,customers,,,,,51.7271051,19.4545757
1191549117,way,parking_duzy,,60,,,,,,50.9482347,17.2927229
1192421086,way,parking_duzy,,50,yes,,,,,54.2256196,19.3490914
1193838476,way,parking_duzy,,50,,,,,,50.4429617,16.8745402
1195395682,way,parking_duzy,Parking Lotniskowy P1 Okęcie Południe,147,,,,,,52.0900668,20.9608206
1197690228,way,parking_duzy,,140,customers,,,,,50.022447,21.4360468
1197881088,way,parking_duzy,,124,,,,,,50.3085979,18.9771293
1198412856,way,parking_duzy,,110,customers,,,,,51.710493,19.4783708
1200828009,way,parking_duzy,,100,customers,,,,,54.7487928,17.5561152
1201603214,way,parking_duzy,,58,customers,,,,,54.3479729,18.5333073
1202955819,way,parking_duzy,,50,yes,,,,,50.0485626,21.6640157
1204392620,way,parking_duzy,,59,yes,,,,,53.1211788,23.1314471
1204715554,way,parking_duzy,,70,yes,,,,,51.1196964,16.9512323
1205571005,way,parking_duzy,,150,yes,,,,,50.9356846,17.2707854
1206166927,way,parking_duzy,,52,yes,,,,,50.9619113,20.5450982
1206881324,way,parking_duzy,,disabled=3,,,,,,49.6602292,18.8595084
1209111946,way,parking_duzy,,62,,,,,,51.9765416,15.4839968
1209676710,way,parking_duzy,,62,customers,,,,,50.0661619,22.2418083
1209740702,way,parking_duzy,,50,permissive,,,,,54.396407,18.5704603
1210532642,way,parking_duzy,,54,yes,,,,,54.4602559,16.989434
1211535581,way,parking_duzy,P+R Żyrardów,130,,,,,,52.0512609,20.4479827
1213795862,way,parking_duzy,,61,,,,,,52.7380526,15.2274349
1215871824,way,parking_duzy,Parking Miejski w Dynowie,135,yes,,,,,49.8162839,22.2323827
1216415305,way,parking_duzy,,600,,,,,,54.3805248,18.6931963
1218367970,way,parking_duzy,Parking CUP,140,yes,,,,,50.6697458,17.9426764
1219089562,way,parking_duzy,,90,yes,,,,,49.9439732,19.7404364
1219317991,way,parking_duzy,,90,customers,,,,,52.8756779,18.7721594
1219483469,way,parking_duzy,,50,yes,,,,,49.961007,20.8497193
1220226848,way,parking_duzy,P1 (krótkoterminowy),231,yes,,,,,54.3831946,18.4664999
1221495015,way,parking_duzy,,80,yes,,,,,52.8711291,18.7006624
1222179691,way,parking_duzy,,62,customers,,,,,50.3987731,18.8756437
1226023012,way,parking_duzy,,2-3,,,,,,50.3030595,18.9440787
1227194684,way,parking_duzy,,72,,,,,,50.0854669,19.9914887
1233493916,way,parking_duzy,,76,,,,,,53.7397374,20.5183773
1234318130,way,parking_duzy,,96,,,,,,52.2070638,18.6481707
1234812020,way,parking_duzy,,57,yes,,,,,51.0591371,21.0658898
1235492616,way,parking_duzy,Parking P+R Marysin,72,yes,,,,,51.7992362,19.486157
1239190572,way,parking_duzy,,185,customers,,,,,52.2991157,20.9441551
1239649255,way,parking_duzy,,70,yes,,,,,52.398347,19.0315992
1240769947,way,parking_duzy,,60,permit,,,,,50.6452445,17.8268
1242158727,way,parking_duzy,,212,customers,,,,,53.4434343,14.5712014
1243970668,way,parking_duzy,,200,yes,,,,,50.6592001,21.843994
1244958086,way,parking_duzy,,170,,,,,,50.0650377,22.4985145
1245311930,way,parking_duzy,,50,yes,,,,,52.0663238,21.0182421
1246401080,way,parking_duzy,,53,,,,,,52.1944354,20.9521932
1246945524,way,parking_duzy,,120,,,,,,50.8229825,16.2713197
1254698950,way,parking_duzy,,75,,,,,,53.4674851,14.5990472
1258131781,way,parking_duzy,,56,,,,,,54.2665566,18.1607618
1261945526,way,parking_duzy,,53,,,,,,52.2032719,18.6327029
1263917992,way,parking_duzy,,~3,customers,,,,,49.9702609,20.8716423
1266859951,way,parking_duzy,,50,permissive,,,,,53.4086962,22.7861125
1271587619,way,parking_duzy,,180,yes,,,,,52.4729239,20.7431304
1271719017,way,parking_duzy,,54,customers,,,,,53.9774228,18.5300973
1272725109,way,parking_duzy,,88,yes,,,,,49.9517392,19.2647737
1273935018,way,parking_duzy,,62,,,,,,54.5192059,18.5338029
1275370288,way,parking_duzy,,81,customers,,,,,52.7595017,22.2259977
1278525184,way,parking_duzy,,100,,,,,,52.784303,23.1868957
1279407144,way,parking_duzy,,100,yes,,,,,52.7467965,23.5783991
1279615421,way,parking_duzy,,350,yes,,,,,50.6558194,17.9103492
1280674795,way,parking_duzy,,51,yes,,,,,50.4037619,18.9032058
1282012217,way,parking_duzy,,97,yes,,,,,53.9694014,18.5271247
1282218612,way,parking_duzy,,60,customers,,,,,54.2146951,15.7600559
1285736342,way,parking_duzy,,60,customers,,,,,50.6876715,17.8758591
1286530738,way,parking_duzy,P&R Skarżysko-Kamienna,121,yes,,,,,51.1156513,20.883419
1287320312,way,parking_duzy,,98,yes,,,,,49.9343413,18.9830225
1288238221,way,parking_duzy,,100,yes,,,,,51.0153139,22.5304127
1297391228,way,parking_duzy,,53,yes,,,,,52.2503617,21.0909998
1298605814,way,parking_duzy,,120,,,,,,50.825448,16.2700594
1299829550,way,parking_duzy,,70,yes,,,,,50.9671745,16.6222925
1301328093,way,parking_duzy,,50,yes,,,,,50.819606,16.0874745
1302842748,way,parking_duzy,,60,,,,,,50.3264351,18.0613534
1304191616,way,parking_duzy,,62,,,,,,50.3187417,17.5700109
1305999808,way,parking_duzy,,54,,,,,,53.3296708,15.0314156
1306099282,way,parking_duzy,,78,,,,,,53.1501017,14.8864966
1306688597,way,parking_duzy,,59,,,,,,51.1567304,17.1359763
1307280755,way,parking_duzy,P&R Łódź Kaliska,78,,,,,,51.7584731,19.430155
1307555530,way,parking_duzy,,100,customers,,,,,51.4318473,23.0314794
1307856164,way,parking_duzy,,63,customers,,,,,51.0821308,16.9020193
1308922721,way,parking_duzy,,50,yes,,,,,50.8196845,16.0897229
1309351239,way,parking_duzy,,500,residents,,,,,52.430134,16.9538735
1310000492,way,parking_duzy,,74,yes,,,,,51.0274545,21.039139
1312176838,way,parking_duzy,,322,customers,,,,,54.1639623,15.5972983
1316179439,way,parking_duzy,,70,yes,,,,,53.3644553,17.0361429
1318904739,way,parking_duzy,,104,yes,,,,,50.7636095,16.2750708
1322483340,way,parking_duzy,,76,yes,,,,,53.965525,18.5258629
1327270322,way,parking_duzy,,65,,,,,,52.6143334,20.355807
1330278466,way,parking_duzy,Park & Go Kaponiera,240,,,,,,52.4094077,16.9133093
1332435806,way,parking_duzy,,220,yes,,,,,50.6401333,17.6270048
1333583851,way,parking_duzy,,52,yes,,,,,51.1902488,20.413581
1336007551,way,parking_duzy,,ok. 20,yes,,,,,51.5052473,20.717819
1339791206,way,parking_duzy,,55,permit,,,,,50.2104915,19.0049541
1341402868,way,parking_duzy,,70,customers,,,,,51.4435007,21.1442617
1348460860,way,parking_duzy,parking PZL Świdnik,608,,,,,,51.2264744,22.6942532
1348538459,way,parking_duzy,,60,,,,,,50.1176722,19.8002076
1348806142,way,parking_duzy,,51,yes,,,,,50.3960994,18.956541
1349841715,way,parking_duzy,P+R Kościelniki,140,yes,,,,,50.0863708,20.1699866
1352095998,way,parking_duzy,P+R Wawer SKM,145,yes,,,,,52.2224665,21.1500263
1352128720,way,parking_duzy,,50,yes,,,,,50.8965728,19.2170689
1352200119,way,parking_duzy,,55,,,,,,52.44855,16.9582917
1354984202,way,parking_duzy,,66,,,,,,52.7451207,15.2146118
1355428393,way,parking_duzy,,51,,,,,,50.9508227,17.2718515
1359602912,way,parking_duzy,,q,,,,,,52.1814916,21.0392631
1362829391,way,parking_duzy,P-7,150,,,,,,54.376849,18.6373497
1362829394,way,parking_duzy,P-3,70,permit,,,,,54.3729922,18.6394018
1362829401,way,parking_duzy,P-1,100,permit,,,,,54.3718269,18.6381508
1365107787,way,parking_duzy,,170,customers,,,,,50.0884905,20.0064038
1366031160,way,parking_duzy,,2500,customers,,,,,53.9500879,15.3865396
1367156403,way,parking_duzy,,60,,,,,,50.1049127,19.8295851
1367381885,way,parking_duzy,,367,,,,,,52.7578239,15.2548427
1367950447,way,parking_duzy,,400,customers,,,,,52.2005651,20.9335601
1368420895,way,parking_duzy,,55,,,,,,52.6291202,18.5290892
1369751045,way,parking_duzy,,unknown,,,,,,51.7764801,22.60589
1372530562,way,parking_duzy,,53,yes,,,,,50.3006188,21.4346054
1376172843,way,parking_duzy,,55,yes,,,,,53.2047544,22.7727229
1377898966,way,parking_duzy,Parkuj i Jedź,57,yes,,,,,51.0533007,17.0558629
1382067825,way,parking_duzy,,51,,,,,,49.9301527,18.3234541
1382314240,way,parking_duzy,,50,yes,,,,,54.3402841,18.822051
1383033436,way,parking_duzy,,157,,,,,,52.4489333,16.9847702
1384279666,way,parking_duzy,Park & Ride Choiny,58,yes,,,,,51.2847254,22.5522095
1386645291,way,parking_duzy,,87,,,,,,51.2802128,22.5439882
1387778949,way,parking_duzy,,100,,,,,,52.6478269,19.0793051
1387848331,way,parking_duzy,,91,,,,,,52.7018075,15.2586963
1389746390,way,parking_duzy,,3q,,,,,,51.3179675,17.0616617
1390492373,way,parking_duzy,,70,,,,,,52.7197405,15.2514944
1390958239,way,parking_duzy,Parking przy Sali wiejskiej,58,yes,,,,,52.7515191,15.0997483
1391613924,way,parking_duzy,,116,,,,,,52.7569309,15.2575337
1408451437,way,parking_duzy,,100,yes,,,,,52.0075842,19.8029014
1409731281,way,parking_duzy,,242,yes,,,,,50.6849799,17.8707787
1409731283,way,parking_duzy,,274,yes,,,,,50.683458,17.8714651
1409731311,way,parking_duzy,,190,yes,,,,,50.6849409,17.8755711
1409731313,way,parking_duzy,,166,yes,,,,,50.6868872,17.8731563
1409737384,way,parking_duzy,Centrum Przesiadkowe Opole Zachodnie,300,yes,,,,,50.6611673,17.8959939
1411056974,way,parking_duzy,,100,yes,,,,,52.4273079,16.7870377
1412686725,way,parking_duzy,,237,,,,,,54.2682455,18.6488285
1413776141,way,parking_duzy,ZTP Myśliwiecka,94,,,,,,52.2208288,21.0365467
1415441864,way,parking_duzy,,85,,,,,,50.0148728,20.9223088
1416679156,way,parking_duzy,,52,yes,,,,,53.2895225,19.2710134
1420064888,way,parking_duzy,,156,,,,,,50.5202855,22.1435039
1420121324,way,parking_duzy,,185,customers,,,,,50.9457367,21.4071338
1422559088,way,parking_duzy,,371,yes,,,,,53.01491,17.7515858
1423987691,way,parking_duzy,,50,,,,,,49.3003103,20.0926822
1424165088,way,parking_duzy,,2-,yes,,,,,53.9658969,14.5679034
1424994510,way,parking_duzy,,60,permit,,,,,50.8502435,17.4620325
1426861089,way,parking_duzy,,132,,,,,,52.6625983,19.0585036
1426916491,way,parking_duzy,,93,yes,,,,,50.5646176,20.0537388
1429701802,way,parking_duzy,Parking Port,365,customers,,,,,54.1833601,15.5554341
1430101926,way,parking_duzy,,730,customers,,,,,53.1239703,17.9847278
1432340669,way,parking_duzy,,63,customers,,,,,51.6618112,19.3296012
1433911341,way,parking_duzy,,100,,,,,,51.2307799,22.5666215
1434020868,way,parking_duzy,,79,customers,,,,,52.100131,19.93844
1435289565,way,parking_duzy,,80,customers,,,,,52.1820736,21.2882118
1444239183,way,parking_duzy,,85,yes,,,,,52.1393372,21.0523116
1446264356,way,parking_duzy,,52,,,,,,51.1502169,21.9669877
1447144429,way,parking_duzy,Parking Park & Ride,66,,,,,,51.7020025,17.4276072
1451764892,way,parking_duzy,,180,,,,,,52.4323605,15.1168626
1454428204,way,parking_duzy,,300,yes,,,,,53.167973,22.0511156
1458084945,way,parking_duzy,,239,permit,,,,,51.2759872,15.7858403
1458713563,way,parking_duzy,,59,customers,,,,,53.6247009,21.8018069
1458741876,way,parking_duzy,Parking KW 36,262,yes,,,,,53.4282229,14.5419101
1462585680,way,parking_duzy,,80,,,,,,52.1304557,21.2240645
1462623238,way,parking_duzy,,165,,,,,,51.5625321,15.5207459
1463484634,way,parking_duzy,,125,,,,,,52.1444984,21.0369824
1463923381,way,parking_duzy,,50,yes,,,,,51.9418787,22.3912956
1469149700,way,parking_duzy,,176,yes,,,,,54.33245,18.3490217
1474256738,way,parking_duzy,,500,customers,,,,,50.4704066,19.052015
1474268871,way,parking_duzy,,132,,,,,,54.6048623,18.2512965
1477464555,way,parking_duzy,,5q,,,,,,52.0927595,16.6103778
1480026262,way,parking_duzy,,6q,,,,,,52.0952573,16.6093235
1480360388,way,parking_duzy,,85,,,,,,50.0407226,22.0361708
1484032816,way,parking_duzy,,52,,,,,,50.4642531,20.7070692
1488412017,way,parking_duzy,,60,yes,,,,,49.9723902,19.7924613
1492310656,way,parking_duzy,,50,yes,,,,,49.7159983,18.7586268
1493254381,way,parking_duzy,,57,yes,,,,,50.844374,19.1255479
1494998895,way,parking_duzy,,17q,,,,,,51.4755653,16.9111931
1495941144,way,parking_duzy,,58,customers,,,,,52.9941144,18.5167874
1497316572,way,parking_duzy,,80,,,,,,49.6797633,19.2017371
1505005232,way,parking_duzy,,51,yes,,,,,51.6657183,19.3287788
1518364346,way,parking_duzy,,54,,,,,,50.5280777,22.1216795
1521308261,way,parking_duzy,,130,yes,,,,,49.8443597,19.136506
1521436356,way,parking_duzy,,189,yes,,,,,54.403014,18.6840466
1524563819,way,parking_duzy,,88,customers,,,,,53.1729352,18.0548761
1524884812,way,parking_duzy,,50,yes,,,,,53.7907678,18.509241
1529005240,way,parking_duzy,,62,,,,,,54.2655526,18.6624215
1533610451,way,parking_duzy,,ok.40,customers,,,,,52.3837544,17.0748437
1536340838,way,parking_duzy,,226,yes,,,,,51.7713233,19.4579207
1536586964,way,parking_duzy,,59,,,,,,50.0806209,19.8671745
1541102652,way,parking_duzy,,65,customers,,,,,50.0475473,20.2147895
1542844540,way,parking_duzy,,129,,,,,,52.2079813,18.669948
1547736529,way,parking_duzy,,60,,,,,,52.1212914,20.7994803
248676651,node,supermarket,Auchan Warszawa Jubilerska,,,Auchan,,,,52.2354104,21.1188913
259568968,node,supermarket,E. Leclerc,,,E. Leclerc,,,,52.1534708,21.0412809
266561675,node,supermarket,Auchan,,,Auchan,,,,51.1864816,16.1699114
266620572,node,supermarket,Lidl,,,Lidl,,,,51.2068289,16.1453882
267789321,node,supermarket,Netto,,,Netto,,,,52.2220922,21.0916229
267915205,node,supermarket,Netto,,,Netto,,,,53.4255242,14.5520719
270115135,node,supermarket,Auchan,,,Auchan,,,,53.4341416,14.5556785
282141267,node,supermarket,Biedronka,,,Biedronka,,,,52.2448251,21.0960624
283847707,node,supermarket,Biedronka,,,Biedronka,,,,53.0642736,19.9114185
286604414,node,supermarket,Biedronka,,,Biedronka,,,,52.2472933,21.0568278
293393067,node,supermarket,Auchan,,,Auchan,,,,53.3811588,14.6671929
293596725,node,supermarket,Carrefour,,,Carrefour,,,,53.4107323,14.5231485
295218420,node,supermarket,Carrefour,,,Carrefour,,,,53.3860274,14.6617896
297478555,node,supermarket,Biedronka,,,Biedronka,,,,53.4292451,14.531444
297686745,node,supermarket,Carrefour,,,Carrefour,,,,53.426406,14.5288514
298122037,node,supermarket,Stokrotka,,,Stokrotka,,,,51.9746424,20.1374691
299360247,node,supermarket,Biedronka,,,Biedronka,,,,49.827131,19.0499653
302722319,node,supermarket,Biedronka,,,Biedronka,,,,52.2271892,20.9974293
304352833,node,supermarket,Biedronka,,,Biedronka,,,,52.1738517,21.199971
309749930,node,supermarket,Biedronka,,,Biedronka,,,,52.2500097,21.0423029
310316484,node,supermarket,Carrefour,,,Carrefour,,,,52.2135518,20.9514292
310658965,node,supermarket,Carrefour,,,Carrefour,,,,51.0493154,16.9628107
322691924,node,supermarket,Biedronka,,,Biedronka,,,,53.0026736,14.9549011
334287435,node,supermarket,Intermarché,,,Intermarché,,,,53.1467061,16.7162562
334748209,node,supermarket,Netto,,,Netto,,,,53.3384805,15.03345
361242458,node,supermarket,Biedronka,,,Biedronka,,,,53.3834152,14.6325417
370450141,node,supermarket,Stokrotka,,,Stokrotka,,,,53.4263964,14.5523897
370795555,node,supermarket,Biedronka,,,Biedronka,,,,53.4041415,14.4995671
371631388,node,supermarket,Stokrotka Market,,,Stokrotka Market,,,,50.4799189,23.0542853
371648966,node,supermarket,Biedronka,,,Biedronka,,,,50.5194591,22.1462902
389118675,node,supermarket,Biedronka,,,Biedronka,,,,50.8274666,19.1065434
410341086,node,supermarket,Carrefour Market,,,Carrefour Market,,,,52.2389317,20.9378533
411513480,node,supermarket,Biedronka,,,Biedronka,,,,52.2220578,20.9346101
413704764,node,supermarket,Stokrotka,,,Stokrotka,,,,51.7600343,19.5265505
436769493,node,supermarket,Lidl,,,Lidl,,,,51.1405762,17.0828611
439664141,node,supermarket,Netto,,,Netto,,,,51.2105721,16.1798964
444964393,node,supermarket,Carrefour,,,Carrefour,,,,53.1234842,23.0986311
448121919,node,supermarket,Biedronka,,,Biedronka,,,,52.3775856,16.9602168
448482831,node,supermarket,Biedronka,,,Biedronka,,,,51.1511275,17.0265174
449122268,node,supermarket,Biedronka,,,Biedronka,,,,51.5651046,15.5408954
454468440,node,supermarket,Biedronka,,,Biedronka,,,,52.1664461,15.8345542
461166153,node,supermarket,Biedronka,,,Biedronka,,,,52.2325974,21.0633777
471026204,node,supermarket,Biedronka,,,Biedronka,,,,51.8242581,19.4399439
471027212,node,supermarket,Netto,,,Netto,,,,51.8204275,19.4326795
471179452,node,supermarket,Biedronka,,,Biedronka,,,,54.3584349,19.681463
471875478,node,supermarket,Netto,,,Netto,,,,53.6936728,17.5641374
472270594,node,supermarket,Netto,,,Netto,,,,52.3176151,20.9526451
478600834,node,supermarket,Carrefour,,,Carrefour,,,,52.2639678,20.9305127
481952141,node,supermarket,Biedronka,,,Biedronka,,,,51.2493961,22.5132448
481952147,node,supermarket,Biedronka,,,Biedronka,,,,51.2402797,22.5710405
490680843,node,supermarket,Netto,,,Netto,,,,53.3957897,14.6669453
491009847,node,supermarket,Biedronka,,,Biedronka,,,,50.0584981,18.4164886
496278540,node,supermarket,Biedronka,,,Biedronka,,,,53.3825228,14.6612597
499642949,node,supermarket,Stokrotka,,,Stokrotka,,,,53.4283914,14.5013773
500956156,node,supermarket,Biedronka,,,Biedronka,,,,53.4567725,14.5695767
506145789,node,supermarket,Biedronka,,,Biedronka,,,,51.7611386,19.5219538
519551930,node,supermarket,Biedronka,,,Biedronka,,,,52.2485186,21.0840168
528542284,node,supermarket,Intermarché,,,Intermarché,,,,51.6077167,18.9184573
528542353,node,supermarket,Biedronka,,,Biedronka,,,,51.6066174,18.9298512
528542539,node,supermarket,Biedronka,,,Biedronka,,,,51.59335,18.9312678
534633471,node,supermarket,Biedronka,,,Biedronka,,,,52.0705291,23.6031036
538091794,node,supermarket,Biedronka,,,Biedronka,,,,53.4324025,14.5116931
538776249,node,supermarket,Netto,,,Netto,,,,52.4493489,16.9413031
538789492,node,supermarket,Carrefour Market,,,Carrefour Market,,,,52.4384934,16.9415495
540358859,node,supermarket,Kaufland,,,Kaufland,,,,52.4350044,16.927955
540391784,node,supermarket,Biedronka,,,Biedronka,,,,53.3756197,14.6568405
548277940,node,supermarket,Biedronka,,,Biedronka,,,,49.6170141,20.6987027
548658001,node,supermarket,Biedronka,,,Biedronka,,,,50.5629244,18.8885452
566498483,node,supermarket,Biedronka,,,Biedronka,,,,50.0653176,22.2286985
571569551,node,supermarket,Biedronka,,,Biedronka,,,,50.0684688,21.6798861
577977038,node,supermarket,Netto,,,Netto,,,,53.3818208,14.6547831
581903419,node,supermarket,Intermarché,,,Intermarché,,,,49.9649988,20.6016074
581904850,node,supermarket,Carrefour,,,Carrefour,,,,49.9726937,20.6033814
584468454,node,supermarket,Stokrotka,,,Stokrotka,,,,50.02421,20.97455
584482054,node,supermarket,Auchan,,,Auchan,,,,50.0365845,21.006501
585146015,node,supermarket,Biedronka,,,Biedronka,,,,50.8449615,16.4697777
587584995,node,supermarket,Biedronka,,,Biedronka,,,,53.2852891,18.943361
589804313,node,supermarket,Stokrotka,,,Stokrotka,,,,53.1094464,17.9987612
589805243,node,supermarket,Biedronka,,,Biedronka,,,,53.1117481,18.0074684
589813070,node,supermarket,Biedronka,,,Biedronka,,,,53.1329207,17.9927589
589821067,node,supermarket,Biedronka,,,Biedronka,,,,53.1279706,18.021888
589874773,node,supermarket,Auchan,,,Auchan,,,,53.1371149,18.1159876
598368687,node,supermarket,Netto,,,Netto,,,,53.4435286,14.5536192
602512075,node,supermarket,Stokrotka,,,Stokrotka,,,,52.2528951,20.9131087
614415046,node,supermarket,Biedronka,,,Biedronka,,,,53.3856408,19.9314956
633371413,node,supermarket,Biedronka,,,Biedronka,,,,52.0967298,19.9341585
634629902,node,supermarket,Lidl,,,Lidl,,,,49.74585,21.48161
652857081,node,supermarket,Netto,,,Netto,,,,50.8694839,20.6535911
654073572,node,supermarket,Biedronka,,,Biedronka,,,,52.3482233,14.561731
675215201,node,supermarket,Stokrotka,,,Stokrotka,,,,50.3521604,18.8980202
676244907,node,supermarket,Biedronka,,,Biedronka,,,,52.201852,20.9816309
683188185,node,supermarket,Carrefour,,,Carrefour,,,,51.5235376,20.0029283
688066206,node,supermarket,Biedronka,,,Biedronka,,,,49.7419124,20.6253048
707881313,node,supermarket,Biedronka,,,Biedronka,,,,53.1165132,23.1406251
715791145,node,supermarket,Carrefour,,,Carrefour,,,,52.1799352,21.0049206
719058494,node,supermarket,Biedronka,,,Biedronka,,,,51.3563208,21.5894795
722377000,node,supermarket,Biedronka,,,Biedronka,,,,51.80616,19.4389021
726839095,node,supermarket,Carrefour,,,Carrefour,,,,51.9361611,15.5110342
730714769,node,supermarket,Biedronka,,,Biedronka,,,,51.1925519,20.4069801
749779812,node,supermarket,Stokrotka,,,Stokrotka,,,,50.0130369,19.9718397
749934309,node,supermarket,Stokrotka,,,Stokrotka,,,,50.0182986,19.9828187
757365401,node,supermarket,Carrefour,,,Carrefour,,,,54.0900298,18.7751824
761661040,node,supermarket,Kaufland,,,Kaufland,,,,49.7518239,18.6387606
766676300,node,supermarket,Netto,,,Netto,,,,54.1824732,16.18434
770526516,node,supermarket,Biedronka,,,Biedronka,,,,53.1504876,16.7262948
772481309,node,supermarket,Biedronka,,,Biedronka,,,,51.0555486,19.4493417
773930552,node,supermarket,E.Leclerc,,,E.Leclerc,,,,50.0860015,18.2120937
775892995,node,supermarket,Kaufland,,,Kaufland,,,,52.2325141,21.0932807
778478001,node,supermarket,Lidl,,,Lidl,,,,52.1972837,20.8819242
795341712,node,supermarket,Biedronka,,,Biedronka,,,,50.3242136,19.1999648
824165974,node,supermarket,Biedronka,,,Biedronka,,,,51.1250915,23.4689091
831856125,node,supermarket,Intermarché,,,Intermarché,,,,54.0114726,15.9593345
841779677,node,supermarket,Stokrotka,,,Stokrotka,,,,52.7495884,15.2435356
845286855,node,supermarket,Netto,,,Netto,,,,54.2043906,16.1859341
845791933,node,supermarket,Biedronka,,,Biedronka,,,,52.2847747,20.9357681
846362592,node,supermarket,Kaufland,,,Kaufland,,,,54.1960743,16.1696881
847651942,node,supermarket,Biedronka,,,Biedronka,,,,53.9663073,14.7714786
857422675,node,supermarket,Stokrotka,,,Stokrotka,,,,51.2153498,22.704901
868809746,node,supermarket,Biedronka,,,Biedronka,,,,52.5407055,17.61013
868809765,node,supermarket,Carrefour,,,Carrefour,,,,52.5604351,17.6124662
868809781,node,supermarket,Carrefour,,,Carrefour,,,,52.5367023,17.6067903
868809805,node,supermarket,Kaufland,,,Kaufland,,,,52.5381321,17.6109135
869318222,node,supermarket,Biedronka,,,Biedronka,,,,52.5413711,17.6254659
869360504,node,supermarket,Biedronka,,,Biedronka,,,,52.5488695,17.5997946
885584372,node,supermarket,Biedronka,,,Biedronka,,,,49.6034145,19.9498153
892673454,node,supermarket,Netto,,,Netto,,,,52.2484065,15.5361192
892706702,node,supermarket,Biedronka,,,Biedronka,,,,51.3851684,21.1612188
904951163,node,supermarket,Carrefour Market,,,Carrefour Market,,,,52.1601861,20.7893779
909437618,node,supermarket,Netto,,,Netto,,,,52.3513416,16.5253763
912210983,node,supermarket,Biedronka,,,Biedronka,,,,49.4724505,20.0307659
919637479,node,supermarket,Carrefour,,,Carrefour,,,,49.8401347,19.0358796
945269390,node,supermarket,E.Leclerc,,,E.Leclerc,,,,53.0259404,18.6651403
954220751,node,supermarket,Stokrotka,,,Stokrotka,,,,51.3044301,23.132804
961661107,node,supermarket,Netto,,,Netto,,,,49.6753308,20.0759281
961682588,node,supermarket,Biedronka,,,Biedronka,,,,49.6758933,20.0630677
962972392,node,supermarket,Biedronka,,,Biedronka,,,,51.0919409,17.0069293
972124336,node,supermarket,Stokrotka Market,,,Stokrotka Market,,,,52.098001,21.2665703
974745682,node,supermarket,Biedronka,,,Biedronka,,,,51.4461749,22.6119675
989971564,node,supermarket,Kaufland,,,Kaufland,,,,52.1006186,19.9411457
990042524,node,supermarket,Stokrotka,,,Stokrotka,,,,52.2757665,20.9274685
990042526,node,supermarket,Carrefour Market,,,Carrefour Market,,,,52.2753685,20.9226838
1013229800,node,supermarket,Biedronka,,,Biedronka,,,,51.2644533,22.5743882
1018917069,node,supermarket,Biedronka,,,Biedronka,,,,51.6176518,20.5860533
1022546080,node,supermarket,Biedronka,,,Biedronka,,,,49.564797,22.1810155
1027209447,node,supermarket,Biedronka,,,Biedronka,,,,50.299552,18.6448436
1036391686,node,supermarket,Biedronka,,,Biedronka,,,,49.5533603,22.2287164
1036397838,node,supermarket,Kaufland,,,Kaufland,,,,49.5670284,22.2063492
1036419360,node,supermarket,Biedronka,,,Biedronka,,,,49.553204,22.2097521
1036457103,node,supermarket,Stokrotka,,,Stokrotka,,,,53.0409301,16.4613059
1037607064,node,supermarket,Biedronka,,,Biedronka,,,,49.3995986,20.9518071
1037614300,node,supermarket,Auchan,,,Auchan,,,,53.0349842,18.6156073
1038487650,node,supermarket,Biedronka,,,Biedronka,,,,50.2967472,18.6582052
1041854053,node,supermarket,Carrefour Market,,,Carrefour Market,,,,49.5757933,22.1973987
1058859303,node,supermarket,Biedronka,,,Biedronka,,,,49.9629988,20.5985951
1060412108,node,supermarket,Carrefour,,,Carrefour,,,,52.2581221,20.9857109
1076904649,node,supermarket,Biedronka,,,Biedronka,,,,51.0136158,22.5335519
1098202950,node,supermarket,Biedronka,,,Biedronka,,,,51.1444729,23.4405761
1098233035,node,supermarket,Biedronka,,,Biedronka,,,,51.8541365,19.4159391
1102621789,node,supermarket,Lidl,,,Lidl,,,,51.5456426,23.543405
1104507088,node,supermarket,Biedronka,,,Biedronka,,,,50.8970451,18.9348687
1107567262,node,supermarket,Auchan,,,Auchan,,,,50.2561822,18.6576355
1110369826,node,supermarket,Auchan,,,Auchan,,,,52.156107,21.0334003
1110424415,node,supermarket,Auchan,,,Auchan,,,,52.1994568,21.0325147
1112021723,node,supermarket,Biedronka,,,Biedronka,,,,51.1109819,17.0569803
1112021738,node,supermarket,Biedronka,,,Biedronka,,,,51.1231396,17.0520095
1112607827,node,supermarket,Biedronka,,,Biedronka,,,,53.0318194,18.5890903
1116138496,node,supermarket,Biedronka,,,Biedronka,,,,51.1292615,16.9701281
1117682306,node,supermarket,Dino,,,Dino,,,,51.0282714,17.1469169
1120194466,node,supermarket,Biedronka,,,Biedronka,,,,51.0848155,17.0105328
1122204233,node,supermarket,Kaufland,,,Kaufland,,,,52.3790748,20.9205182
1125393455,node,supermarket,Biedronka,,,Biedronka,,,,50.3568739,18.8584652
1127050378,node,supermarket,Netto,,,Netto,,,,52.71057,16.3790349
1137307512,node,supermarket,Biedronka,,,Biedronka,,,,52.166093,20.8065846
1154448612,node,supermarket,Biedronka,,,Biedronka,,,,51.4700058,16.9129373
1167817496,node,supermarket,Kaufland,,,Kaufland,,,,51.1214944,17.0161056
1167982732,node,supermarket,Stokrotka,,,Stokrotka,,,,54.0062503,15.9861902
1169024994,node,supermarket,E.Leclerc,,,E.Leclerc,,,,51.1308463,17.040701
1169040699,node,supermarket,Auchan,,,Auchan,,,,51.1423056,17.0871432
1169046362,node,supermarket,Biedronka,,,Biedronka,,,,51.1447142,17.1377415
1181665787,node,supermarket,Auchan,,,Auchan,,,,52.2465737,21.0854225
1183243881,node,supermarket,Netto,,,Netto,,,,51.8967186,18.9606714
1184415832,node,supermarket,Biedronka,,,Biedronka,,,,53.0208938,18.61564
1184416524,node,supermarket,Lidl,,,Lidl,,,,53.0207079,18.6148475
1205571044,node,supermarket,Stokrotka,,,Stokrotka,,,,51.7650221,19.4550159
1207176792,node,supermarket,Netto,,,Netto,,,,53.1211566,17.9695158
1217307593,node,supermarket,Biedronka,,,Biedronka,,,,51.7576881,19.5439119
1219438243,node,supermarket,Stokrotka,,,Stokrotka,,,,51.7562236,19.5489302
1219480627,node,supermarket,Biedronka,,,Biedronka,,,,51.753561,19.5298226
1229513208,node,supermarket,Biedronka,,,Biedronka,,,,52.1631424,20.805009
1234171328,node,supermarket,Biedronka,,,Biedronka,,,,51.789747,19.4504841
1237711418,node,supermarket,Biedronka,,,Biedronka,,,,51.400922,16.2000039
1250350575,node,supermarket,Carrefour Express,,,Carrefour,,,,52.148108,19.8039134
1265854837,node,supermarket,Carrefour,,,Carrefour,,,,53.1139061,20.3874408
1272564216,node,supermarket,Biedronka,,,Biedronka,,,,50.0079619,19.9590189
1275012034,node,supermarket,Biedronka,,,Biedronka,,,,51.0958295,17.0548475
1275866633,node,supermarket,Stokrotka,,,Stokrotka,,,,53.0747079,21.5890956
1282468919,node,supermarket,Lidl,,,Lidl,,,,52.2088044,20.9209835
1282482320,node,supermarket,Biedronka,,,Biedronka,,,,52.2219951,20.980384
1287695144,node,supermarket,Stokrotka,,,Stokrotka,,,,53.0296988,18.6534471
1288822880,node,supermarket,Biedronka,,,Biedronka,,,,49.8255102,19.0492114
1295520099,node,supermarket,Moje Auchan,,,Moje Auchan,,,,52.3035898,21.1637662
1298278261,node,supermarket,Biedronka,,,Biedronka,,,,50.2008137,19.2762112
1300250590,node,supermarket,Biedronka,,,Biedronka,,,,52.1784849,21.0134968
1303904127,node,supermarket,Biedronka,,,Biedronka,,,,50.2651846,22.4175834
1310136878,node,supermarket,Biedronka,,,Biedronka,,,,51.1199636,17.039414
1316379840,node,supermarket,Carrefour,,,Carrefour,,,,51.9026493,19.9445079
1317816309,node,supermarket,Netto,,,Netto,,,,53.9282345,14.4471317
1323353456,node,supermarket,Biedronka,,,Biedronka,,,,52.3948358,16.9450547
1327899162,node,supermarket,Biedronka,,,Biedronka,,,,50.7738411,19.6862033
1329607615,node,supermarket,Kaufland,,,Kaufland,,,,50.269722,18.8716835
1330778798,node,supermarket,Biedronka,,,Biedronka,,,,50.0760303,19.9281848
1340879671,node,supermarket,Biedronka,,,Biedronka,,,,50.3921981,18.9659858
1342955442,node,supermarket,Lidl,,,Lidl,,,,53.1836644,22.0823161
1344918251,node,supermarket,Intermarché,,,Intermarché,,,,53.4508286,14.5406854
1350332022,node,supermarket,Biedronka,,,Biedronka,,,,51.0705736,19.4517452
1351278248,node,supermarket,Netto,,,Netto,,,,53.0258291,18.7710252
1365168935,node,supermarket,Biedronka,,,Biedronka,,,,50.400313,18.9029985
1366173646,node,supermarket,Biedronka,,,Biedronka,,,,53.4288524,14.4721277
1367780498,node,supermarket,Stokrotka,,,Stokrotka,,,,51.5995257,18.9432227
1369854458,node,supermarket,Stokrotka,,,Stokrotka,,,,52.2897991,21.0309586
1376674009,node,supermarket,Lidl,,,Lidl,,,,50.7394709,23.2518557
1376674010,node,supermarket,Biedronka,,,Biedronka,,,,50.7398154,23.2514353
1385329978,node,supermarket,Netto,,,Netto,,,,54.1743343,15.5891542
1387576100,node,supermarket,Biedronka,,,Biedronka,,,,54.3551956,18.6504142
1389664210,node,supermarket,Carrefour Market,,,Carrefour Market,,,,52.3172856,21.030177
1390973283,node,supermarket,Biedronka,,,Biedronka,,,,50.0732055,20.0250517
1396073179,node,supermarket,Carrefour,,,Carrefour,,,,52.2552193,21.0379008
1402406416,node,supermarket,Stokrotka,,,Stokrotka,,,,53.5395698,14.547626
1402584538,node,supermarket,Biedronka,,,Biedronka,,,,52.3673704,16.9044894
1406370465,node,supermarket,Intermarché,,,Intermarché,,,,52.3204402,16.1212616
1407749211,node,supermarket,Kaufland,,,Kaufland,,,,53.1071598,18.0385579
1409045747,node,supermarket,Biedronka,,,Biedronka,,,,51.2082305,17.3823237
1416905933,node,supermarket,Lidl,,,Lidl,,,,54.4697034,17.0275283
1417526893,node,supermarket,Intermarché,,,Intermarché,,,,49.8920374,18.8175564
1417926763,node,supermarket,Biedronka,,,Biedronka,,,,50.0428944,19.9686759
1419590278,node,supermarket,Auchan,,,Auchan,,,,52.1986191,20.9778877
1420909842,node,supermarket,Biedronka,,,Biedronka,,,,50.6941784,22.9809073
1422213134,node,supermarket,Netto,,,Netto,,,,50.8521617,19.967756
1422213241,node,supermarket,Auchan,,,Auchan,,,,50.8418921,19.9833236
1424010612,node,supermarket,Netto,,,Netto,,,,52.1982813,20.9175424
1426810193,node,supermarket,Biedronka,,,Biedronka,,,,51.1024231,17.0528828
1431255757,node,supermarket,Intermarché,,,Intermarché,,,,49.9741149,19.1460796
1434163364,node,supermarket,Biedronka,,,Biedronka,,,,54.261147,18.6383328
1448227891,node,supermarket,Biedronka,,,Biedronka,,,,50.2258116,18.9762766
1451312588,node,supermarket,Biedronka,,,Biedronka,,,,50.2432541,18.8440166
1460270370,node,supermarket,Biedronka,,,Biedronka,,,,50.4351657,16.2352386
1480295779,node,supermarket,Biedronka,,,Biedronka,,,,54.2062765,16.1792024
1480448474,node,supermarket,Biedronka,,,Biedronka,,,,54.2100296,16.1852153
1486020119,node,supermarket,Biedronka,,,Biedronka,,,,50.2813631,18.6702857
1486245421,node,supermarket,Biedronka,,,Biedronka,,,,53.7795238,20.5023703
1490193540,node,supermarket,Biedronka,,,Biedronka,,,,52.272152,21.0182217
1493537025,node,supermarket,Biedronka,,,Biedronka,,,,52.2035957,20.964615
1502812210,node,supermarket,Stokrotka,,,Stokrotka,,,,53.3844367,21.7299047
1504377364,node,supermarket,Kaufland,,,Kaufland,,,,53.3330139,15.0273127
1507244500,node,supermarket,Stokrotka,,,Stokrotka,,,,53.0242345,18.6098886
1507706749,node,supermarket,Stokrotka,,,Stokrotka,,,,49.5592639,22.2008828
1527929748,node,supermarket,Stokrotka,,,Stokrotka,,,,51.2232221,22.5298692
1530206671,node,supermarket,Biedronka,,,Biedronka,,,,54.2136506,16.2002938
1535053386,node,supermarket,Biedronka,,,Biedronka,,,,50.0269991,19.9206541
1550534775,node,supermarket,Biedronka,,,Biedronka,,,,52.2373316,20.999924
1565216208,node,supermarket,Biedronka,,,Biedronka,,,,50.3645568,18.7992819
1569132094,node,supermarket,Carrefour Market,,,Carrefour Market,,,,53.7657354,20.4291198
1570166877,node,supermarket,Biedronka,,,Biedronka,,,,53.7581595,20.4873774
1572712602,node,supermarket,Biedronka,,,Biedronka,,,,52.4523704,16.9147068
1573771693,node,supermarket,Biedronka,,,Biedronka,,,,50.3216902,19.1970048
1578723132,node,supermarket,Biedronka,,,Biedronka,,,,52.7999905,18.0846331
1580686741,node,supermarket,Biedronka,,,Biedronka,,,,52.2004167,20.9664816
1582366504,node,supermarket,Biedronka,,,Biedronka,,,,53.7642084,20.5027784
1585456143,node,supermarket,Kaufland,,,Kaufland,,,,53.8151322,22.3624429
1587568296,node,supermarket,Carrefour Market,,,Carrefour Market,,,,53.7732563,20.5020429
1591736571,node,supermarket,Biedronka,,,Biedronka,,,,50.706759,23.2598525
1600500092,node,supermarket,Lidl,,,Lidl,,,,51.8962777,17.7921693
1604809539,node,supermarket,Carrefour Market,,,Carrefour Market,,,,53.7530663,20.5000818
1606242437,node,supermarket,Stokrotka,,,Stokrotka,,,,54.3021479,18.5772366
1614293673,node,supermarket,Biedronka,,,Biedronka,,,,53.7983576,22.3577603
1628381117,node,supermarket,Kaufland,,,Kaufland,,,,50.340202,18.1905214
1633668757,node,supermarket,Carrefour,,,Carrefour,,,,54.3219619,18.5503771
1635409059,node,supermarket,Biedronka,,,Biedronka,,,,50.3087597,18.8578112
1638222497,node,supermarket,Stokrotka Optima,,,Stokrotka Optima,,,,51.5452986,23.5476269
1638223455,node,supermarket,Biedronka,,,Biedronka,,,,51.5455588,23.547087
1643459171,node,supermarket,Biedronka,,,Biedronka,,,,51.1279844,16.9898515
1652852062,node,supermarket,Auchan,,,Auchan,,,,50.7295647,19.1559687
1652894907,node,supermarket,Auchan,,,Auchan,,,,52.2309929,21.0606539
1653424437,node,supermarket,Biedronka,,,Biedronka,,,,53.8262916,22.3596098
1654337332,node,supermarket,Carrefour Market,,,Carrefour Market,,,,53.768455,20.4988363
1655306762,node,supermarket,Biedronka,,,Biedronka,,,,53.7628146,20.4717861
1660686628,node,supermarket,Stokrotka Market,,,Stokrotka Market,,,,50.5773034,22.1214083
1666133204,node,supermarket,Biedronka,,,Biedronka,,,,50.3974838,18.8710697
1667957550,node,supermarket,Biedronka,,,Biedronka,,,,53.6981272,17.5784526
1671883897,node,supermarket,Biedronka,,,Biedronka,,,,52.8390441,15.8330689
1673573519,node,supermarket,Biedronka,,,Biedronka,,,,52.2483355,21.0702124
1676754420,node,supermarket,Biedronka,,,Biedronka,,,,51.2807136,17.9926414
1680530236,node,supermarket,Biedronka,,,Biedronka,,,,52.3349476,21.1123616
1690910464,node,supermarket,Lidl,,,Lidl,,,,53.1722503,22.0689645
1696460739,node,supermarket,Stokrotka,,,Stokrotka,,,,51.2300391,22.519302
1699397978,node,supermarket,Stokrotka,,,Stokrotka,,,,51.7570352,19.5341121
1701569926,node,supermarket,Biedronka,,,Biedronka,,,,51.2383679,22.5238681
1702707570,node,supermarket,Stokrotka,,,Stokrotka,,,,53.2586199,19.824227
1702817333,node,supermarket,Biedronka,,,Biedronka,,,,53.8131679,22.359678
1702981094,node,supermarket,Biedronka,,,Biedronka,,,,49.7918117,18.7866362
1703070970,node,supermarket,Lidl,,,Lidl,,,,54.1831096,16.1799642
1703486744,node,supermarket,Auchan,,,Auchan,,,,52.1412169,21.0274063
1704313343,node,supermarket,Biedronka,,,Biedronka,,,,52.3798684,16.9509877
1705888784,node,supermarket,Stokrotka,,,Stokrotka,,,,51.9513386,14.7441171
1706239799,node,supermarket,Biedronka,,,Biedronka,,,,50.3653975,18.8438537
1706985524,node,supermarket,Biedronka,,,Biedronka,,,,51.3670184,19.3785623
1713201491,node,supermarket,Lidl,,,Lidl,,,,54.3227168,18.5527439
1722390452,node,supermarket,Biedronka,,,Biedronka,,,,52.4381379,16.9222733
1731139491,node,supermarket,Biedronka,,,Biedronka,,,,49.9521522,18.606676
1731139503,node,supermarket,Biedronka,,,Biedronka,,,,49.9484519,18.6139935
1733457366,node,supermarket,Biedronka,,,Biedronka,,,,54.3472388,18.6628918
1733534427,node,supermarket,Carrefour,,,Carrefour,,,,51.2006782,16.21491
1736428501,node,supermarket,Biedronka,,,Biedronka,,,,52.4367872,17.7710796
1736428723,node,supermarket,Netto,,,Netto,,,,52.4364302,17.7713939
1738391374,node,supermarket,Kaufland,,,Kaufland,,,,54.5486645,18.5130101
1738391385,node,supermarket,Biedronka,,,Biedronka,,,,54.5482148,18.5326008
1740702610,node,supermarket,Biedronka,,,Biedronka,,,,50.0896302,19.9625182
1743173288,node,supermarket,Stokrotka,,,Stokrotka,,,,51.6957883,20.7240076
1744098698,node,supermarket,Intermarché,,,Intermarché,,,,52.2394707,15.5357863
1744105881,node,supermarket,Netto,,,Netto,,,,53.1539088,16.7537321
1744160655,node,supermarket,Netto,,,Netto,,,,53.6380316,15.6236194
1744160656,node,supermarket,Lidl,,,Lidl,,,,53.6423817,15.6218278
1745131342,node,supermarket,Biedronka,,,Biedronka,,,,54.0050024,15.9889263
1746471588,node,supermarket,Netto,,,Netto,,,,53.9147977,15.1946926
1747323392,node,supermarket,Biedronka,,,Biedronka,,,,53.2056282,23.3441398
1748925008,node,supermarket,Biedronka,,,Biedronka,,,,54.0477647,22.4935577
1749002822,node,supermarket,Carrefour,,,Carrefour,,,,49.9403731,18.5941796
1750765627,node,supermarket,Biedronka,,,Biedronka,,,,52.2014035,21.0339463
1751761186,node,supermarket,Stokrotka,,,Stokrotka,,,,51.232054,22.5369719
1755971344,node,supermarket,Biedronka,,,Biedronka,,,,54.3250123,18.617673
1756612976,node,supermarket,Intermarché,,,Intermarché,,,,51.6456459,16.1104857
1757325187,node,supermarket,Kaufland,,,Kaufland,,,,51.6087046,18.939601
1758328123,node,supermarket,Netto,,,Netto,,,,49.9733985,19.830328
1762049645,node,supermarket,Netto,,,Netto,,,,53.9713307,14.7722982
1762494181,node,supermarket,Netto,,,Netto,,,,49.6806703,19.1877159
1762498756,node,supermarket,Biedronka,,,Biedronka,,,,49.6836422,19.2144353
1762499091,node,supermarket,Stokrotka,,,Stokrotka,,,,49.6843319,19.2133942
1763043115,node,supermarket,Stokrotka,,,Stokrotka,,,,50.2316682,18.9882046
1763410428,node,supermarket,Biedronka,,,Biedronka,,,,49.951367,18.5957359
1765062443,node,supermarket,Biedronka,,,Biedronka,,,,50.8305205,19.0688952
1766553999,node,supermarket,Biedronka,,,Biedronka,,,,54.1647785,19.4002561
1767686350,node,supermarket,Stokrotka,,,Stokrotka,,,,51.1464094,17.1349594
1768352447,node,supermarket,Biedronka,,,Biedronka,,,,51.4170169,19.6744388
1771741183,node,supermarket,Carrefour,,,Carrefour,,,,51.4118703,19.6679206
1772035381,node,supermarket,Biedronka,,,Biedronka,,,,54.5518908,18.5084444
1772790884,node,supermarket,Biedronka,,,Biedronka,,,,53.4211584,14.5337229
1772870948,node,supermarket,Biedronka,,,Biedronka,,,,50.272108,18.8549311
1773687273,node,supermarket,Auchan,,,Auchan,,,,52.2347585,20.9597469
1782500338,node,supermarket,Biedronka,,,Biedronka,,,,52.2891853,17.8737544
1782500340,node,supermarket,Biedronka,,,Biedronka,,,,52.2940678,17.8743806
1783423935,node,supermarket,Biedronka,,,Biedronka,,,,51.1085188,17.0343184
1783448157,node,supermarket,Biedronka,,,Biedronka,,,,49.7287295,19.6790351
1789184111,node,supermarket,Stokrotka,,,Stokrotka,,,,50.2777139,18.9762102
1790281949,node,supermarket,Carrefour,,,Carrefour,,,,51.7665736,18.0608592
1790325380,node,supermarket,Biedronka,,,Biedronka,,,,50.420443,18.1202166
1792414253,node,supermarket,Biedronka,,,Biedronka,,,,51.7527805,18.0496549
1792706035,node,supermarket,Biedronka,,,Biedronka,,,,54.7952732,18.4028202
1794087239,node,supermarket,Biedronka,,,Biedronka,,,,51.0502327,16.1979993
1796161037,node,supermarket,Stokrotka,,,Stokrotka,,,,52.3680115,16.8113829
1797993624,node,supermarket,Biedronka,,,Biedronka,,,,49.8064408,19.034117
1799084783,node,supermarket,Auchan,,,Auchan,,,,52.1354527,20.705091
1799451591,node,supermarket,Carrefour,,,Carrefour,,,,50.2895177,19.1511687
1802439118,node,supermarket,Biedronka,,,Biedronka,,,,49.8758852,19.1330582
1802573556,node,supermarket,Carrefour,,,Carrefour,,,,50.3456321,18.850254
1802585012,node,supermarket,Biedronka,,,Biedronka,,,,51.393039,21.1565403
1802660649,node,supermarket,Biedronka,,,Biedronka,,,,51.8096643,20.474585
1803349605,node,supermarket,Stokrotka,,,Stokrotka,,,,54.2072693,16.1851429
1804925903,node,supermarket,Netto,,,Netto,,,,54.5830818,16.8591278
1806708737,node,supermarket,Biedronka,,,Biedronka,,,,52.2512634,21.0032067
1811662748,node,supermarket,Biedronka,,,Biedronka,,,,50.3128139,18.8861897
1815123689,node,supermarket,Lidl,,,Lidl,,,,51.4665704,21.4332161
1816355139,node,supermarket,Stokrotka,,,Stokrotka,,,,51.4770785,21.4426516
1818769450,node,supermarket,Biedronka,,,Biedronka,,,,50.2870308,18.9241502
1820767459,node,supermarket,Stokrotka,,,Stokrotka,,,,53.7542798,20.4926314
1820788007,node,supermarket,Biedronka,,,Biedronka,,,,53.7537753,20.4947345
1820791990,node,supermarket,Auchan,,,Auchan,,,,53.7503944,20.4828014
1820801703,node,supermarket,Lidl,,,Lidl,,,,53.7411523,20.4960784
1821980987,node,supermarket,Carrefour,,,Carrefour,,,,52.1600542,22.2522952
1826091882,node,supermarket,Biedronka,,,Biedronka,,,,53.9281725,14.4455612
1826216830,node,supermarket,Dino,,,Dino,,,,52.355563,16.677277
1832018038,node,supermarket,Lidl,,,Lidl,,,,52.740879,15.2332499
1832715611,node,supermarket,Biedronka,,,Biedronka,,,,50.0934188,20.0223255
1833694975,node,supermarket,Biedronka,,,Biedronka,,,,52.5344166,17.574393
1834222116,node,supermarket,Biedronka,,,Biedronka,,,,50.7141824,23.2805574
1835749142,node,supermarket,Biedronka,,,Biedronka,,,,53.1001876,17.9205249
1837682228,node,supermarket,Biedronka,,,Biedronka,,,,50.1589255,18.8472434
1841088432,node,supermarket,Stokrotka,,,Stokrotka,,,,50.3792012,19.7572122
1841126048,node,supermarket,Kaufland,,,Kaufland,,,,51.4156307,19.6779513
1842626576,node,supermarket,Auchan,,,Auchan,,,,51.2659682,22.55985
1844484137,node,supermarket,Biedronka,,,Biedronka,,,,54.5547444,18.5230804
1844971233,node,supermarket,Biedronka,,,Biedronka,,,,53.9137769,14.2352006
1845444529,node,supermarket,Kaufland,,,Kaufland,,,,52.7416443,23.5879198
1845444546,node,supermarket,Biedronka,,,Biedronka,,,,52.7336059,23.5969952
1845731576,node,supermarket,Biedronka,,,Biedronka,,,,51.6622322,19.3737394
1847688252,node,supermarket,Biedronka,,,Biedronka,,,,51.8508329,16.5692342
1849116070,node,supermarket,Biedronka,,,Biedronka,,,,53.3105075,22.9199222
1851310381,node,supermarket,Biedronka,,,Biedronka,,,,50.304316,19.0060683
1853296128,node,supermarket,Lidl,,,Lidl,,,,52.1343012,20.8961715
1856353979,node,supermarket,Carrefour,,,Carrefour,,,,50.0446322,19.2071914
1857172461,node,supermarket,Biedronka,,,Biedronka,,,,51.9555529,19.7291252
1857509428,node,supermarket,Biedronka,,,Biedronka,,,,51.2700034,22.5594398
1857980716,node,supermarket,Carrefour,,,Carrefour,,,,51.088781,16.9976827
1863121769,node,supermarket,Biedronka,,,Biedronka,,,,52.7792708,20.1189092
1864415057,node,supermarket,Carrefour,,,Carrefour,,,,51.1051195,16.9462657
1864886714,node,supermarket,Stokrotka,,,Stokrotka,,,,52.3627125,16.9070432
1867293682,node,supermarket,Biedronka,,,Biedronka,,,,53.0257223,20.8895671
1870619828,node,supermarket,Biedronka,,,Biedronka,,,,52.7021799,21.0754137
1875151619,node,supermarket,Biedronka,,,Biedronka,,,,52.6103832,21.4534143
1876326809,node,supermarket,Biedronka,,,Biedronka,,,,51.8017772,19.7563011
1876787072,node,supermarket,Biedronka,,,Biedronka,,,,51.7637052,20.2562962
1880149758,node,supermarket,Carrefour,,,Carrefour,,,,52.3048565,21.0584489
1882228784,node,supermarket,Biedronka,,,Biedronka,,,,53.4837972,18.7515332
1886591088,node,supermarket,Biedronka,,,Biedronka,,,,51.7436585,19.4887306
1888932200,node,supermarket,Biedronka,,,Biedronka,,,,51.255637,22.5796671
1889535803,node,supermarket,Carrefour Market,,,Carrefour Market,,,,51.3837821,21.1580365
1889535808,node,supermarket,Lidl,,,Lidl,,,,51.3915805,21.1410807
1891135346,node,supermarket,Biedronka,,,Biedronka,,,,50.1150308,19.0060713
1891962741,node,supermarket,Biedronka,,,Biedronka,,,,51.8008221,16.3128177
1891992810,node,supermarket,Biedronka,,,Biedronka,,,,50.0183496,22.0036186
1892261093,node,supermarket,Intermarché Super,,,Intermarché Super,,,,51.3337467,16.6581112
1893500099,node,supermarket,Biedronka,,,Biedronka,,,,50.0768598,19.9307097
1895966195,node,supermarket,Biedronka,,,Biedronka,,,,50.8393965,16.472737
1899098035,node,supermarket,Auchan,,,Auchan,,,,50.8760549,20.6369964
1901886507,node,supermarket,Auchan,,,Auchan,,,,50.3132618,18.6172522
1902357620,node,supermarket,Carrefour Market,,,Carrefour Market,,,,51.4063445,21.1547795
1903070501,node,supermarket,Netto,,,Netto,,,,52.2447086,16.8427157
1904747342,node,supermarket,Intermarché,,,Intermarché,,,,50.9821013,18.2201383
1905628799,node,supermarket,Stokrotka,,,Stokrotka,,,,51.7947066,19.4028962
1910210605,node,supermarket,Biedronka,,,Biedronka,,,,50.4776485,17.3243563
1913827538,node,supermarket,Biedronka,,,Biedronka,,,,54.1894316,16.1849776
1914971507,node,supermarket,Biedronka,,,Biedronka,,,,51.0572277,16.1785116
1915175252,node,supermarket,Biedronka,,,Biedronka,,,,53.6104073,22.0625039
1915819006,node,supermarket,Biedronka,,,Biedronka,,,,50.6846122,21.7385563
1917978578,node,supermarket,Lidl,,,Lidl,,,,52.3056197,21.0794076
1917983238,node,supermarket,Auchan,,,Auchan,,,,52.3057488,21.0866908
1926026572,node,supermarket,Stokrotka,,,Stokrotka,,,,50.1023977,18.5239045
1928601515,node,supermarket,Biedronka,,,Biedronka,,,,50.2802478,18.976968
1937657822,node,supermarket,Biedronka,,,Biedronka,,,,50.2800243,19.554449
1944399608,node,supermarket,Biedronka,,,Biedronka,,,,50.716674,23.2342466
1946960766,node,supermarket,Biedronka,,,Biedronka,,,,52.38135,16.7451617
1967580513,node,supermarket,Biedronka,,,Biedronka,,,,52.3905531,20.9213718
1967677030,node,supermarket,Netto,,,Netto,,,,50.0060917,19.8765269
1969678642,node,supermarket,E. Leclerc,,,E. Leclerc,,,,51.2399646,22.5192049
1977838451,node,supermarket,Biedronka,,,Biedronka,,,,54.3510106,18.5561152
1981539555,node,supermarket,Biedronka,,,Biedronka,,,,51.3777749,21.1428683
1985400356,node,supermarket,Stokrotka,,,Stokrotka,,,,50.7168778,23.281315
1987172577,node,supermarket,Biedronka,,,Biedronka,,,,50.0835034,18.2109333
1991569254,node,supermarket,Biedronka,,,Biedronka,,,,52.1722249,21.0389351
1997112376,node,supermarket,Biedronka,,,Biedronka,,,,51.1086249,17.038107
1998847392,node,supermarket,Biedronka,,,Biedronka,,,,54.4570176,18.552478
2001107214,node,supermarket,Biedronka,,,Biedronka,,,,50.2868607,19.1798989
2009712734,node,supermarket,Biedronka,,,Biedronka,,,,52.1058537,19.9148448
2010536303,node,supermarket,Biedronka,,,Biedronka,,,,51.1192792,16.9792054
2012396733,node,supermarket,Stokrotka,,,Stokrotka,,,,52.3866786,16.9751765
2012396754,node,supermarket,Biedronka,,,Biedronka,,,,52.3862724,16.9769094
2014665041,node,supermarket,Biedronka,,,Biedronka,,,,50.2658465,18.8818369
2027638583,node,supermarket,Netto,,,Netto,,,,51.7372532,19.3843029
2029604996,node,supermarket,Biedronka,,,Biedronka,,,,50.4297839,21.2752164
2029727886,node,supermarket,Biedronka,,,Biedronka,,,,50.3961194,18.8804823
2029821624,node,supermarket,Biedronka,,,Biedronka,,,,53.1070988,18.0397222
2031408342,node,supermarket,E.Leclerc,,,E.Leclerc,,,,54.4100426,18.5918995
2036901158,node,supermarket,Stokrotka,,,Stokrotka,,,,51.7488401,18.0761956
2059021510,node,supermarket,Biedronka,,,Biedronka,,,,50.0450808,19.9506365
2070954310,node,supermarket,Biedronka,,,Biedronka,,,,50.0412058,22.0033982
2071243278,node,supermarket,Netto,,,Netto,,,,51.5913391,21.5422878
2075204697,node,supermarket,Biedronka,,,Biedronka,,,,50.2031658,17.8265985
2081242749,node,supermarket,Auchan,,,Auchan,,,,53.1240362,17.9845811
2089773637,node,supermarket,Biedronka,,,Biedronka,,,,51.4068548,21.1574908
2090011931,node,supermarket,Stokrotka,,,Stokrotka,,,,52.06351,21.47761
2091080151,node,supermarket,Biedronka,,,Biedronka,,,,52.233025,18.2477437
2099938139,node,supermarket,Biedronka,,,Biedronka,,,,51.0735836,17.7030651
2101516053,node,supermarket,Biedronka,,,Biedronka,,,,52.4265612,20.7188218
2104604915,node,supermarket,Intermarché,,,Intermarché,,,,53.263557,14.4913342
2107063793,node,supermarket,Biedronka,,,Biedronka,,,,54.4692831,18.4687901
2109125199,node,supermarket,Auchan,,,Auchan,,,,52.4108457,16.8602959
2111896701,node,supermarket,Lidl,,,Lidl,,,,50.3665434,18.7916945
2112649173,node,supermarket,Intermarché,,,Intermarché,,,,50.7264142,23.2643381
2117339943,node,supermarket,Biedronka,,,Biedronka,,,,52.7314608,15.2415753
2117339945,node,supermarket,Biedronka,,,Biedronka,,,,52.7358614,15.1985832
2117925278,node,supermarket,Lidl,,,Lidl,,,,50.1940104,18.9840015
2119007447,node,supermarket,Biedronka,,,Biedronka,,,,50.2218244,19.0638945
2119188059,node,supermarket,Biedronka,,,Biedronka,,,,50.2364718,18.9932777
2120088700,node,supermarket,Carrefour,,,Carrefour,,,,50.2679867,19.0623386
2120185982,node,supermarket,Lidl,,,Lidl,,,,50.2763915,19.0181544
2120229710,node,supermarket,Auchan,,,Auchan,,,,50.2427498,19.0375431
2120921401,node,supermarket,Auchan,,,Auchan,,,,50.2741889,18.9686289
2120921437,node,supermarket,Lidl,,,Lidl,,,,50.2675382,18.9735872
2121817060,node,supermarket,Biedronka,,,Biedronka,,,,50.2660986,18.9973329
2122820687,node,supermarket,Carrefour,,,Carrefour,,,,50.7052118,23.2827918
2122978617,node,supermarket,Netto,,,Netto,,,,54.3107981,18.5676141
2126492415,node,supermarket,Stokrotka,,,Stokrotka,,,,50.2996826,18.8237475
2126686301,node,supermarket,Netto,,,Netto,,,,53.3812296,14.6722071
2127458964,node,supermarket,Biedronka,,,Biedronka,,,,50.3030981,18.7909631
2127505528,node,supermarket,Biedronka,,,Biedronka,,,,52.2530978,20.9883535
2127602142,node,supermarket,Netto,,,Netto,,,,50.3043104,18.7626202
2127709644,node,supermarket,Biedronka,,,Biedronka,,,,50.3184082,18.7763099
2133490015,node,supermarket,Biedronka,,,Biedronka,,,,54.6024374,18.3536503
2136536330,node,supermarket,Biedronka,,,Biedronka,,,,50.3039954,18.7845287
2141216458,node,supermarket,Netto,,,Netto,,,,52.2142272,22.7110707
2143744676,node,supermarket,Biedronka,,,Biedronka,,,,50.7925137,16.8438649
2144006083,node,supermarket,Lidl,,,Lidl,,,,53.483844,18.7499507
2145900422,node,supermarket,Carrefour,,,Carrefour,,,,53.7504837,20.5058094
2147008656,node,supermarket,Biedronka,,,Biedronka,,,,50.0149963,18.4941421
2147605616,node,supermarket,Stokrotka,,,Stokrotka,,,,50.2760628,19.1405767
2147607953,node,supermarket,Biedronka,,,Biedronka,,,,49.7204748,19.0409565
2150422287,node,supermarket,Biedronka,,,Biedronka,,,,52.1810327,21.0262756
2154769446,node,supermarket,E. Leclerc,,,E. Leclerc,,,,54.1766723,15.5948794
2157219545,node,supermarket,Biedronka,,,Biedronka,,,,52.7392289,15.2205782
2162744385,node,supermarket,Netto,,,Netto,,,,49.9125375,18.9976412
2164991172,node,supermarket,Biedronka,,,Biedronka,,,,53.4820781,14.542784
2165336710,node,supermarket,Biedronka,,,Biedronka,,,,53.4547522,14.5521209
2167345866,node,supermarket,Biedronka,,,Biedronka,,,,49.8780706,19.5162507
2167724280,node,supermarket,Stokrotka,,,Stokrotka,,,,49.9493005,18.593809
2175771456,node,supermarket,Biedronka,,,Biedronka,,,,51.0416911,21.0807919
2178898472,node,supermarket,Biedronka,,,Biedronka,,,,50.0427876,18.6866783
2178954689,node,supermarket,Netto,,,Netto,,,,50.0407608,18.6814357
2186637809,node,supermarket,Biedronka,,,Biedronka,,,,51.8651365,20.8595023
2187499130,node,supermarket,Biedronka,,,Biedronka,,,,50.2661706,18.8947913
2187582573,node,supermarket,Netto,,,Netto,,,,50.2771184,18.9761095
2191382694,node,supermarket,Biedronka,,,Biedronka,,,,52.0023621,20.5574325
2199170983,node,supermarket,Biedronka,,,Biedronka,,,,53.8065573,15.2663737
2201552290,node,supermarket,Biedronka,,,Biedronka,,,,52.2865459,16.8571874
2201834498,node,supermarket,Biedronka,,,Biedronka,,,,50.0945822,18.2299006
2208481617,node,supermarket,Biedronka,,,Biedronka,,,,50.3276802,18.7860994
2213337574,node,supermarket,Biedronka,,,Biedronka,,,,50.6741185,17.9621282
2213337578,node,supermarket,Netto,,,Netto,,,,50.6725332,17.9628613
2213751349,node,supermarket,Biedronka,,,Biedronka,,,,52.1753508,22.2739427
2217296593,node,supermarket,Biedronka,,,Biedronka,,,,51.2325669,22.5985246
2225302957,node,supermarket,Biedronka,,,Biedronka,,,,53.1850888,18.6053433
2228944969,node,supermarket,Biedronka,,,Biedronka,,,,53.1406759,23.1750264
2232363818,node,supermarket,Biedronka,,,Biedronka,,,,50.2954405,18.7842396
2239364310,node,supermarket,Lidl,,,Lidl,,,,51.2723115,16.7068955
2242866148,node,supermarket,Stokrotka,,,Stokrotka,,,,52.3324133,20.9485412
2251175786,node,supermarket,Kaufland,,,Kaufland,,,,54.1660098,19.4015536
2254641463,node,supermarket,Stokrotka,,,Stokrotka,,,,50.1067491,18.9973651
2254665049,node,supermarket,Biedronka,,,Biedronka,,,,50.1006585,18.9934105
2254667279,node,supermarket,Biedronka,,,Biedronka,,,,50.1270511,18.9880522
2259869366,node,supermarket,Biedronka,,,Biedronka,,,,51.6012975,18.9569303
2261231732,node,supermarket,Biedronka,,,Biedronka,,,,50.7557435,16.2054158
2262718672,node,supermarket,Biedronka,,,Biedronka,,,,52.2335231,20.9876509
2264796980,node,supermarket,Biedronka,,,Biedronka,,,,50.0870639,18.2174188
2271179399,node,supermarket,Biedronka,,,Biedronka,,,,49.8554192,19.3352678
2272104730,node,supermarket,Lidl,,,Lidl,,,,50.0781036,19.1630915
2272478956,node,supermarket,Biedronka,,,Biedronka,,,,54.0333417,22.4970044
2272584674,node,supermarket,Biedronka,,,Biedronka,,,,54.0343513,22.5062424
2275887716,node,supermarket,Biedronka,,,Biedronka,,,,51.0304909,16.7613078
2278705655,node,supermarket,Biedronka,,,Biedronka,,,,52.7839634,15.2162302
2283052948,node,supermarket,Biedronka,,,Biedronka,,,,53.4017723,23.485987
2283519819,node,supermarket,Biedronka,,,Biedronka,,,,52.3904259,16.9028655
2285003861,node,supermarket,Kaufland,,,Kaufland,,,,50.3205611,19.1312039
2291218096,node,supermarket,Biedronka,,,Biedronka,,,,52.5476263,19.7174163
2294603480,node,supermarket,Netto,,,Netto,,,,51.140586,17.0705084
2297560355,node,supermarket,Auchan,,,Auchan,,,,52.2673496,20.9635441
2308132946,node,supermarket,Dino,,,Dino,,,,51.6844011,17.4705132
2317403960,node,supermarket,Dino,,,Dino,,,,51.8496781,16.5625781
2321606862,node,supermarket,Biedronka,,,Biedronka,,,,50.5256131,16.8840408
2321670733,node,supermarket,Biedronka,,,Biedronka,,,,53.0200637,18.5969379
2323053990,node,supermarket,Lidl,,,Lidl,,,,51.5946214,18.9516643
2327962157,node,supermarket,Biedronka,,,Biedronka,,,,53.3493729,18.4252095
2328324001,node,supermarket,Stokrotka,,,Stokrotka,,,,51.2528325,22.5236096
2330023514,node,supermarket,Stokrotka,,,Stokrotka,,,,53.1434273,23.1065216
2339494506,node,supermarket,Biedronka,,,Biedronka,,,,54.5480963,18.4430938
2339644809,node,supermarket,Biedronka,,,Biedronka,,,,54.5224728,18.5436966
2339666817,node,supermarket,Biedronka,,,Biedronka,,,,54.5181248,18.54138
2339682060,node,supermarket,Carrefour,,,Carrefour,,,,50.0587142,21.9784231
2341228740,node,supermarket,Biedronka,,,Biedronka,,,,54.2157861,15.7537115
2341946644,node,supermarket,Biedronka,,,Biedronka,,,,52.6395626,19.0443491
2343758495,node,supermarket,Dino,,,Dino,,,,51.7015056,17.4376555
2344383973,node,supermarket,Dino,,,Dino,,,,51.7062603,17.4363285
2344384363,node,supermarket,Dino,,,Dino,,,,51.6981887,17.4348404
2344730359,node,supermarket,Biedronka,,,Biedronka,,,,54.3891766,18.5899493
2344730360,node,supermarket,Biedronka,,,Biedronka,,,,54.4048801,18.6254803
2349066013,node,supermarket,Biedronka,,,Biedronka,,,,51.6974301,17.4388261
2350021810,node,supermarket,Netto,,,Netto,,,,50.862552,20.6462465
2365005918,node,supermarket,Carrefour,,,Carrefour,,,,50.6867724,17.9792983
2365572920,node,supermarket,Dino,,,Dino,,,,51.075291,17.7291515
2367761270,node,supermarket,Kaufland,,,Kaufland,,,,50.513358,18.2884843
2372884808,node,supermarket,Biedronka,,,Biedronka,,,,51.1227314,16.9744599
2374082429,node,supermarket,Carrefour Express,,,Carrefour Express,,,,52.2961638,20.9408739
2374255254,node,supermarket,Biedronka,,,Biedronka,,,,53.5070099,19.7510145
2377721873,node,supermarket,Biedronka,,,Biedronka,,,,50.2864207,18.7289478
2379815181,node,supermarket,Netto,,,Netto,,,,54.1735355,17.490621
2384809917,node,supermarket,Biedronka,,,Biedronka,,,,52.3990545,17.0655242
2385619815,node,supermarket,Biedronka,,,Biedronka,,,,50.1397961,19.4035953
2387970892,node,supermarket,Biedronka,,,Biedronka,,,,54.2815336,20.4894905
2390804536,node,supermarket,Netto,,,Netto,,,,52.5853898,14.6518677
2394254775,node,supermarket,Auchan,,,Auchan,,,,50.0286672,19.9516961
2398288183,node,supermarket,Biedronka,,,Biedronka,,,,50.0738806,18.4253712
2398827834,node,supermarket,Biedronka,,,Biedronka,,,,51.2291922,22.5149545
2404039768,node,supermarket,Biedronka,,,Biedronka,,,,50.6823451,17.9420992
2405943924,node,supermarket,Stokrotka,,,Stokrotka,,,,49.5487909,22.2112183
2407714014,node,supermarket,Biedronka,,,Biedronka,,,,54.1279541,20.5762929
2408584487,node,supermarket,Biedronka,,,Biedronka,,,,53.8367962,22.9777713
2408584488,node,supermarket,Biedronka,,,Biedronka,,,,53.8370818,22.9884045
2409310818,node,supermarket,Netto,,,Netto,,,,53.1703848,15.4168487
2409310851,node,supermarket,Netto,,,Netto,,,,53.1667138,15.4260216
2409475889,node,supermarket,Biedronka,,,Biedronka,,,,54.4910864,18.5422766
2409700075,node,supermarket,Biedronka,,,Biedronka,,,,52.5643541,14.8131303
2410775936,node,supermarket,Stokrotka,,,Stokrotka,,,,52.2561462,19.1672909
2417988760,node,supermarket,Biedronka,,,Biedronka,,,,52.014071,18.5003007
2418294588,node,supermarket,Biedronka,,,Biedronka,,,,52.3990323,20.9346243
2425467712,node,supermarket,Biedronka,,,Biedronka,,,,49.9654593,18.619632
2425575684,node,supermarket,Kaufland,,,Kaufland,,,,49.9509931,18.6050826
2428299423,node,supermarket,Netto,,,Netto,,,,50.8223235,16.2750303
2430258158,node,supermarket,Stokrotka,,,Stokrotka,,,,51.2450361,22.5492199
2431841976,node,supermarket,Biedronka,,,Biedronka,,,,51.7777423,20.6974212
2437335421,node,supermarket,Kaufland,,,Kaufland,,,,50.71911,23.2649093
2439693046,node,supermarket,Netto,,,Netto,,,,53.3622213,20.4166161
2449724461,node,supermarket,Biedronka,,,Biedronka,,,,50.8276528,16.2787427
2451406532,node,supermarket,Biedronka,,,Biedronka,,,,51.11524,17.0527101
2451859668,node,supermarket,Netto,,,Netto,,,,52.3975877,16.9248166
2457528455,node,supermarket,Biedronka,,,Biedronka,,,,51.9800799,22.7806902
2457655149,node,supermarket,Biedronka,,,Biedronka,,,,53.9914136,18.1749883
2458613159,node,supermarket,Biedronka,,,Biedronka,,,,52.5407293,19.7081682
2459051652,node,supermarket,Auchan,,,Auchan,,,,49.7519125,18.6559875
2460320011,node,supermarket,Biedronka,,,Biedronka,,,,53.7905244,18.5114173
2460758203,node,supermarket,Stokrotka,,,Stokrotka,,,,49.5667659,22.2007127
2464127119,node,supermarket,Biedronka,,,Biedronka,,,,51.7618325,18.0776722
2465844161,node,supermarket,Biedronka,,,Biedronka,,,,54.4450078,18.559638
2466984157,node,supermarket,Biedronka,,,Biedronka,,,,53.0650748,19.4318877
2469454016,node,supermarket,Stokrotka Market,,,Stokrotka Market,,,,51.2294426,20.8609812
2471284495,node,supermarket,Biedronka,,,Biedronka,,,,54.0577142,19.6684621
2475090736,node,supermarket,Biedronka,,,Biedronka,,,,51.5342274,20.0122643
2477694618,node,supermarket,Biedronka,,,Biedronka,,,,50.3476394,18.921651
2477926608,node,supermarket,Biedronka,,,Biedronka,,,,53.0118171,18.6096439
2478133300,node,supermarket,Dino,,,Dino,,,,52.9740842,18.0888859
2479929232,node,supermarket,Netto,,,Netto,,,,49.993744,20.2947261
2480282407,node,supermarket,Biedronka,,,Biedronka,,,,53.1578795,18.1626574
2482623958,node,supermarket,Kaufland,,,Kaufland,,,,50.2976972,18.8524129
2483392355,node,supermarket,Biedronka,,,Biedronka,,,,53.0106828,18.6070968
2484107261,node,supermarket,Stokrotka,,,Stokrotka,,,,51.2465949,22.534752
2485491569,node,supermarket,Biedronka,,,Biedronka,,,,49.7878659,22.7657452
2488489795,node,supermarket,Biedronka,,,Biedronka,,,,51.8395628,16.5788234
2489176612,node,supermarket,Biedronka,,,Biedronka,,,,50.3173358,19.1681332
2491154979,node,supermarket,Biedronka,,,Biedronka,,,,53.4295792,14.5435012
2491472132,node,supermarket,Biedronka,,,Biedronka,,,,51.6127677,16.8599504
2493009431,node,supermarket,Biedronka,,,Biedronka,,,,53.4428511,14.5547231
2496660477,node,supermarket,Biedronka,,,Biedronka,,,,49.6493277,19.8366163
2498443564,node,supermarket,Netto,,,Netto,,,,53.4247269,19.589595
2498443581,node,supermarket,Biedronka,,,Biedronka,,,,53.4256594,19.5938929
2499773290,node,supermarket,Biedronka,,,Biedronka,,,,50.5725906,21.6659089
2508228692,node,supermarket,Biedronka,,,Biedronka,,,,52.3298262,17.562764
2512155317,node,supermarket,Stokrotka,,,Stokrotka,,,,51.2321284,22.5908576
2516442876,node,supermarket,Biedronka,,,Biedronka,,,,49.6750176,20.0782088
2517155139,node,supermarket,Biedronka,,,Biedronka,,,,52.7511275,15.2503882
2521160159,node,supermarket,Stokrotka,,,Stokrotka,,,,49.9851822,21.9453386
2524555078,node,supermarket,Biedronka,,,Biedronka,,,,51.199595,16.213057
2525193312,node,supermarket,Biedronka,,,Biedronka,,,,51.7391356,19.4660411
2528619469,node,supermarket,Kaufland,,,Kaufland,,,,51.2352042,22.4929138
2529685053,node,supermarket,Stokrotka,,,Stokrotka,,,,51.2171293,22.6977884
2535770623,node,supermarket,Biedronka,,,Biedronka,,,,52.1583985,21.0378403
2546502161,node,supermarket,Carrefour Market,,,Carrefour Market,,,,52.229822,21.0023394
2548265062,node,supermarket,Biedronka,,,Biedronka,,,,52.2358716,20.9950724
2548494640,node,supermarket,Stokrotka,,,Stokrotka,,,,54.2494463,20.8063845
2550147568,node,supermarket,Biedronka,,,Biedronka,,,,54.3547241,18.6462955
2552393647,node,supermarket,Biedronka,,,Biedronka,,,,51.7637492,19.4407108
2552459303,node,supermarket,Biedronka,,,Biedronka,,,,49.9764406,18.9457608
2558240274,node,supermarket,Lidl,,,Lidl,,,,50.0786229,19.8790366
2559834430,node,supermarket,Stokrotka,,,Stokrotka,,,,54.2528074,20.8026852
2581630861,node,supermarket,Stokrotka,,,Stokrotka,,,,53.7344934,20.5087857
2581630891,node,supermarket,Biedronka,,,Biedronka,,,,53.7633074,20.4972672
2591323934,node,supermarket,Biedronka,,,Biedronka,,,,52.1697451,20.994864
2592726069,node,supermarket,Biedronka,,,Biedronka,,,,52.9914633,17.4827996
2593345795,node,supermarket,Biedronka,,,Biedronka,,,,52.0095831,16.5257854
2593678196,node,supermarket,Biedronka,,,Biedronka,,,,51.2003416,22.5866534
2593678202,node,supermarket,Biedronka,,,Biedronka,,,,51.2338948,22.4992421
2593678214,node,supermarket,Biedronka,,,Biedronka,,,,51.2769432,22.5077709
2593678220,node,supermarket,Stokrotka,,,Stokrotka,,,,51.1944658,22.5842525
2593718445,node,supermarket,Stokrotka,,,Stokrotka,,,,51.24883,22.5357236
2593718447,node,supermarket,Stokrotka,,,Stokrotka,,,,51.2651694,22.5211644
2593718449,node,supermarket,Stokrotka,,,Stokrotka,,,,51.2690548,22.5771019
2593718450,node,supermarket,Stokrotka,,,Stokrotka,,,,51.2733403,22.5550412
2597772271,node,supermarket,Biedronka,,,Biedronka,,,,53.0655431,19.4133153
2599700574,node,supermarket,Biedronka,,,Biedronka,,,,50.2600364,18.9789616
2600417201,node,supermarket,Biedronka,,,Biedronka,,,,52.2373184,21.1139829
2611951784,node,supermarket,Dino,,,Dino,,,,51.3390872,16.6458556
2615847404,node,supermarket,Netto,,,Netto,,,,53.8472999,14.611254
2618368168,node,supermarket,Lidl,,,Lidl,,,,54.4330932,18.5625748
2618985469,node,supermarket,Stokrotka,,,Stokrotka,,,,53.3619199,20.4211127
2620001214,node,supermarket,Biedronka,,,Biedronka,,,,52.2788603,21.1182308
2624013602,node,supermarket,Biedronka,,,Biedronka,,,,52.1567202,21.0725687
2627743838,node,supermarket,Biedronka,,,Biedronka,,,,51.6495539,17.8070731
2632243820,node,supermarket,Dino,,,Dino,,,,51.234504,17.7071666
2632327152,node,supermarket,Biedronka,,,Biedronka,,,,51.5225194,20.0164992
2633012362,node,supermarket,Biedronka,,,Biedronka,,,,52.2012406,20.9374559
2633551208,node,supermarket,Stokrotka Market,,,Stokrotka Market,,,,52.2821079,21.1305406
2640099466,node,supermarket,Biedronka,,,Biedronka,,,,51.1635329,16.5879674
2640761493,node,supermarket,Biedronka,,,Biedronka,,,,51.3746563,22.257906
2641875444,node,supermarket,Carrefour Market,,,Carrefour Market,,,,52.4090418,16.9847992
2646079054,node,supermarket,Dino,,,Dino,,,,51.8964127,17.786924
2646630572,node,supermarket,Biedronka,,,Biedronka,,,,51.8920985,17.7831171
2648600778,node,supermarket,Dino,,,Dino,,,,52.2259492,17.2856795
2652628861,node,supermarket,Biedronka,,,Biedronka,,,,50.2999363,18.6747443
2653500174,node,supermarket,Biedronka,,,Biedronka,,,,50.8528813,17.45899
2661108119,node,supermarket,Netto,,,Netto,,,,54.5639166,18.4997596
2661229386,node,supermarket,Netto,,,Netto,,,,50.7865192,19.1476091
2661610582,node,supermarket,Carrefour Market,,,Carrefour Market,,,,52.1298218,20.7091658
2665827086,node,supermarket,Kaufland,,,Kaufland,,,,50.8249787,19.099772
2668434378,node,supermarket,Biedronka,,,Biedronka,,,,53.4052716,22.8121579
2671765718,node,supermarket,Carrefour,,,Carrefour,,,,50.281286,19.5682255
2673035162,node,supermarket,Biedronka,,,Biedronka,,,,50.8393245,19.1266315
2681272247,node,supermarket,Biedronka,,,Biedronka,,,,53.5423505,14.5713156
2683126939,node,supermarket,Biedronka,,,Biedronka,,,,52.2912076,20.9364103
2686796764,node,supermarket,Biedronka,,,Biedronka,,,,54.4119539,18.6023153
2707621773,node,supermarket,Biedronka,,,Biedronka,,,,53.5397787,14.5433242
2714855966,node,supermarket,Biedronka,,,Biedronka,,,,50.0447833,21.9552631
2721710574,node,supermarket,Biedronka,,,Biedronka,,,,51.1036855,17.0312492
2721781314,node,supermarket,Carrefour Market,,,Carrefour Market,,,,51.1085525,17.0416782
2722991053,node,supermarket,Biedronka,,,Biedronka,,,,49.6996535,22.0178253
2727247535,node,supermarket,Biedronka,,,Biedronka,,,,50.2988068,18.7035057
2740423630,node,supermarket,Biedronka,,,Biedronka,,,,52.2282841,20.910559
2751809092,node,supermarket,Biedronka,,,Biedronka,,,,52.4426659,15.5732639
2753987084,node,supermarket,Netto,,,Netto,,,,50.638016,20.3019284
2765505620,node,supermarket,Lidl,,,Lidl,,,,51.0701207,19.4348796
2771556440,node,supermarket,Biedronka,,,Biedronka,,,,52.0855567,17.0010151
2793897746,node,supermarket,Dino,,,Dino,,,,52.516921,17.6002241
2797377732,node,supermarket,Biedronka,,,Biedronka,,,,54.3884604,18.6230299
2807023767,node,supermarket,Biedronka,,,Biedronka,,,,51.0577406,17.0225271
2814234561,node,supermarket,Lidl,,,Lidl,,,,54.2086359,16.2055291
2823436183,node,supermarket,Biedronka,,,Biedronka,,,,54.2067943,17.9501922
2831377686,node,supermarket,Dino,,,Dino,,,,51.4164692,16.4265863
2836504081,node,supermarket,Stokrotka,,,Stokrotka,,,,52.1666093,22.286854
2837451029,node,supermarket,Biedronka,,,Biedronka,,,,50.0561424,18.9372566
2841604635,node,supermarket,Biedronka,,,Biedronka,,,,50.5554705,21.1608726
2851754574,node,supermarket,Netto,,,Netto,,,,52.6709388,14.9069825
2853231801,node,supermarket,Stokrotka,,,Stokrotka,,,,52.0582837,19.1938003
2860147839,node,supermarket,Biedronka,,,Biedronka,,,,52.9172211,22.5135939
2861125318,node,supermarket,Dino,,,Dino,,,,52.1166571,16.1141373
2863357508,node,supermarket,Biedronka,,,Biedronka,,,,52.7347059,15.2345409
2864188044,node,supermarket,Biedronka,,,Biedronka,,,,52.9196328,22.5224751
2879761334,node,supermarket,Netto,,,Netto,,,,53.1129371,17.9922496
2880304553,node,supermarket,Biedronka,,,Biedronka,,,,49.971936,20.6152061
2880322514,node,supermarket,Biedronka,,,Biedronka,,,,50.0054649,20.6213933
2881409867,node,supermarket,Stokrotka Market,,,Stokrotka Market,,,,50.4022964,22.6490993
2881801023,node,supermarket,Stokrotka,,,Stokrotka,,,,53.1071868,18.0492939
2884883942,node,supermarket,Biedronka,,,Biedronka,,,,51.0931498,17.0255507
2894309901,node,supermarket,Auchan,,,Auchan,,,,51.2323187,22.611818
2905013737,node,supermarket,Biedronka,,,Biedronka,,,,53.2468462,20.1903955
2912430414,node,supermarket,Lidl,,,Lidl,,,,52.234969,20.9762619
2915699590,node,supermarket,Biedronka,,,Biedronka,,,,53.1529203,17.2662721
2922550408,node,supermarket,Biedronka,,,Biedronka,,,,50.4530257,16.63814
2922550413,node,supermarket,Carrefour Market,,,Carrefour Market,,,,51.2098389,16.1633941
2931482501,node,supermarket,Biedronka,,,Biedronka,,,,50.4781587,21.5531103
2942271136,node,supermarket,Netto,,,Netto,,,,50.0882471,19.9648176
2949804651,node,supermarket,Biedronka,,,Biedronka,,,,51.2162707,22.6994606
2954931219,node,supermarket,Dino,,,Dino,,,,51.10937,17.0340081
2964647931,node,supermarket,Biedronka,,,Biedronka,,,,51.3046084,22.8923831
2972656348,node,supermarket,Dino,,,Dino,,,,53.5925969,17.5579602
2973470230,node,supermarket,Stokrotka,,,Stokrotka,,,,51.2385688,22.5149282
2977944799,node,supermarket,Biedronka,,,Biedronka,,,,50.0892567,19.9799713
2989436410,node,supermarket,Lidl,,,Lidl,,,,50.5715033,21.6796758
2991177692,node,supermarket,Biedronka,,,Biedronka,,,,52.2015256,20.4190264
2998372669,node,supermarket,Intermarché,,,Intermarché,,,,51.1732043,22.2952756
3000070080,node,supermarket,Biedronka,,,Biedronka,,,,51.3879027,21.9791886
3007652477,node,supermarket,Biedronka,,,Biedronka,,,,50.0364733,22.0025632
3013983804,node,supermarket,Biedronka,,,Biedronka,,,,52.2469712,21.0945747
3014212568,node,supermarket,Biedronka,,,Biedronka,,,,52.2519958,21.170717
3024292886,node,supermarket,Biedronka,,,Biedronka,,,,51.6217226,21.9340635
3024349719,node,supermarket,Biedronka,,,Biedronka,,,,52.3013771,21.057276
3024481410,node,supermarket,Biedronka,,,Biedronka,,,,53.439266,14.4770832
3025099861,node,supermarket,Stokrotka,,,Stokrotka,,,,52.2925906,21.0453126
3025835485,node,supermarket,Biedronka,,,Biedronka,,,,50.0556715,18.4844001
3026071780,node,supermarket,Netto,,,Netto,,,,54.0793987,21.3873121
3026159888,node,supermarket,Biedronka,,,Biedronka,,,,52.3218843,17.5691532
3026996514,node,supermarket,Stokrotka,,,Stokrotka,,,,50.3469466,18.2379659
3027031231,node,supermarket,Biedronka,,,Biedronka,,,,51.9830287,20.2131928
3027112790,node,supermarket,Biedronka,,,Biedronka,,,,50.5112865,18.2835371
3029188560,node,supermarket,Biedronka,,,Biedronka,,,,50.834441,19.1239271
3029431297,node,supermarket,Biedronka,,,Biedronka,,,,54.1846191,19.4044876
3029488731,node,supermarket,Biedronka,,,Biedronka,,,,54.1545478,19.3987574
3029489133,node,supermarket,Biedronka,,,Biedronka,,,,54.1866938,19.3992782
3031428106,node,supermarket,Biedronka,,,Biedronka,,,,52.2448957,20.9965483
3031704535,node,supermarket,Netto,,,Netto,,,,50.0781669,20.0303589
3034713820,node,supermarket,Biedronka,,,Biedronka,,,,53.7971229,17.9791078
3036034516,node,supermarket,Dino,,,Dino,,,,51.7087184,16.7426819
3036035706,node,supermarket,Biedronka,,,Biedronka,,,,51.7088567,16.7419907
3037016341,node,supermarket,Dino,,,Dino,,,,52.0683006,18.1620995
3037945501,node,supermarket,Biedronka,,,Biedronka,,,,54.5367404,18.4886145
3041067382,node,supermarket,Biedronka,,,Biedronka,,,,53.145137,23.1320772
3042755103,node,supermarket,Biedronka,,,Biedronka,,,,50.820212,16.2794523
3044527640,node,supermarket,Biedronka,,,Biedronka,,,,53.2409605,17.6044987
3044636100,node,supermarket,Biedronka,,,Biedronka,,,,52.0694901,19.4780948
3046782351,node,supermarket,Biedronka,,,Biedronka,,,,50.0109925,20.9867591
3050399914,node,supermarket,Biedronka,,,Biedronka,,,,53.1135739,20.3822765
3050761228,node,supermarket,Biedronka,,,Biedronka,,,,52.4171436,17.0804541
3051175955,node,supermarket,Lidl,,,Lidl,,,,51.4680007,22.6053983
3054068345,node,supermarket,Lidl,,,Lidl,,,,53.1871219,18.0702911
3057530206,node,supermarket,Stokrotka,,,Stokrotka,,,,52.7712757,23.1927437
3058027732,node,supermarket,Dino,,,Dino,,,,51.1234594,17.0503217
3061346407,node,supermarket,Stokrotka,,,Stokrotka,,,,53.1175241,17.9969746
3067722895,node,supermarket,Biedronka,,,Biedronka,,,,53.7099524,16.6891908
3072119942,node,supermarket,Biedronka,,,Biedronka,,,,54.5407517,18.4786997
3073671119,node,supermarket,Biedronka,,,Biedronka,,,,50.1419667,19.1304133
3084955997,node,supermarket,Biedronka,,,Biedronka,,,,52.9794026,22.2454896
3087861023,node,supermarket,Biedronka,,,Biedronka,,,,49.9457085,18.6048911
3092035776,node,supermarket,Biedronka,,,Biedronka,,,,53.0242996,18.6189842
3092571091,node,supermarket,Biedronka,,,Biedronka,,,,50.0509619,21.9971009
3094508228,node,supermarket,Biedronka,,,Biedronka,,,,53.789614,20.4888809
3096113116,node,supermarket,Biedronka,,,Biedronka,,,,51.890091,21.6188774
3097748485,node,supermarket,Biedronka,,,Biedronka,,,,53.1343086,23.1541054
3097748486,node,supermarket,Biedronka,,,Biedronka,,,,53.1381617,23.1322369
3097748731,node,supermarket,Biedronka,,,Biedronka,,,,53.1266915,23.1045054
3097748733,node,supermarket,Stokrotka,,,Stokrotka,,,,53.130459,23.1036277
3097766703,node,supermarket,Biedronka,,,Biedronka,,,,53.1498516,23.1567621
3098373452,node,supermarket,Stokrotka,,,Stokrotka,,,,53.1457263,23.15197
3099488350,node,supermarket,Stokrotka,,,Stokrotka,,,,53.1091012,23.123374
3106507232,node,supermarket,Biedronka,,,Biedronka,,,,53.175434,20.2966358
3107939830,node,supermarket,Biedronka,,,Biedronka,,,,54.4085342,18.5673522
3118068429,node,supermarket,Biedronka,,,Biedronka,,,,52.1985945,20.975553
3118470237,node,supermarket,Biedronka,,,Biedronka,,,,54.3511862,18.6547489
3121934165,node,supermarket,Biedronka,,,Biedronka,,,,52.2738384,21.0685654
3125593451,node,supermarket,Biedronka,,,Biedronka,,,,51.4000695,16.1879449
3133577133,node,supermarket,Biedronka,,,Biedronka,,,,52.2332606,16.3489406
3137479726,node,supermarket,Lidl,,,Lidl,,,,50.0870381,19.8944976
3147432633,node,supermarket,Biedronka,,,Biedronka,,,,51.6559393,17.8434993
3162362527,node,supermarket,Biedronka,,,Biedronka,,,,51.1119837,16.9620271
3166489303,node,supermarket,Stokrotka,,,Stokrotka,,,,50.2845153,19.0128322
3168386304,node,supermarket,Biedronka,,,Biedronka,,,,50.1034876,20.0118866
3174705025,node,supermarket,Auchan,,,Auchan,,,,52.2546409,20.9936287
3177378113,node,supermarket,Biedronka,,,Biedronka,,,,52.971556,22.2466244
3178632018,node,supermarket,Biedronka,,,Biedronka,,,,52.7554833,15.3442085
3190531074,node,supermarket,Stokrotka,,,Stokrotka,,,,51.7480243,19.4952638
3195568128,node,supermarket,Intermarché,,,Intermarché,,,,52.7422099,15.2548097
3197057358,node,supermarket,Auchan,,,Auchan,,,,51.7502799,19.4411709
3198467323,node,supermarket,Biedronka,,,Biedronka,,,,51.1753107,22.2965455
3198719216,node,supermarket,Intermarché,,,Intermarché,,,,51.9563849,17.5092666
3199550146,node,supermarket,Biedronka,,,Biedronka,,,,51.9744964,17.4996622
3208840610,node,supermarket,Biedronka,,,Biedronka,,,,50.0790897,20.0100997
3216247996,node,supermarket,Biedronka,,,Biedronka,,,,52.1030711,20.6174093
3218845255,node,supermarket,Biedronka,,,Biedronka,,,,52.2305134,20.9939725
3219209980,node,supermarket,Biedronka,,,Biedronka,,,,52.2217662,21.0943923
3224229086,node,supermarket,Biedronka,,,Biedronka,,,,51.7819373,22.6107093
3225010410,node,supermarket,Biedronka,,,Biedronka,,,,51.6388678,22.896807
3225932983,node,supermarket,Carrefour,,,Carrefour,,,,49.72855,19.26398
3228461871,node,supermarket,Biedronka,,,Biedronka,,,,51.9204501,17.6435859
3233984373,node,supermarket,Netto,,,Netto,,,,51.5646122,15.5332051
3239898540,node,supermarket,Biedronka,,,Biedronka,,,,54.1888013,16.1766497
3239898555,node,supermarket,Stokrotka,,,Stokrotka,,,,54.1903361,16.1983174
3241813815,node,supermarket,Dino,,,Dino,,,,52.9005302,16.5592185
3241816960,node,supermarket,Biedronka,,,Biedronka,,,,52.8973846,16.5542987
3242621396,node,supermarket,Stokrotka Market,,,Stokrotka Market,,,,54.1905304,16.2070784
3244565391,node,supermarket,Auchan,,,Auchan,,,,50.3796934,18.8922915
3246937764,node,supermarket,Stokrotka,,,Stokrotka,,,,53.7837829,20.4948059
3246937765,node,supermarket,Biedronka,,,Biedronka,,,,53.7703629,20.4723622
3246937767,node,supermarket,Biedronka,,,Biedronka,,,,53.7810472,20.4797229
3248757421,node,supermarket,Stokrotka,,,Stokrotka,,,,51.6415334,22.9125967
3255889045,node,supermarket,Biedronka,,,Biedronka,,,,53.1222453,18.0008503
3257279893,node,supermarket,Stokrotka Market,,,Stokrotka Market,,,,52.5565366,21.7644705
3268104951,node,supermarket,Dino,,,Dino,,,,51.3127161,17.0666092
3274328550,node,supermarket,Biedronka,,,Biedronka,,,,50.5888714,21.6913269
3277744275,node,supermarket,Biedronka,,,Biedronka,,,,51.073503,19.434741
3293103521,node,supermarket,Biedronka,,,Biedronka,,,,50.3067062,18.7837615
3295444259,node,supermarket,Biedronka,,,Biedronka,,,,51.6266688,21.9351281
3296400866,node,supermarket,Carrefour Express,,,Carrefour Express,,,,51.7897161,19.4799817
3318263702,node,supermarket,Biedronka,,,Biedronka,,,,54.3817881,18.6083354
3323047611,node,supermarket,Biedronka,,,Biedronka,,,,54.3176085,18.5686315
3332761536,node,supermarket,Biedronka,,,Biedronka,,,,53.3728159,17.0227548
3332855145,node,supermarket,Dino,,,Dino,,,,53.3720692,17.020345
3337901863,node,supermarket,Biedronka,,,Biedronka,,,,50.7869842,17.0702302
3337901864,node,supermarket,Stokrotka,,,Stokrotka,,,,50.7826998,17.0657666
3358106675,node,supermarket,Auchan,,,Auchan,,,,53.1612225,23.0976259
3358112118,node,supermarket,Auchan,,,Auchan,,,,53.1358482,23.1179346
3365862973,node,supermarket,Biedronka,,,Biedronka,,,,50.0175212,21.0064035
3365904953,node,supermarket,Stokrotka,,,Stokrotka,,,,50.2735556,18.9314114
3366686595,node,supermarket,Biedronka,,,Biedronka,,,,52.173927,21.0034319
3367883707,node,supermarket,Stokrotka,,,Stokrotka,,,,52.0702934,23.6024591
3369857979,node,supermarket,Biedronka,,,Biedronka,,,,50.942421,21.3987517
3380429352,node,supermarket,Biedronka,,,Biedronka,,,,52.57047,23.32333
3380829739,node,supermarket,Kaufland,,,Kaufland,,,,50.0135883,19.996491
3396264724,node,supermarket,Auchan,,,Auchan,,,,50.3230942,19.0036962
3396634037,node,supermarket,Stokrotka,,,Stokrotka,,,,52.6392153,19.0499784
3397610208,node,supermarket,Auchan,,,Auchan,,,,51.7656667,19.4949355
3397614821,node,supermarket,Auchan,,,Auchan,,,,54.4258779,18.4919627
3397630315,node,supermarket,Auchan,,,Auchan,,,,51.4041794,19.6608732
3402490533,node,supermarket,Biedronka,,,Biedronka,,,,54.4353278,16.3770031
3402713690,node,supermarket,Biedronka,,,Biedronka,,,,50.8809416,20.5827786
3404119032,node,supermarket,Intermarché,,,Intermarché,,,,50.303403,16.6397933
3409463274,node,supermarket,Auchan,,,Auchan,,,,51.0534522,16.9721689
3410900507,node,supermarket,Biedronka,,,Biedronka,,,,52.1690873,17.8936627
3415678007,node,supermarket,Biedronka,,,Biedronka,,,,50.8870075,21.6651776
3416148826,node,supermarket,Biedronka,,,Biedronka,,,,52.1631,22.2722955
3419353518,node,supermarket,Biedronka,,,Biedronka,,,,50.3059758,18.944053
3423354994,node,supermarket,Biedronka,,,Biedronka,,,,52.24102,21.29913
3441969413,node,supermarket,Biedronka,,,Biedronka,,,,51.4050471,19.6883552
3442788448,node,supermarket,Biedronka,,,Biedronka,,,,51.4037928,17.6657426
3447303952,node,supermarket,Lidl,,,Lidl,,,,53.8648276,20.9516336
3457063690,node,supermarket,Stokrotka,,,Stokrotka,,,,51.2372382,22.5483646
3465429722,node,supermarket,Stokrotka,,,Stokrotka,,,,53.9108166,14.2383543
3474042694,node,supermarket,Netto,,,Netto,,,,54.3212646,18.5972519
3475584771,node,supermarket,Biedronka,,,Biedronka,,,,51.0750185,17.0044955
3475767532,node,supermarket,Auchan,,,Auchan,,,,52.5351329,19.7498205
3475778521,node,supermarket,Auchan,,,Auchan,,,,52.3232583,20.9014416
3477237774,node,supermarket,Auchan,,,Auchan,,,,50.0404118,18.7031724
3477351316,node,supermarket,Auchan,,,Auchan,,,,52.0957103,21.0231825
3486560143,node,supermarket,Biedronka,,,Biedronka,,,,51.9153697,17.2285739
3488828501,node,supermarket,Auchan,,,Auchan,,,,54.3511122,18.5255688
3489332735,node,supermarket,Kaufland,,,Kaufland,,,,53.7395666,18.9393287
3491379560,node,supermarket,Netto,,,Netto,,,,50.1360447,18.8734802
3491626953,node,supermarket,Biedronka,,,Biedronka,,,,53.1368458,23.1524025
3495810811,node,supermarket,Biedronka,,,Biedronka,,,,50.3669852,22.7388553
3509314689,node,supermarket,Biedronka,,,Biedronka,,,,50.9469125,20.969716
3513036059,node,supermarket,Biedronka,,,Biedronka,,,,52.2421725,21.0734345
3513546617,node,supermarket,Biedronka,,,Biedronka,,,,49.9032853,19.0046878
3518954680,node,supermarket,Biedronka,,,Biedronka,,,,52.2297303,20.9017526
3520385535,node,supermarket,Biedronka,,,Biedronka,,,,52.6299719,17.4290355
3521666714,node,supermarket,Biedronka,,,Biedronka,,,,49.9121969,19.005549
3522797040,node,supermarket,Biedronka,,,Biedronka,,,,51.2673201,22.5712494
3526732166,node,supermarket,Biedronka,,,Biedronka,,,,52.2445654,20.9665057
3539706840,node,supermarket,Biedronka,,,Biedronka,,,,52.3141839,20.8810369
3541123596,node,supermarket,Biedronka,,,Biedronka,,,,53.0058062,17.7288681
3542074884,node,supermarket,Intermarché,,,Intermarché,,,,50.3738348,18.9342554
3542834792,node,supermarket,Lidl,,,Lidl,,,,50.4660598,17.3432966
3544147500,node,supermarket,Biedronka,,,Biedronka,,,,53.3595377,17.4900545
3561370585,node,supermarket,Biedronka,,,Biedronka,,,,52.2374061,20.9819591
3566202428,node,supermarket,Biedronka,,,Biedronka,,,,50.0697617,21.7072467
3572866850,node,supermarket,Netto,,,Netto,,,,52.2042426,20.9959019
3583555385,node,supermarket,Biedronka,,,Biedronka,,,,54.2582683,16.0533742
3583709567,node,supermarket,Biedronka,,,Biedronka,,,,50.2951703,19.1917088
3587462817,node,supermarket,Biedronka,,,Biedronka,,,,52.091588,21.1221358
3589722516,node,supermarket,Biedronka,,,Biedronka,,,,50.0021791,22.0150059
3594760665,node,supermarket,Biedronka,,,Biedronka,,,,49.8701655,21.7989291
3598369852,node,supermarket,Netto,,,Netto,,,,52.3225669,17.5808651
3604866005,node,supermarket,Biedronka,,,Biedronka,,,,50.1789338,20.9846071
3608598710,node,supermarket,Biedronka,,,Biedronka,,,,53.6719649,15.1182814
3612406720,node,supermarket,Biedronka,,,Biedronka,,,,52.1610795,20.7796236
3615182448,node,supermarket,Biedronka,,,Biedronka,,,,54.3504043,18.6323501
3622499490,node,supermarket,Kaufland,,,Kaufland,,,,49.9146903,19.011609
3622988872,node,supermarket,Biedronka,,,Biedronka,,,,49.4309266,22.6014211
3623233176,node,supermarket,Biedronka,,,Biedronka,,,,51.3569189,20.6308669
3626473188,node,supermarket,Biedronka,,,Biedronka,,,,52.5359645,19.7391524
3628246280,node,supermarket,Stokrotka,,,Stokrotka,,,,51.6230084,21.9356448
3632848994,node,supermarket,Biedronka,,,Biedronka,,,,54.5814836,18.3877687
3634518794,node,supermarket,Biedronka,,,Biedronka,,,,51.0993985,17.0397648
3636535329,node,supermarket,Stokrotka,,,Stokrotka,,,,51.1142196,20.8612065
3637104872,node,supermarket,Netto,,,Netto,,,,54.2697137,18.4685345
3644302527,node,supermarket,Biedronka,,,Biedronka,,,,51.8741465,20.8653763
3649056682,node,supermarket,Biedronka,,,Biedronka,,,,50.9483959,21.3807289
3650737281,node,supermarket,Biedronka,,,Biedronka,,,,50.2877643,21.404104
3652312782,node,supermarket,Biedronka,,,Biedronka,,,,49.8381548,21.6119263
3655751891,node,supermarket,Biedronka,,,Biedronka,,,,50.9391119,21.389372
3657239522,node,supermarket,Lidl,,,Lidl,,,,51.9471845,14.7300026
3660770509,node,supermarket,Intermarché,,,Intermarché,,,,52.9630992,14.4307143
3663398092,node,supermarket,Kaufland,,,Kaufland,,,,50.7850663,16.0281477
3666841401,node,supermarket,Intermarché,,,Intermarché,,,,52.2962327,17.8751287
3667732821,node,supermarket,Biedronka,,,Biedronka,,,,52.7872406,18.2627587
3669153313,node,supermarket,Biedronka,,,Biedronka,,,,54.2381209,16.8908593
3673830325,node,supermarket,Stokrotka,,,Stokrotka,,,,51.298719,22.8880594
3674112003,node,supermarket,Biedronka,,,Biedronka,,,,51.8610278,16.6973948
3677194927,node,supermarket,Netto,,,Netto,,,,53.6676238,17.356632
3677707438,node,supermarket,Stokrotka,,,Stokrotka,,,,53.2724971,16.4703644
3678657321,node,supermarket,Biedronka,,,Biedronka,,,,54.3379811,18.6258351
3680500519,node,supermarket,Stokrotka,,,Stokrotka,,,,54.3415913,18.5617026
3690576692,node,supermarket,Biedronka,,,Biedronka,,,,52.2585686,20.9722365
3694155490,node,supermarket,Biedronka,,,Biedronka,,,,51.4071282,21.1426311
3698888551,node,supermarket,Biedronka,,,Biedronka,,,,52.3709746,18.298366
3698888552,node,supermarket,Biedronka,,,Biedronka,,,,52.7551087,18.6261288
3702809024,node,supermarket,Stokrotka Market,,,Stokrotka Market,,,,49.6814597,20.5314183
3703521520,node,supermarket,Biedronka,,,Biedronka,,,,52.1473634,21.0577647
3709188471,node,supermarket,Biedronka,,,Biedronka,,,,52.8910769,16.1702483
3709931718,node,supermarket,Biedronka,,,Biedronka,,,,52.6495136,16.7937703
3711989272,node,supermarket,Dino,,,Dino,,,,53.4989895,18.7649335
3712750115,node,supermarket,Stokrotka,,,Stokrotka,,,,52.4588427,16.9128562
3716074921,node,supermarket,Biedronka,,,Biedronka,,,,54.3460254,18.5931979
3721522128,node,supermarket,Biedronka,,,Biedronka,,,,50.2872418,21.420535
3721522129,node,supermarket,Biedronka,,,Biedronka,,,,50.2936593,21.425231
3723948186,node,supermarket,Biedronka,,,Biedronka,,,,52.4635076,16.906788
3724395797,node,supermarket,Netto,,,Netto,,,,49.8350775,19.9485081
3740587442,node,supermarket,Netto,,,Netto,,,,52.9565477,17.9171308
3746464497,node,supermarket,Biedronka,,,Biedronka,,,,52.4122036,16.9086176
3748403320,node,supermarket,Biedronka,,,Biedronka,,,,50.8882769,20.6461766
3753958080,node,supermarket,Biedronka,,,Biedronka,,,,51.2227809,22.5215329
3757174466,node,supermarket,Intermarché,,,Intermarché,,,,51.5092303,16.0813127
3760717551,node,supermarket,Biedronka,,,Biedronka,,,,52.5867735,14.6537638
3761671608,node,supermarket,Biedronka,,,Biedronka,,,,51.938662,15.5046962
3761905432,node,supermarket,Biedronka,,,Biedronka,,,,54.0628764,19.6544274
3764975244,node,supermarket,Biedronka,,,Biedronka,,,,54.3376127,18.6126023
3767593734,node,supermarket,Biedronka,,,Biedronka,,,,50.0323732,18.6893159
3768998929,node,supermarket,Biedronka,,,Biedronka,,,,51.098859,17.0053026
3773877280,node,supermarket,Biedronka,,,Biedronka,,,,51.9573398,15.5039747
3778562003,node,supermarket,Biedronka,,,Biedronka,,,,52.4049929,16.9324593
3778562757,node,supermarket,Lidl,,,Lidl,,,,52.4063689,16.9280062
3778562923,node,supermarket,Netto,,,Netto,,,,52.4140335,16.9129098
3782586461,node,supermarket,Biedronka,,,Biedronka,,,,51.7655108,19.4584213
3792520062,node,supermarket,Biedronka,,,Biedronka,,,,51.2340028,22.5865814
3792958707,node,supermarket,Biedronka,,,Biedronka,,,,50.3169664,18.9189919
3801842327,node,supermarket,Stokrotka,,,Stokrotka,,,,53.1367689,23.1622266
3802846947,node,supermarket,Biedronka,,,Biedronka,,,,51.8628174,19.3985082
3806453182,node,supermarket,Biedronka,,,Biedronka,,,,50.6818392,17.873615
3810062287,node,supermarket,Stokrotka,,,Stokrotka,,,,51.221879,22.5030557
3811021678,node,supermarket,Biedronka,,,Biedronka,,,,51.2550262,22.4848723
3816377961,node,supermarket,Kaufland,,,Kaufland,,,,54.1881796,16.1958819
3817144730,node,supermarket,Biedronka,,,Biedronka,,,,50.2628471,19.0106887
3820348692,node,supermarket,Netto,,,Netto,,,,51.8540256,19.4193051
3824880392,node,supermarket,Biedronka,,,Biedronka,,,,52.2908541,21.1126133
3824931092,node,supermarket,Netto,,,Netto,,,,50.2982464,18.7934805
3826124896,node,supermarket,Biedronka,,,Biedronka,,,,50.66777,17.9353391
3832532431,node,supermarket,Stokrotka,,,Stokrotka,,,,51.2307473,22.5075549
3834619889,node,supermarket,Biedronka,,,Biedronka,,,,52.4077089,22.2274694
3834622965,node,supermarket,Biedronka,,,Biedronka,,,,52.3952173,22.2673029
3837333628,node,supermarket,Biedronka,,,Biedronka,,,,49.9831413,18.9326143
3837600722,node,supermarket,Dino,,,Dino,,,,52.6852807,18.5767658
3838164783,node,supermarket,Biedronka,,,Biedronka,,,,52.4078812,16.9018974
3842693063,node,supermarket,Biedronka,,,Biedronka,,,,54.3213969,18.6311909
3844197789,node,supermarket,Lidl,,,Lidl,,,,50.0256461,22.0055292
3848041292,node,supermarket,Carrefour,,,Carrefour,,,,51.1564694,15.0306953
3848355906,node,supermarket,Biedronka,,,Biedronka,,,,50.0230192,22.0177157
3858662109,node,supermarket,Netto,,,Netto,,,,54.1923947,16.1947418
3859820359,node,supermarket,Biedronka,,,Biedronka,,,,51.7781827,22.6229155
3867208859,node,supermarket,Kaufland,,,Kaufland,,,,53.0166039,18.5894402
3883990639,node,supermarket,Netto,,,Netto,,,,51.9573206,20.1489148
3886013831,node,supermarket,Carrefour,,,Carrefour,,,,53.032903,18.694506
3886405873,node,supermarket,Carrefour Market,,,Carrefour Market,,,,52.2067281,21.167562
3887068632,node,supermarket,Biedronka,,,Biedronka,,,,51.3150716,21.2496588
3887345369,node,supermarket,Biedronka,,,Biedronka,,,,53.0473539,18.7004234
3896288185,node,supermarket,Netto,,,Netto,,,,50.1965312,18.9784999
3910006269,node,supermarket,Biedronka,,,Biedronka,,,,51.955653,17.5173047
3913246374,node,supermarket,Biedronka,,,Biedronka,,,,50.0120591,20.9770926
3920520449,node,supermarket,Carrefour,,,Carrefour,,,,50.2587173,19.0157931
3928325436,node,supermarket,Stokrotka,,,Stokrotka,,,,51.7581134,19.5387415
3933978032,node,supermarket,Biedronka,,,Biedronka,,,,53.0284445,18.6921472
3935475575,node,supermarket,Biedronka,,,Biedronka,,,,53.0187373,18.6801065
3940708810,node,supermarket,Auchan,,,Auchan,,,,51.9639559,15.4899332
3940727802,node,supermarket,Biedronka,,,Biedronka,,,,51.6545391,16.9538431
3941864719,node,supermarket,Lidl,,,Lidl,,,,49.4667919,20.024805
3949049865,node,supermarket,Dino,,,Dino,,,,51.8841724,17.069548
3950210741,node,supermarket,Carrefour,,,Carrefour,,,,53.1625733,23.1854764
3950404454,node,supermarket,Biedronka,,,Biedronka,,,,51.2077262,16.1513461
3952665142,node,supermarket,Intermarché,,,Intermarché,,,,51.7639787,20.2613212
3954314275,node,supermarket,Biedronka,,,Biedronka,,,,53.4259237,14.544098
3955656945,node,supermarket,Stokrotka,,,Stokrotka,,,,50.7786574,15.7611783
3956823874,node,supermarket,Intermarché,,,Intermarché,,,,52.2336341,18.2108482
3960114758,node,supermarket,Stokrotka Market,,,Stokrotka Market,,,,51.2452089,22.6097528
3960114759,node,supermarket,Stokrotka,,,Stokrotka,,,,51.2511123,22.5433688
3967861405,node,supermarket,Biedronka,,,Biedronka,,,,53.0724799,19.3961547
3969601224,node,supermarket,Intermarché,,,Intermarché,,,,52.7391071,15.2190445
3974043365,node,supermarket,Stokrotka,,,Stokrotka,,,,53.1243742,23.1510278
3976279429,node,supermarket,Netto,,,Netto,,,,54.1744574,15.5516995
3979479559,node,supermarket,Biedronka,,,Biedronka,,,,52.3671087,16.8406715
3980015393,node,supermarket,Biedronka,,,Biedronka,,,,50.0648207,22.2239762
3984427007,node,supermarket,Intermarché,,,Intermarché,,,,53.9641542,18.5283864
3984713820,node,supermarket,Biedronka,,,Biedronka,,,,53.9697704,18.5270714
3984713821,node,supermarket,Biedronka,,,Biedronka,,,,53.9764657,18.5210782
3987091550,node,supermarket,Stokrotka,,,Stokrotka,,,,51.2776333,16.7156456
3988610167,node,supermarket,Lidl,,,Lidl,,,,49.7426936,19.5941509
4004586249,node,supermarket,Biedronka,,,Biedronka,,,,50.7751621,15.7559264
4004733984,node,supermarket,Biedronka,,,Biedronka,,,,51.871431,19.4093061
4033818052,node,supermarket,Biedronka,,,Biedronka,,,,50.1474856,18.8401158
4036101689,node,supermarket,Biedronka,,,Biedronka,,,,52.2337856,21.0360576
4039077598,node,supermarket,Auchan,,,Auchan,,,,53.3843662,14.505715
4039873704,node,supermarket,Biedronka,,,Biedronka,,,,54.4126986,18.5915819
4046200748,node,supermarket,Stokrotka,,,Stokrotka,,,,51.2544266,22.5330468
4053559125,node,supermarket,Netto,,,Netto,,,,52.6540827,19.0696417
4053728331,node,supermarket,Stokrotka,,,Stokrotka,,,,51.2026946,22.5445446
4053728332,node,supermarket,Stokrotka,,,Stokrotka,,,,51.2361679,22.50483
4057974367,node,supermarket,Biedronka,,,Biedronka,,,,49.6513994,21.1547404
4060549253,node,supermarket,Lidl,,,Lidl,,,,51.758497,19.4647051
4060631950,node,supermarket,Biedronka,,,Biedronka,,,,54.1142508,22.9429604
4062156289,node,supermarket,Biedronka,,,Biedronka,,,,51.7190236,17.2246368
4062167389,node,supermarket,Biedronka,,,Biedronka,,,,52.0828897,17.0268148
4062211989,node,supermarket,Biedronka,,,Biedronka,,,,52.6508544,17.959291
4062451830,node,supermarket,Intermarché,,,Intermarché,,,,51.826163,16.5993505
4064787814,node,supermarket,Lidl,,,Lidl,,,,51.2138752,17.376403
4066870033,node,supermarket,Intermarché,,,Intermarché,,,,50.9063842,15.7327634
4067832706,node,supermarket,Carrefour,,,Carrefour,,,,51.6450228,16.0957084
4077462729,node,supermarket,Dino,,,Dino,,,,51.1983897,16.2198865
4077462756,node,supermarket,Biedronka,,,Biedronka,,,,51.3940645,16.2082323
4077462767,node,supermarket,E. Leclerc,,,E. Leclerc,,,,50.0197668,22.0202912
4077462772,node,supermarket,Carrefour,,,Carrefour,,,,50.0265288,22.0174978
4077462777,node,supermarket,Biedronka,,,Biedronka,,,,50.8073015,19.133047
4078903989,node,supermarket,Biedronka,,,Biedronka,,,,53.9108226,19.9302494
4079664565,node,supermarket,Biedronka,,,Biedronka,,,,54.3995993,18.6603358
4079664566,node,supermarket,Biedronka,,,Biedronka,,,,54.3994729,18.6694566
4087164019,node,supermarket,Dino,,,Dino,,,,51.7597999,18.1058886
4087939829,node,supermarket,Biedronka,,,Biedronka,,,,50.8761789,14.8268665
4113346011,node,supermarket,Biedronka,,,Biedronka,,,,54.5729602,18.4182288
4115245094,node,supermarket,Biedronka,,,Biedronka,,,,54.4725579,17.0381888
4127651763,node,supermarket,Biedronka,,,Biedronka,,,,53.7665786,20.4698884
4127901612,node,supermarket,Kaufland,,,Kaufland,,,,52.2368902,20.2474014
4130611157,node,supermarket,Dino,,,Dino,,,,51.9530927,15.5217781
4135593405,node,supermarket,Auchan,,,Auchan,,,,49.836051,19.9482694
4143275886,node,supermarket,Kaufland,,,Kaufland,,,,51.6626795,19.3557299
4150690489,node,supermarket,Biedronka,,,Biedronka,,,,52.2369205,19.6275201
4156357616,node,supermarket,Biedronka,,,Biedronka,,,,52.3394908,20.8934619
4157737940,node,supermarket,Biedronka,,,Biedronka,,,,50.8120452,19.0830824
4165951589,node,supermarket,Biedronka,,,Biedronka,,,,52.3295998,20.9050865
4176503358,node,supermarket,Biedronka,,,Biedronka,,,,54.5111073,18.5397902
4187748617,node,supermarket,Biedronka,,,Biedronka,,,,52.2272412,16.8293919
4199232851,node,supermarket,Dino,,,Dino,,,,50.7105208,16.0024692
4200121119,node,supermarket,Stokrotka,,,Stokrotka,,,,50.7137647,23.2782031
4201929126,node,supermarket,Biedronka,,,Biedronka,,,,51.2573493,15.5644268
4202673591,node,supermarket,Dino,,,Dino,,,,53.6877545,17.5631985
4209730923,node,supermarket,Biedronka,,,Biedronka,,,,50.0943235,19.9274731
4214198562,node,supermarket,Carrefour,,,Carrefour,,,,50.1129983,18.5458095
4217635871,node,supermarket,Kaufland,,,Kaufland,,,,52.263913,21.0596301
4218758371,node,supermarket,Biedronka,,,Biedronka,,,,50.4269113,19.3923978
4220430904,node,supermarket,Lidl,,,Lidl,,,,54.516053,18.5416554
4225875547,node,supermarket,Biedronka,,,Biedronka,,,,51.1353502,22.9979643
4232320790,node,supermarket,Biedronka,,,Biedronka,,,,53.2545952,14.4893279
4237709115,node,supermarket,Stokrotka,,,Stokrotka,,,,53.6917521,19.9692129
4239380089,node,supermarket,Biedronka,,,Biedronka,,,,53.7727069,20.4995425
4244285070,node,supermarket,Biedronka,,,Biedronka,,,,52.4005781,16.8926453
4245017589,node,supermarket,Biedronka,,,Biedronka,,,,52.1563744,21.0208549
4265544990,node,supermarket,Stokrotka Market,,,Stokrotka Market,,,,51.7883701,23.2088604
4274756972,node,supermarket,Biedronka,,,Biedronka,,,,51.0603651,17.0026531
4275214111,node,supermarket,Biedronka,,,Biedronka,,,,52.1645511,21.0680973
4275785987,node,supermarket,Biedronka,,,Biedronka,,,,49.9743367,20.601956
4277465579,node,supermarket,Lidl,,,Lidl,,,,51.54548,20.0129782
4280132292,node,supermarket,Biedronka,,,Biedronka,,,,50.3372697,19.5628552
4280289511,node,supermarket,Biedronka,,,Biedronka,,,,52.0338118,23.1242951
4280467096,node,supermarket,Biedronka,,,Biedronka,,,,51.5228249,17.2730983
4285807465,node,supermarket,Biedronka,,,Biedronka,,,,52.1553018,21.0348222
4286855910,node,supermarket,Biedronka,,,Biedronka,,,,52.2368142,21.0181917
4290474691,node,supermarket,Biedronka,,,Biedronka,,,,49.971848,23.0375195
4306223246,node,supermarket,Biedronka (nieczynna remont),,,Biedronka,,,,50.0679695,19.947327
4307640453,node,supermarket,Biedronka,,,Biedronka,,,,50.2583939,19.0565064
4307972930,node,supermarket,Dino,,,Dino,,,,51.2511015,15.0436599
4310402075,node,supermarket,Biedronka,,,Biedronka,,,,50.2919896,18.9172944
4314287008,node,supermarket,Auchan,,,Auchan,,,,54.502415,18.5318388
4316772338,node,supermarket,Biedronka,,,Biedronka,,,,54.5624859,18.4925578
4317377587,node,supermarket,Biedronka,,,Biedronka,,,,54.3905061,18.6126678
4325025828,node,supermarket,Biedronka,,,Biedronka,,,,53.1267867,18.0450072
4326486373,node,supermarket,Dino,,,Dino,,,,52.7047358,18.7881856
4335661689,node,supermarket,Biedronka,,,Biedronka,,,,54.4041747,18.6010768
4336524330,node,supermarket,Netto,,,Netto,,,,51.9647406,20.1508269
4337423534,node,supermarket,Biedronka,,,Biedronka,,,,50.0714957,22.2403465
4343978611,node,supermarket,Stokrotka,,,Stokrotka,,,,51.2702165,22.5818964
4349122075,node,supermarket,Kaufland,,,Kaufland,,,,49.6619358,21.1566768
4351098181,node,supermarket,Netto,,,Netto,,,,50.8442001,16.4889272
4351698767,node,supermarket,Biedronka,,,Biedronka,,,,52.3444754,21.1237507
4359067080,node,supermarket,Biedronka,,,Biedronka,,,,54.5015042,18.5140247
4362590735,node,supermarket,Auchan,,,Auchan,,,,52.3286977,20.940048
4363620612,node,supermarket,Stokrotka,,,Stokrotka,,,,50.2315647,18.657911
4368703842,node,supermarket,Biedronka,,,Biedronka,,,,51.9328024,22.3871866
4369649470,node,supermarket,Carrefour,,,Carrefour,,,,54.3530378,18.5928046
4372082729,node,supermarket,Carrefour,,,Carrefour,,,,51.7527356,19.4198032
4382252793,node,supermarket,Netto,,,Netto,,,,52.7504205,16.9959753
4389742190,node,supermarket,Biedronka,,,Biedronka,,,,50.2870608,18.9582423
4392326596,node,supermarket,Biedronka,,,Biedronka,,,,52.8706467,19.3642282
4407186396,node,supermarket,Biedronka,,,Biedronka,,,,50.5684145,22.0589536
4410633090,node,supermarket,Biedronka,,,Biedronka,,,,53.5895295,17.860493
4416624392,node,supermarket,Biedronka,,,Biedronka,,,,51.1107146,17.0253931
4421008574,node,supermarket,Netto,,,Netto,,,,53.3389526,15.0442445
4430457773,node,supermarket,Biedronka,,,Biedronka,,,,53.4132328,21.9223373
4430747292,node,supermarket,Stokrotka,,,Stokrotka,,,,51.3887576,21.1269199
4433377717,node,supermarket,Dino,,,Dino,,,,51.2531835,15.580665
4434645203,node,supermarket,Biedronka,,,Biedronka,,,,51.1380154,16.9653497
4437418512,node,supermarket,Biedronka,,,Biedronka,,,,50.8812179,20.5937418
4437789489,node,supermarket,Stokrotka,,,Stokrotka,,,,52.6134758,16.5832178
4442408126,node,supermarket,Biedronka,,,Biedronka,,,,50.0578799,19.9632628
4448381107,node,supermarket,Biedronka,,,Biedronka,,,,51.9582373,19.7127165
4448504890,node,supermarket,Biedronka,,,Biedronka,,,,49.6428541,21.7866182
4450581402,node,supermarket,Stokrotka,,,Stokrotka,,,,52.4387043,16.9398642
4460663347,node,supermarket,Biedronka,,,Biedronka,,,,50.0842153,20.0272441
4460667961,node,supermarket,Biedronka,,,Biedronka,,,,50.0156213,19.9512472
4460752403,node,supermarket,Biedronka,,,Biedronka,,,,53.4607058,14.4548815
4460827489,node,supermarket,Intermarché,,,Intermarché,,,,52.3177017,16.1371929
4460875163,node,supermarket,Biedronka,,,Biedronka,,,,50.8868672,20.6143142
4473685217,node,supermarket,Biedronka,,,Biedronka,,,,52.0237282,23.1238645
4475469216,node,supermarket,Stokrotka,,,Stokrotka,,,,51.2011001,16.2068234
4475469217,node,supermarket,Biedronka,,,Biedronka,,,,51.7865711,23.2148281
4475469219,node,supermarket,Biedronka,,,Biedronka,,,,52.7807991,18.2433407
4475469220,node,supermarket,Biedronka,,,Biedronka,,,,53.1499212,22.9881044
4475469221,node,supermarket,Biedronka,,,Biedronka,,,,53.2762104,16.4869527
4519701632,node,supermarket,Netto,,,Netto,,,,53.4368759,14.5307577
4522512044,node,supermarket,Lidl,,,Lidl,,,,52.4151615,16.9345328
4548608106,node,supermarket,Dino,,,Dino,,,,51.6502539,17.8224101
4549683756,node,supermarket,Stokrotka,,,Stokrotka,,,,53.1313105,23.1964611
4551336197,node,supermarket,Dino,,,Dino,,,,53.4424942,17.5316202
4556855743,node,supermarket,Biedronka,,,Biedronka,,,,53.125594,23.150326
4557541719,node,supermarket,Biedronka,,,Biedronka,,,,51.9386597,15.5226628
4560723296,node,supermarket,Stokrotka,,,Stokrotka,,,,50.0801343,20.0109966
4562335225,node,supermarket,Biedronka,,,Biedronka,,,,52.0828109,21.0328703
4570164293,node,supermarket,Lidl,,,Lidl,,,,50.9860081,23.1718925
4574038921,node,supermarket,Biedronka,,,Biedronka,,,,52.2419502,20.9945227
4574957446,node,supermarket,Intermarché,,,Intermarché,,,,50.8402725,16.4987454
4585846737,node,supermarket,Dino,,,Dino,,,,51.8464626,16.5974849
4595200418,node,supermarket,Biedronka,,,Biedronka,,,,49.9828119,19.1534297
4600561191,node,supermarket,Carrefour,,,Carrefour,,,,50.3007912,18.6827625
4600619476,node,supermarket,Biedronka,,,Biedronka,,,,50.6648783,17.9258042
4600619694,node,supermarket,Netto,,,Netto,,,,50.6685113,17.9310613
4603663286,node,supermarket,Biedronka,,,Biedronka,,,,51.4049955,21.131747
4604857967,node,supermarket,Biedronka,,,Biedronka,,,,50.0355731,21.9994213
4618237074,node,supermarket,Stokrotka,,,Stokrotka,,,,52.43851,16.9228913
4634574994,node,supermarket,Dino,,,Dino,,,,53.5952366,18.3475012
4635678378,node,supermarket,Stokrotka,,,Stokrotka,,,,50.5311147,22.7144324
4641477354,node,supermarket,Biedronka,,,Biedronka,,,,51.2025214,16.1596094
4665174493,node,supermarket,Netto,,,Netto,,,,50.144898,18.7798563
4665237689,node,supermarket,Biedronka,,,Biedronka,,,,50.1446829,18.7744916
4666303890,node,supermarket,Lidl,,,Lidl,,,,50.1445355,18.7733418
4675441857,node,supermarket,Biedronka,,,Biedronka,,,,50.6610363,17.8901676
4678971373,node,supermarket,Biedronka,,,Biedronka,,,,50.078535,19.8920637
4681338204,node,supermarket,Biedronka,,,Biedronka,,,,51.1039165,17.0811181
4703944202,node,supermarket,Biedronka,,,Biedronka,,,,50.9521645,20.2509906
4717277737,node,supermarket,Biedronka,,,Biedronka,,,,52.4460363,16.7868656
4727967900,node,supermarket,Stokrotka,,,Stokrotka,,,,51.4047199,21.1292373
4732419424,node,supermarket,Lidl,,,Lidl,,,,52.1812317,21.0038387
4732454029,node,supermarket,Biedronka,,,Biedronka,,,,51.4191094,21.2089321
4744049266,node,supermarket,Biedronka,,,Biedronka,,,,52.9914113,22.8817068
4745186721,node,supermarket,Biedronka,,,Biedronka,,,,50.8988989,16.7465266
4745222478,node,supermarket,Dino,,,Dino,,,,53.1697004,15.4228938
4748697336,node,supermarket,E.Leclerc,,,E.Leclerc,,,,51.3786507,21.1256291
4749862537,node,supermarket,Netto,,,Netto,,,,50.0100946,20.9772093
4762972956,node,supermarket,Biedronka,,,Biedronka,,,,51.7631468,18.0855329
4796222061,node,supermarket,Stokrotka,,,Stokrotka,,,,52.1589103,21.2128896
4809857922,node,supermarket,Biedronka,,,Biedronka,,,,54.3932267,18.6178448
4832767227,node,supermarket,Stokrotka,,,Stokrotka,,,,50.6096344,22.964439
4837904858,node,supermarket,Biedronka,,,Biedronka,,,,50.0470395,21.98582
4846505715,node,supermarket,Biedronka,,,Biedronka,,,,54.6705044,17.6164759
4849186908,node,supermarket,Biedronka,,,Biedronka,,,,51.0521969,21.0851384
4849217386,node,supermarket,Lidl,,,Lidl,,,,51.0521211,21.086979
4854298997,node,supermarket,Carrefour Market,,,Carrefour Market,,,,52.1880457,21.0604378
4854722321,node,supermarket,Biedronka,,,Biedronka,,,,52.2659213,21.0404592
4855865221,node,supermarket,Biedronka,,,Biedronka,,,,50.3196593,18.6892851
4861609463,node,supermarket,Lidl,,,Lidl,,,,53.1536677,16.7095423
4867778968,node,supermarket,Dino,,,Dino,,,,51.8690243,16.5779101
4868359414,node,supermarket,Biedronka,,,Biedronka,,,,51.7503594,18.067862
4889695484,node,supermarket,Lidl,,,Lidl,,,,50.4502221,16.6416693
4890463763,node,supermarket,Carrefour Market,,,Carrefour Market,,,,52.1666692,21.1112306
4908694924,node,supermarket,Stokrotka,,,Stokrotka,,,,51.0455813,21.084105
4914677698,node,supermarket,Netto,,,Netto,,,,52.3936662,16.8973326
4916485983,node,supermarket,Biedronka,,,Biedronka,,,,49.8723522,21.7763449
4944563324,node,supermarket,Biedronka,,,Biedronka,,,,51.8001274,19.7472623
4944843918,node,supermarket,Biedronka,,,Biedronka,,,,50.4431839,18.8281949
4947142759,node,supermarket,Biedronka,,,Biedronka,,,,51.0599773,21.0668045
4948484728,node,supermarket,Biedronka,,,Biedronka,,,,52.4152077,16.9061213
4959081703,node,supermarket,Kaufland,,,Kaufland,,,,50.530078,22.7078988
4959432605,node,supermarket,Biedronka,,,Biedronka,,,,51.0349421,17.3397779
4963137263,node,supermarket,Biedronka,,,Biedronka,,,,52.2375305,20.9754098
4968909621,node,supermarket,Dino,,,Dino,,,,51.1953652,16.1580366
4980329386,node,supermarket,Stokrotka Market,,,Stokrotka Market,,,,50.6666721,22.6716138
4987249144,node,supermarket,Netto,,,Netto,,,,51.3015376,22.8885014
4994925621,node,supermarket,Biedronka,,,Biedronka,,,,54.7181847,18.4058212
4995033722,node,supermarket,Stokrotka,,,Stokrotka,,,,50.0197747,21.9714279
4996173564,node,supermarket,Biedronka,,,Biedronka,,,,50.8387999,16.50786
4998698570,node,supermarket,Stokrotka,,,Stokrotka,,,,50.8501113,17.4645786
5010016786,node,supermarket,E.Leclerc,,,E.Leclerc,,,,50.2924562,19.1837916
5011380222,node,supermarket,Dino,,,Dino,,,,50.6692219,18.6871701
5018046322,node,supermarket,Lidl,,,Lidl,,,,52.2199509,20.8952973
5029224025,node,supermarket,Stokrotka,,,Stokrotka,,,,52.645801,19.0925885
5038366691,node,supermarket,Lidl,,,Lidl,,,,52.2684999,21.0611905
5038386987,node,supermarket,Carrefour,,,Carrefour,,,,51.9381777,15.4953528
5043436983,node,supermarket,Biedronka,,,Biedronka,,,,52.8786299,16.0138721
5048367721,node,supermarket,Carrefour Market,,,Carrefour Market,,,,50.6822821,21.7579592
5050346382,node,supermarket,Auchan,,,Auchan,,,,54.5860803,18.3744589
5060868392,node,supermarket,Carrefour Express,,,Carrefour Express,,,,51.9617165,19.2899239
5060868393,node,supermarket,Biedronka,,,Biedronka,,,,51.9587834,19.2992063
5061614943,node,supermarket,Biedronka,,,Biedronka,,,,49.6428866,19.3272867
5073798121,node,supermarket,Biedronka,,,Biedronka,,,,52.4780905,16.7820722
5075347313,node,supermarket,Stokrotka Market,,,Stokrotka Market,,,,50.9848931,23.1718876
5079634753,node,supermarket,Stokrotka,,,Stokrotka,,,,51.6417923,22.4472289
5088119199,node,supermarket,Biedronka,,,Biedronka,,,,53.0700988,21.5930965
5103469321,node,supermarket,Biedronka,,,Biedronka,,,,52.3947884,16.7990965
5106051174,node,supermarket,Carrefour,,,Carrefour,,,,52.3181053,20.9660758
5110441529,node,supermarket,Biedronka,,,Biedronka,,,,52.2321892,21.0117895
5120853088,node,supermarket,Biedronka,,,Biedronka,,,,51.5454814,20.0064492
5120853098,node,supermarket,Biedronka,,,Biedronka,,,,51.5217264,20.0240322
5125556859,node,supermarket,Biedronka,,,Biedronka,,,,50.2357802,19.1364402
5126210026,node,supermarket,Biedronka,,,Biedronka,,,,50.2364579,19.1279563
5128402128,node,supermarket,Carrefour,,,Carrefour,,,,51.7104368,19.4918912
5136004236,node,supermarket,Biedronka,,,Biedronka,,,,51.4094809,19.6947984
5143281783,node,supermarket,Carrefour,,,Carrefour,,,,52.0563801,20.4372775
5146881182,node,supermarket,Biedronka,,,Biedronka,,,,49.6078021,21.5183787
5147855323,node,supermarket,Dino,,,Dino,,,,52.5077182,16.2554508
5168951752,node,supermarket,Biedronka,,,Biedronka,,,,52.3453875,17.0642604
5170900446,node,supermarket,Intermarché,,,Intermarché,,,,52.4044851,17.0967731
5175842458,node,supermarket,Biedronka,,,Biedronka,,,,52.8864392,21.3899052
5179967352,node,supermarket,Dino,,,Dino,,,,53.7278136,17.6221578
5203278323,node,supermarket,Stokrotka,,,Stokrotka,,,,53.7668373,16.0982022
5236117730,node,supermarket,Biedronka,,,Biedronka,,,,51.2648353,15.5589521
5236208559,node,supermarket,Biedronka,,,Biedronka,,,,52.2686271,21.0571977
5245739823,node,supermarket,Biedronka,,,Biedronka,,,,53.1916338,18.6127563
5246493129,node,supermarket,Netto,,,Netto,,,,51.2074406,16.1532475
5249400402,node,supermarket,Dino,,,Dino,,,,52.0657547,20.443345
5262422418,node,supermarket,Biedronka,,,Biedronka,,,,52.7506526,16.987838
5263654707,node,supermarket,Biedronka,,,Biedronka,,,,50.096392,19.9484038
5271331127,node,supermarket,Auchan,,,Auchan,,,,54.4967259,18.5404157
5286094196,node,supermarket,Biedronka,,,Biedronka,,,,54.4103436,18.573008
5291126139,node,supermarket,Biedronka,,,Biedronka,,,,52.2478024,20.9166027
5293917242,node,supermarket,Biedronka,,,Biedronka,,,,52.1872537,21.0472413
5300885153,node,supermarket,Biedronka,,,Biedronka,,,,50.6761161,18.6483657
5300885205,node,supermarket,Biedronka,,,Biedronka,,,,50.6796957,18.6785643
5301473222,node,supermarket,Biedronka,,,Biedronka,,,,50.7719012,19.1511302
5302422251,node,supermarket,Biedronka,,,Biedronka,,,,52.446785,15.5791802
5307251624,node,supermarket,Biedronka,,,Biedronka,,,,49.8583258,20.8151058
5312832512,node,supermarket,Biedronka,,,Biedronka,,,,51.6758948,16.0971543
5332814443,node,supermarket,Biedronka,,,Biedronka,,,,50.0863744,19.9387191
5341651060,node,supermarket,Biedronka,,,Biedronka,,,,52.1465539,21.0437551
5348024527,node,supermarket,Biedronka,,,Biedronka,,,,50.1764447,22.6099921
5348854372,node,supermarket,Biedronka,,,Biedronka,,,,51.9889176,22.7794794
5348855726,node,supermarket,Lidl,,,Lidl,,,,51.9891518,22.7790056
5348855727,node,supermarket,Biedronka,,,Biedronka,,,,51.9858795,22.7896211
5355678568,node,supermarket,Biedronka,,,Biedronka,,,,50.7053962,22.4125738
5364223525,node,supermarket,Lidl,,,Lidl,,,,51.3004286,22.8793985
5371279915,node,supermarket,Biedronka,,,Biedronka,,,,51.117412,17.032796
5380275103,node,supermarket,Biedronka,,,Biedronka,,,,52.3158224,21.0621269
5381287021,node,supermarket,Biedronka,,,Biedronka,,,,51.1243175,16.9874104
5388233668,node,supermarket,Biedronka,,,Biedronka,,,,52.2561303,21.1585112
5394061592,node,supermarket,Biedronka,,,Biedronka,,,,52.1856419,20.9895126
5395453139,node,supermarket,Lidl,,,Lidl,,,,51.8408022,16.5905274
5398074393,node,supermarket,Dino,,,Dino,,,,51.1539485,16.9298785
5404121594,node,supermarket,Stokrotka,,,Stokrotka,,,,50.112012,19.0034264
5405203798,node,supermarket,Stokrotka,,,Stokrotka,,,,50.1079094,18.9910567
5408084774,node,supermarket,Biedronka,,,Biedronka,,,,49.7455917,21.4604176
5420944562,node,supermarket,Biedronka,,,Biedronka,,,,52.1918102,21.0249997
5440379630,node,supermarket,Biedronka,,,Biedronka,,,,52.2454002,21.1095892
5440448353,node,supermarket,Biedronka,,,Biedronka,,,,52.2264951,21.0667236
5448195523,node,supermarket,Biedronka,,,Biedronka,,,,50.0888066,19.9491593
5448773525,node,supermarket,Biedronka,,,Biedronka,,,,53.136629,18.0168978
5455197921,node,supermarket,Biedronka,,,Biedronka,,,,52.2598832,21.028823
5468523998,node,supermarket,Biedronka,,,Biedronka,,,,54.0875024,18.7742749
5477422128,node,supermarket,Biedronka,,,Biedronka,,,,52.9829104,22.8930045
5482216292,node,supermarket,Kaufland,,,Kaufland,,,,50.0841107,19.9362424
5550725249,node,supermarket,Biedronka,,,Biedronka,,,,52.9959138,16.923665
5551951074,node,supermarket,Biedronka,,,Biedronka,,,,54.1545071,19.4096633
5555138359,node,supermarket,Biedronka,,,Biedronka,,,,52.1137912,16.1180962
5558377686,node,supermarket,Intermarché Super,,,Intermarché Super,,,,52.5260758,17.5994428
5562433622,node,supermarket,Biedronka,,,Biedronka,,,,50.8520561,19.969408
5575334521,node,supermarket,Dino,,,Dino,,,,53.1002504,14.6672941
5578316321,node,supermarket,Biedronka,,,Biedronka,,,,53.3995107,23.5177077
5611475917,node,supermarket,Biedronka,,,Biedronka,,,,51.6429917,15.1263489
5626692062,node,supermarket,Stokrotka,,,Stokrotka,,,,54.3114344,18.5968878
5632233621,node,supermarket,Stokrotka,,,Stokrotka,,,,50.305301,18.6867443
5653894052,node,supermarket,Stokrotka,,,Stokrotka,,,,54.6042903,18.2522447
5659018400,node,supermarket,Biedronka,,,Biedronka,,,,52.2525346,21.0526783
5660388402,node,supermarket,Biedronka,,,Biedronka,,,,50.042197,21.9729462
5663361440,node,supermarket,Biedronka,,,Biedronka,,,,52.4055052,22.2432954
5663361442,node,supermarket,Biedronka,,,Biedronka,,,,53.1485234,17.9722948
5663361451,node,supermarket,Biedronka,,,Biedronka,,,,54.0189398,19.0144046
5663361616,node,supermarket,Biedronka,,,Biedronka,,,,50.2739378,20.4823145
5663361618,node,supermarket,Biedronka,,,Biedronka,,,,51.6254628,19.2402529
5663499366,node,supermarket,Lidl,,,Lidl,,,,54.4096493,18.5683233
5665514529,node,supermarket,Biedronka,,,Biedronka,,,,53.5955889,19.5651497
5667225825,node,supermarket,Dino,,,Dino,,,,53.1653534,17.7029386
5671302217,node,supermarket,Biedronka,,,Biedronka,,,,51.0674162,15.3711724
5675521922,node,supermarket,Biedronka,,,Biedronka,,,,52.5328382,17.6017156
5693296915,node,supermarket,Carrefour Express,,,Carrefour Express,,,,52.2405384,20.9673615
5700049165,node,supermarket,Biedronka,,,Biedronka,,,,50.0229477,22.6753193
5700723887,node,supermarket,Biedronka,,,Biedronka,,,,53.559443,14.8370946
5701602321,node,supermarket,Biedronka,,,Biedronka,,,,54.6062401,18.346941
5725163591,node,supermarket,Biedronka,,,Biedronka,,,,54.6086801,18.2471087
5731842910,node,supermarket,Biedronka,,,Biedronka,,,,50.3182637,19.2081264
5734039560,node,supermarket,Biedronka,,,Biedronka,,,,52.2262692,20.94881
5734241756,node,supermarket,Netto,,,Netto,,,,54.6159944,18.1754604
5739515132,node,supermarket,Stokrotka,,,Stokrotka,,,,52.5413388,19.7295942
5745350354,node,supermarket,Biedronka,,,Biedronka,,,,52.3249188,17.5908861
5746958251,node,supermarket,Biedronka,,,Biedronka,,,,53.9033665,18.2225337
5747615927,node,supermarket,Biedronka,,,Biedronka,,,,52.8013197,22.3085918
5775037045,node,supermarket,Biedronka,,,Biedronka,,,,50.8408583,16.4876669
5775037553,node,supermarket,Biedronka,,,Biedronka,,,,50.766933,16.2656102
5779195232,node,supermarket,Stokrotka,,,Stokrotka,,,,50.3114015,18.9153181
5781793053,node,supermarket,Biedronka,,,Biedronka,,,,52.3052998,16.4156828
5784931461,node,supermarket,Biedronka,,,Biedronka,,,,54.0115111,21.7351486
5792556083,node,supermarket,Dino,,,Dino,,,,51.1628477,16.5885813
5794229825,node,supermarket,Biedronka,,,Biedronka,,,,52.5057727,16.2669948
5819256853,node,supermarket,Biedronka,,,Biedronka,,,,52.2734773,20.9306444
5840220891,node,supermarket,Biedronka,,,Biedronka,,,,53.1672959,22.0537184
5851429465,node,supermarket,Biedronka,,,Biedronka,,,,52.3970073,16.9025057
5863833427,node,supermarket,Stokrotka,,,Stokrotka,,,,50.8220882,16.2651467
5875239885,node,supermarket,Biedronka,,,Biedronka,,,,50.859448,17.4716879
5878193720,node,supermarket,Lidl,,,Lidl,,,,53.1445029,16.7336621
5922184787,node,supermarket,Biedronka,,,Biedronka,,,,52.2511179,20.9937102
5922395087,node,supermarket,Stokrotka,,,Stokrotka,,,,51.2686311,16.7039956
5922939385,node,supermarket,Lidl,,,Lidl,,,,54.3935028,18.4035701
5939091360,node,supermarket,Biedronka,,,Biedronka,,,,52.6181688,16.5803084
5940937695,node,supermarket,Stokrotka,,,Stokrotka,,,,51.4910377,21.6258469
5964749507,node,supermarket,Dino,,,Dino,,,,51.8797261,16.0766604
5973038780,node,supermarket,Biedronka,,,Biedronka,,,,50.9350943,17.3017057
5980801026,node,supermarket,Biedronka,,,Biedronka,,,,49.6077231,19.1189263
6013188201,node,supermarket,Biedronka,,,Biedronka,,,,52.1788851,21.0202899
6014702708,node,supermarket,Stokrotka,,,Stokrotka,,,,51.2220523,22.5009165
6036566149,node,supermarket,Biedronka,,,Biedronka,,,,53.413342,19.5928806
6052608020,node,supermarket,Biedronka,,,Biedronka,,,,52.3191061,20.9629124
6053471355,node,supermarket,Intermarché,,,Intermarché,,,,54.5655304,18.5033763
6062995387,node,supermarket,Carrefour Market,,,Carrefour Market,,,,50.0176145,19.8932039
6102567099,node,supermarket,Biedronka,,,Biedronka,,,,50.0962587,19.0114013
6106516755,node,supermarket,Biedronka,,,Biedronka,,,,50.3026808,19.0177183
6106748269,node,supermarket,Netto,,,Netto,,,,52.4309842,16.9296226
6112748798,node,supermarket,Biedronka,,,Biedronka,,,,53.4218899,14.5405024
6126606360,node,supermarket,Biedronka,,,Biedronka,,,,54.1729751,19.4002353
6135164179,node,supermarket,Dino,,,Dino,,,,51.8200877,16.7573743
6138760512,node,supermarket,Dino,,,Dino,,,,53.0937457,17.8527942
6144750331,node,supermarket,Biedronka,,,Biedronka,,,,53.1375642,23.1647078
6144907938,node,supermarket,Biedronka,,,Biedronka,,,,52.1970437,18.6386768
6153988617,node,supermarket,Dino,,,Dino,,,,50.6140682,20.7435846
6158992486,node,supermarket,Stokrotka,,,Stokrotka,,,,51.2672684,22.5279775
6176533785,node,supermarket,Auchan Supermarket,,,Auchan,,,,51.0868594,17.0478848
6181956485,node,supermarket,Dino,,,Dino,,,,50.6621939,17.8958272
6182042088,node,supermarket,Biedronka,,,Biedronka,,,,50.6700407,17.9126024
6183887442,node,supermarket,Biedronka,,,Biedronka,,,,54.0901307,18.7856316
6187060333,node,supermarket,Biedronka,,,Biedronka,,,,52.2450415,19.3759937
6203186910,node,supermarket,Intermarché,,,Intermarché,,,,52.3045588,16.4094322
6215795485,node,supermarket,Biedronka,,,Biedronka,,,,52.1672016,21.0748148
6221137298,node,supermarket,Stokrotka,,,Stokrotka,,,,50.1161766,18.9908705
6221711488,node,supermarket,Lidl,,,Lidl,,,,50.0117483,19.8872125
6238289814,node,supermarket,Stokrotka,,,Stokrotka,,,,51.194563,22.5264832
6240433586,node,supermarket,Dino,,,Dino,,,,50.8527846,17.4615823
6242331540,node,supermarket,Stokrotka Market,,,Stokrotka Market,,,,51.1038898,17.1112641
6255906976,node,supermarket,Biedronka,,,Biedronka,,,,51.762163,19.4755729
6270201475,node,supermarket,Biedronka,,,Biedronka,,,,52.4027054,16.9126051
6273779883,node,supermarket,Biedronka,,,Biedronka,,,,54.1125715,20.1344006
6274197696,node,supermarket,Biedronka,,,Biedronka,,,,52.4003606,16.928061
6274197697,node,supermarket,Biedronka,,,Biedronka,,,,52.3925292,16.9168391
6274197698,node,supermarket,Biedronka,,,Biedronka,,,,52.4270129,16.7860355
6274197699,node,supermarket,Biedronka,,,Biedronka,,,,52.2454275,16.8540725
6274197700,node,supermarket,Biedronka,,,Biedronka,,,,50.0625803,19.9364224
6278396332,node,supermarket,Biedronka,,,Biedronka,,,,51.1109072,17.0133857
6279279995,node,supermarket,Stokrotka,,,Stokrotka,,,,51.2117679,22.6438997
6285171925,node,supermarket,Stokrotka,,,Stokrotka,,,,51.2520084,22.5295796
6290890443,node,supermarket,Lidl,,,Lidl,,,,52.2445783,16.8436197
6299632096,node,supermarket,Biedronka,,,Biedronka,,,,49.2929636,19.9580694
6304233037,node,supermarket,Stokrotka,,,Stokrotka,,,,51.1416961,22.8295417
6304389011,node,supermarket,Dino,,,Dino,,,,50.1112595,18.989262
6305646675,node,supermarket,Biedronka,,,Biedronka,,,,53.8127828,21.9425188
6342038985,node,supermarket,Biedronka,,,Biedronka,,,,51.1171982,17.0210027
6343622817,node,supermarket,Carrefour Market,,,Carrefour,,,,52.1540936,21.0818076
6387251069,node,supermarket,Stokrotka Optima,,,Stokrotka Optima,,,,52.4083019,22.2340745
6401159582,node,supermarket,Biedronka,,,Biedronka,,,,53.116358,17.9563105
6406836547,node,supermarket,Biedronka,,,Biedronka,,,,52.6771895,15.304535
6435651379,node,supermarket,Biedronka,,,Biedronka,,,,53.9318053,18.3360436
6440031987,node,supermarket,Biedronka,,,Biedronka,,,,53.3610935,20.4293086
6440032185,node,supermarket,Biedronka,,,Biedronka,,,,53.5544595,20.9889929
6447323276,node,supermarket,Stokrotka,,,Stokrotka,,,,53.5607639,21.0173794
6469870805,node,supermarket,Stokrotka,,,Stokrotka,,,,50.0226238,20.0492139
6482829079,node,supermarket,Biedronka,,,Biedronka,,,,52.3792799,16.9835521
6486479573,node,supermarket,Biedronka,,,Biedronka,,,,52.2313777,21.01724
6512696230,node,supermarket,Biedronka,,,Biedronka,,,,50.8481012,17.4260446
6516598744,node,supermarket,Biedronka,,,Biedronka,,,,52.215696,20.8486766
6519235957,node,supermarket,Biedronka,,,Biedronka,,,,53.3687762,14.5986428
6524146382,node,supermarket,Biedronka,,,Biedronka,,,,50.2946667,18.6727443
6547600146,node,supermarket,Stokrotka,,,Stokrotka,,,,53.0240773,20.8843303
6547642289,node,supermarket,Lidl,,,Lidl,,,,53.0172571,20.8891438
6565731148,node,supermarket,Stokrotka,,,Stokrotka,,,,50.0296802,18.6923127
6577025266,node,supermarket,Dino,,,Dino,,,,51.4660289,21.4731845
6577448335,node,supermarket,Biedronka,,,Biedronka,,,,52.5332141,19.1504831
6578886659,node,supermarket,Biedronka,,,Biedronka,,,,54.3830897,18.5922132
6587927139,node,supermarket,Biedronka,,,Biedronka,,,,50.670548,18.7051016
6588373687,node,supermarket,Biedronka,,,Biedronka,,,,54.4122189,18.5865321
6594131267,node,supermarket,Carrefour Market,,,Carrefour Market,,,,51.2561669,15.55669
6613521024,node,supermarket,Biedronka,,,Biedronka,,,,50.3059486,19.0267093
6617637003,node,supermarket,Dino,,,Dino,,,,52.3565708,16.6738654
6621202954,node,supermarket,Dino,,,Dino,,,,52.5667232,14.9193723
6621203376,node,supermarket,Dino,,,Dino,,,,52.7027217,15.3368855
6621561675,node,supermarket,Dino,,,Dino,,,,52.1141187,16.0936042
6624786871,node,supermarket,Dino,,,Dino,,,,53.4431043,16.9859705
6641349231,node,supermarket,Stokrotka,,,Stokrotka,,,,52.2713622,16.8626094
6656000419,node,supermarket,Biedronka,,,Biedronka,,,,52.4301011,16.9205862
6660792633,node,supermarket,Biedronka,,,Biedronka,,,,52.8792677,18.6914901
6681678457,node,supermarket,Biedronka,,,Biedronka,,,,52.1415761,21.0657036
6700262688,node,supermarket,Biedronka,,,Biedronka,,,,50.3012847,19.0315386
6700331265,node,supermarket,Biedronka,,,Biedronka,,,,51.8045393,15.7040351
6700780965,node,supermarket,Stokrotka,,,Stokrotka,,,,49.3871307,20.1048417
6718214856,node,supermarket,Biedronka,,,Biedronka,,,,50.0412789,18.6834983
6720425944,node,supermarket,Stokrotka,,,Stokrotka,,,,50.1097083,18.9884058
6734310594,node,supermarket,Lidl,,,Lidl,,,,52.2338754,21.1126369
6765113487,node,supermarket,Biedronka,,,Biedronka,,,,52.1776284,21.0435639
6777925524,node,supermarket,Kaufland,,,Kaufland,,,,51.092461,17.0307863
6785141689,node,supermarket,Biedronka,,,Biedronka,,,,51.3501976,19.3764354
6795596587,node,supermarket,Stokrotka,,,Stokrotka,,,,51.9012512,23.5989996
6815230904,node,supermarket,Biedronka,,,Biedronka,,,,54.0339695,19.0345847
6820767229,node,supermarket,Stokrotka,,,Stokrotka,,,,51.2486374,22.5174966
6820980630,node,supermarket,Lidl,,,Lidl,,,,50.6705284,17.926372
6852420568,node,supermarket,Biedronka,,,Biedronka,,,,50.9365316,17.2700643
6871739874,node,supermarket,Stokrotka,,,Stokrotka,,,,51.1952613,23.1619398
6900650506,node,supermarket,Biedronka,,,Biedronka,,,,52.1874977,21.0053073
6904686162,node,supermarket,Biedronka,,,Biedronka,,,,50.8034123,23.9009728
6925032664,node,supermarket,Stokrotka,,,Stokrotka,,,,54.4128508,18.5976274
6939816256,node,supermarket,Biedronka,,,Biedronka,,,,51.1947917,19.4999339
6942359322,node,supermarket,Dino,,,Dino,,,,51.3846918,20.3065904
6949548591,node,supermarket,Biedronka,,,Biedronka,,,,52.2877528,21.0218459
6987970769,node,supermarket,Biedronka,,,Biedronka,,,,50.8656294,20.6410465
6993479475,node,supermarket,Stokrotka,,,Stokrotka,,,,53.6997831,17.5718333
7004087085,node,supermarket,Stokrotka,,,Stokrotka,,,,50.5446292,18.3814618
7023768051,node,supermarket,Stokrotka,,,Stokrotka,,,,49.9847616,20.0449146
7028589661,node,supermarket,Biedronka,,,Biedronka,,,,49.7155813,19.0240019
7037860985,node,supermarket,Biedronka,,,Biedronka,,,,54.128295,22.9410464
7056187921,node,supermarket,Dino,,,Dino,,,,50.2891367,18.8142859
7066564429,node,supermarket,Biedronka,,,Biedronka,,,,53.0128467,18.562245
7069125306,node,supermarket,Biedronka,,,Biedronka,,,,50.0142,19.8960734
7074331654,node,supermarket,Biedronka,,,Biedronka,,,,54.3540676,18.606916
7087065532,node,supermarket,Lidl,,,Lidl,,,,52.5540083,17.6067677
7090891528,node,supermarket,Biedronka,,,Biedronka,,,,54.3935015,18.402054
7090891531,node,supermarket,Biedronka,,,Biedronka,,,,54.3453211,18.3624741
7091577650,node,supermarket,Lidl,,,Lidl,,,,54.3395063,18.3528449
7106441259,node,supermarket,Biedronka,,,Biedronka,,,,51.9424782,15.5018034
7108003020,node,supermarket,Biedronka,,,Biedronka,,,,53.4092814,14.5182841
7114064188,node,supermarket,Biedronka,,,Biedronka,,,,52.2474273,21.0751566
7159247996,node,supermarket,Biedronka,,,Biedronka,,,,51.7959087,16.6579389
7164817899,node,supermarket,Netto,,,Netto,,,,52.2574962,21.1679856
7169331159,node,supermarket,Dino,,,Dino,,,,52.9900571,22.2520632
7195668851,node,supermarket,Biedronka,,,Biedronka,,,,51.9721456,20.1479829
7211522677,node,supermarket,Biedronka,,,Biedronka,,,,52.236707,20.9590226
7237283207,node,supermarket,Carrefour,,,Carrefour,,,,50.0458809,21.4118536
7252647617,node,supermarket,Lidl,,,Lidl,,,,53.4245973,14.5501874
7262935813,node,supermarket,Biedronka,,,Biedronka,,,,50.8480665,17.4729747
7263439149,node,supermarket,Stokrotka,,,Stokrotka,,,,50.4518023,23.4158077
7274216231,node,supermarket,Lidl,,,Lidl,,,,53.0159904,18.5633044
7283090261,node,supermarket,Biedronka,,,Biedronka,,,,52.8689805,21.1006405
7294337070,node,supermarket,Biedronka,,,Biedronka,,,,52.24744,20.8438537
7325793308,node,supermarket,Biedronka,,,Biedronka,,,,50.4851538,19.4143994
7343227065,node,supermarket,Lidl,,,Lidl,,,,51.1442171,23.4456695
7485285081,node,supermarket,Stokrotka,,,Stokrotka,,,,51.2396872,22.5121415
7499269022,node,supermarket,Stokrotka,,,Stokrotka,,,,50.1368121,19.6428102
7501747858,node,supermarket,Lidl,,,Lidl,,,,54.3385501,18.2052913
7503597859,node,supermarket,Dino,,,Dino,,,,51.3690635,16.2384061
7514811028,node,supermarket,Biedronka,,,Biedronka,,,,53.3933017,14.500974
7544298570,node,supermarket,Stokrotka,,,Stokrotka,,,,51.0194437,18.0496481
7544761588,node,supermarket,Biedronka,,,Biedronka,,,,50.9155652,17.8319098
7549679138,node,supermarket,Biedronka,,,Biedronka,,,,51.1804116,15.0332501
7553531487,node,supermarket,Biedronka,,,Biedronka,,,,52.2455746,21.1819888
7553583974,node,supermarket,Stokrotka,,,Stokrotka,,,,51.2706518,22.524006
7562355328,node,supermarket,Biedronka,,,Biedronka,,,,52.3261917,21.2123951
7563303169,node,supermarket,Stokrotka,,,Stokrotka,,,,50.5395831,22.7186837
7565163986,node,supermarket,Dino,,,Dino,,,,51.1190766,21.1793376
7589567397,node,supermarket,Biedronka,,,Biedronka,,,,52.3461285,20.8680211
7609569391,node,supermarket,Intermarché,,,Intermarché,,,,53.5320959,16.0188598
7627025027,node,supermarket,Biedronka,,,Biedronka,,,,51.8281309,17.2277444
7632793598,node,supermarket,Biedronka,,,Biedronka,,,,54.3458078,17.8970017
7645515819,node,supermarket,Auchan,,,Auchan,,,,50.0937713,19.9465657
7652982551,node,supermarket,Dino,,,Dino,,,,52.0705046,17.5584116
7683709030,node,supermarket,Dino,,,Dino,,,,51.1733099,16.9139391
7684825205,node,supermarket,Stokrotka Market,,,Stokrotka Market,,,,52.6172678,19.0270906
7685504785,node,supermarket,Biedronka,,,Biedronka,,,,50.8230066,20.5268598
7692418204,node,supermarket,Biedronka,,,Biedronka,,,,53.1806216,16.7527493
7695855539,node,supermarket,Biedronka,,,Biedronka,,,,52.8011396,18.2526226
7698864263,node,supermarket,Biedronka,,,Biedronka,,,,52.1365793,22.2931151
7702547509,node,supermarket,Biedronka,,,Biedronka,,,,51.0572007,16.1947718
7711794939,node,supermarket,Biedronka,,,Biedronka,,,,52.3170285,21.1650663
7729271323,node,supermarket,Netto,,,Netto,,,,52.3408228,21.2026445
7730502037,node,supermarket,Lidl,,,Lidl,,,,54.2044468,21.755705
7747819544,node,supermarket,Netto,,,Netto,,,,53.0403218,16.4505979
7752488865,node,supermarket,Biedronka,,,Biedronka,,,,51.8720614,21.6395467
7761385493,node,supermarket,Biedronka,,,Biedronka,,,,53.2535496,19.822714
7769549552,node,supermarket,Biedronka,,,Biedronka,,,,49.9941337,20.0535548
7769638730,node,supermarket,Stokrotka,,,Stokrotka,,,,51.2585381,22.5523967
7771098781,node,supermarket,Dino,,,Dino,,,,50.955085,21.376967
7780673967,node,supermarket,Biedronka,,,Biedronka,,,,52.4152526,21.18899
7796373037,node,supermarket,Stokrotka,,,Stokrotka,,,,50.8079022,20.2825131
7797508102,node,supermarket,Dino,,,Dino,,,,52.3077758,17.0178849
7804944173,node,supermarket,Dino,,,Dino,,,,52.0921973,16.6567585
7819785204,node,supermarket,Biedronka,,,Biedronka,,,,52.2283792,20.9847163
7850600968,node,supermarket,Stokrotka,,,Stokrotka,,,,50.7043308,22.4217351
7853383769,node,supermarket,Biedronka,,,Biedronka,,,,53.2030422,18.3735247
7862236633,node,supermarket,Biedronka,,,Biedronka,,,,50.4716413,17.9581409
7873656606,node,supermarket,Stokrotka,,,Stokrotka,,,,49.996551,19.4321574
7873656607,node,supermarket,Biedronka,,,Biedronka,,,,49.9969971,19.4314633
7877409775,node,supermarket,Biedronka,,,Biedronka,,,,49.6893806,19.1821718
7877632182,node,supermarket,Biedronka,,,Biedronka,,,,49.7097537,21.639597
7891521941,node,supermarket,Dino,,,Dino,,,,52.6265454,16.4553127
7892403331,node,supermarket,Stokrotka,,,Stokrotka,,,,51.6244889,21.9304264
7922254193,node,supermarket,Dino,,,Dino,,,,51.0474293,20.8381997
7942742752,node,supermarket,Lidl,,,Lidl,,,,51.1023258,17.1575537
7943135568,node,supermarket,Stokrotka,,,Stokrotka,,,,51.6675407,16.0823814
7985526826,node,supermarket,Biedronka,,,Biedronka,,,,52.2774477,16.6908473
7996805093,node,supermarket,Carrefour,,,Carrefour,,,,54.3827461,18.6006806
8004176302,node,supermarket,Stokrotka,,,Stokrotka,,,,49.9257979,21.1240958
8014407953,node,supermarket,Stokrotka,,,Stokrotka,,,,52.2229621,17.2764137
8017181550,node,supermarket,Stokrotka,,,Stokrotka,,,,52.104284,20.624185
8062793690,node,supermarket,Dino,,,Dino,,,,51.008805,21.1107929
8068998364,node,supermarket,Carrefour Market,,,Carrefour Market,,,,50.8502778,17.4539789
8075581614,node,supermarket,Dino,,,Dino,,,,50.6656296,16.1863379
8081296022,node,supermarket,Intermarché,,,Intermarché,,,,52.3247237,17.5614046
8088901135,node,supermarket,Dino,,,Dino,,,,53.1872199,18.6011099
8091553738,node,supermarket,Dino,,,Dino,,,,52.4477689,21.4645076
8093690550,node,supermarket,Dino,,,Dino,,,,54.1734986,16.2033135
8098220671,node,supermarket,Lidl,,,Lidl,,,,50.2369563,19.0040695
8100771811,node,supermarket,Stokrotka,,,Stokrotka,,,,50.3323687,22.3359023
8105622846,node,supermarket,Biedronka,,,Biedronka,,,,52.6253936,16.4562845
8118358076,node,supermarket,Dino,,,Dino,,,,51.0716405,16.1078587
8131367919,node,supermarket,Biedronka,,,Biedronka,,,,52.3977366,22.0112369
8184230285,node,supermarket,Dino,,,Dino,,,,52.7142994,16.546538
8185607327,node,supermarket,Biedronka,,,Biedronka,,,,53.1524624,18.8984962
8205911810,node,supermarket,Biedronka,,,Biedronka,,,,51.9166382,22.3707709
8227834381,node,supermarket,Stokrotka,,,Stokrotka,,,,51.2593784,22.5447237
8249250969,node,supermarket,Stokrotka Market,,,Stokrotka Market,,,,53.4383872,14.4945422
8260254350,node,supermarket,Stokrotka,,,Stokrotka,,,,51.1354394,20.910978
8266938447,node,supermarket,Netto,,,Netto,,,,54.7919559,18.4178909
8274116641,node,supermarket,Biedronka,,,Biedronka,,,,53.3491344,18.4435832
8278916083,node,supermarket,Biedronka,,,Biedronka,,,,51.5077635,16.2676945
8288116827,node,supermarket,Biedronka,,,Biedronka,,,,51.2453194,22.5569962
8292941694,node,supermarket,Lidl,,,Lidl,,,,52.2497079,21.0342353
8314997948,node,supermarket,Lidl,,,Lidl,,,,50.7741771,16.2724975
8328790303,node,supermarket,Lidl,,,Lidl,,,,51.0823548,17.0352823
8378651079,node,supermarket,Lidl,,,Lidl,,,,51.817515,19.4342546
8380405091,node,supermarket,Biedronka,,,Biedronka,,,,53.1554612,23.1958111
8422188661,node,supermarket,Biedronka,,,Biedronka,,,,52.2380424,20.9946633
8435968635,node,supermarket,Dino,,,Dino,,,,53.1237112,17.6623754
8461566136,node,supermarket,Biedronka,,,Biedronka,,,,54.6088181,18.221491
8465735794,node,supermarket,Netto,,,Netto,,,,54.3566278,18.6486052
8477005640,node,supermarket,Biedronka,,,Biedronka,,,,52.2250625,20.956457
8494834931,node,supermarket,Carrefour,,,Carrefour,,,,51.4150685,21.9757145
8504787972,node,supermarket,Biedronka,,,Biedronka,,,,52.9187714,14.8587131
8504878434,node,supermarket,Biedronka,,,Biedronka,,,,53.102343,14.6506073
8519312520,node,supermarket,Stokrotka,,,Stokrotka,,,,53.3288417,19.0677839
8530052300,node,supermarket,Biedronka,,,Biedronka,,,,53.1500551,17.5900492
8537599475,node,supermarket,Stokrotka,,,Stokrotka,,,,50.0802988,19.9218871
8538220513,node,supermarket,Stokrotka,,,Stokrotka,,,,50.2697188,20.4839455
8543135524,node,supermarket,Stokrotka,,,Stokrotka,,,,52.275349,21.1175964
8553195046,node,supermarket,Lidl,,,Lidl,,,,52.204064,21.0482004
8553235272,node,supermarket,Dino,,,Dino,,,,52.1610831,20.373204
8565334890,node,supermarket,Biedronka,,,Biedronka,,,,53.3628615,21.564682
8567343603,node,supermarket,Biedronka,,,Biedronka,,,,50.165749,18.9032763
8572249820,node,supermarket,Netto,,,Netto,,,,49.8066507,18.9478791
8579705825,node,supermarket,Biedronka,,,Biedronka,,,,52.4326844,16.9456425
8592616833,node,supermarket,Biedronka,,,Biedronka,,,,50.9112787,15.3409397
8599498268,node,supermarket,Auchan,,,Auchan,,,,50.0275171,22.0352113
8608090108,node,supermarket,Biedronka,,,Biedronka,,,,52.2335292,20.993875
8629166797,node,supermarket,Biedronka,,,Biedronka,,,,52.2233823,21.2439186
8640592369,node,supermarket,Biedronka,,,Biedronka,,,,50.9575898,21.4231306
8651228274,node,supermarket,Biedronka,,,Biedronka,,,,52.3012147,21.1578642
8663445875,node,supermarket,Biedronka,,,Biedronka,,,,52.256434,21.045167
8669554670,node,supermarket,Dino,,,Dino,,,,53.5260398,15.8279367
8669554705,node,supermarket,Biedronka,,,Biedronka,,,,53.5264695,15.822125
8672759175,node,supermarket,Biedronka,,,Biedronka,,,,50.9154561,15.7593503
8677782371,node,supermarket,Biedronka,,,Biedronka,,,,52.1551588,21.0321971
8679713217,node,supermarket,Lidl,,,Lidl,,,,52.3345049,20.9002124
8687770762,node,supermarket,Stokrotka,,,Stokrotka,,,,50.1040708,19.3248475
8699226226,node,supermarket,Stokrotka,,,Stokrotka,,,,50.2887789,19.1138627
8709254043,node,supermarket,Dino,,,Dino,,,,51.6135441,15.3337211
8717119737,node,supermarket,Biedronka,,,Biedronka,,,,53.534337,17.5213103
8717123741,node,supermarket,Dino,,,Dino,,,,53.533139,17.5153499
8728041621,node,supermarket,Lidl,,,Lidl,,,,51.1130388,17.121129
8728590835,node,supermarket,Biedronka,,,Biedronka,,,,52.6990406,15.1117443
8736177130,node,supermarket,Biedronka,,,Biedronka,,,,51.5875545,19.1343418
8755278554,node,supermarket,Biedronka,,,Biedronka,,,,51.0480315,21.0776873
8761129121,node,supermarket,Biedronka,,,Biedronka,,,,52.3188293,20.9744479
8769302911,node,supermarket,Biedronka,,,Biedronka,,,,50.0924947,19.0895877
8772241102,node,supermarket,Dino,,,Dino,,,,51.8110357,18.0944639
8777312639,node,supermarket,Biedronka,,,Biedronka,,,,52.753346,18.2544347
8777433607,node,supermarket,Lidl,,,Lidl,,,,52.2885832,20.9320583
8792451875,node,supermarket,Netto,,,Netto,,,,53.6909987,17.551925
8792833023,node,supermarket,Biedronka,,,Biedronka,,,,50.0336436,21.057082
8805195837,node,supermarket,Stokrotka,,,Stokrotka,,,,52.1633693,20.8079454
8827634921,node,supermarket,Dino,,,Dino,,,,50.2303417,18.6509444
8833066006,node,supermarket,Netto,,,Netto,,,,53.435998,14.5486148
8838506285,node,supermarket,Biedronka,,,Biedronka,,,,52.2702311,20.9381771
8845993973,node,supermarket,Biedronka,,,Biedronka,,,,50.4395421,21.290253
8874409930,node,supermarket,Biedronka,,,Biedronka,,,,50.2907541,18.7813411
8874747053,node,supermarket,Biedronka,,,Biedronka,,,,53.9167457,19.0343216
8880380511,node,supermarket,Netto,,,Netto,,,,52.3990341,16.9062399
8889826543,node,supermarket,Biedronka,,,Biedronka,,,,52.2695705,21.1487978
8895475220,node,supermarket,Kaufland,,,Kaufland,,,,51.1370637,17.0675406
8908337143,node,supermarket,Netto,,,Netto,,,,52.1867368,21.1878775
8916581255,node,supermarket,Biedronka,,,Biedronka,,,,50.0914172,19.9885952
8917704311,node,supermarket,Stokrotka,,,Stokrotka,,,,54.1087772,23.3368046
8918530603,node,supermarket,Biedronka,,,Biedronka,,,,52.2055334,20.8830647
8930604731,node,supermarket,Dino,,,Dino,,,,53.4190775,18.0981197
8943839917,node,supermarket,Dino,,,Dino,,,,51.6065949,18.6135952
8944775373,node,supermarket,Dino,,,Dino,,,,52.7411305,18.9187152
8961122819,node,supermarket,Netto,,,Netto,,,,50.0374497,19.2118381
8962885005,node,supermarket,Intermarché,,,Intermarché,,,,54.3899413,18.6104913
8971456369,node,supermarket,Biedronka,,,Biedronka,,,,52.507464,18.0151577
8972931712,node,supermarket,Dino,,,Dino,,,,54.0348865,14.8069988
9004247475,node,supermarket,Kaufland,,,Kaufland,,,,52.2311537,20.8954376
9006624058,node,supermarket,Stokrotka,,,Stokrotka,,,,50.2827561,18.6663281
9010905036,node,supermarket,Netto,,,Netto,,,,52.1146754,20.6222445
9018139333,node,supermarket,Biedronka,,,Biedronka,,,,49.3977945,20.107509
9020274502,node,supermarket,Carrefour Market,,,Carrefour Market,,,,53.7769054,20.4827559
9026419598,node,supermarket,Dino,,,Dino,,,,51.306512,17.0621056
9043629398,node,supermarket,Stokrotka Supermarket,,,Stokrotka,,,,52.280303,21.1333043
9045417662,node,supermarket,Biedronka,,,Biedronka,,,,51.0423889,21.0867795
9048061523,node,supermarket,Biedronka,,,Biedronka,,,,53.2414879,19.409189
9060929917,node,supermarket,Dino,,,Dino,,,,50.3854198,19.7751219
9063074843,node,supermarket,Biedronka,,,Biedronka,,,,49.4787286,20.0268343
9063804823,node,supermarket,Stokrotka,,,Stokrotka,,,,52.3374542,20.9504877
9070110910,node,supermarket,Lidl,,,Lidl,,,,53.2389294,20.1723433
9074534688,node,supermarket,Netto,,,Netto,,,,52.4120729,22.2403331
9094997889,node,supermarket,Lidl,,,Lidl,,,,49.6973535,20.4288823
9120603379,node,supermarket,Netto,,,Netto,,,,53.6725006,17.3650859
9153826956,node,supermarket,Biedronka,,,Biedronka,,,,52.8811978,20.6586774
9157213944,node,supermarket,Kaufland,,,Kaufland,,,,51.1944997,20.4176675
9158280246,node,supermarket,Biedronka,,,Biedronka,,,,49.7350847,21.2631452
9177057692,node,supermarket,Biedronka,,,Biedronka,,,,53.9215274,14.2214571
9180015310,node,supermarket,Biedronka,,,Biedronka,,,,52.7445018,15.2541133
9194659239,node,supermarket,Biedronka,,,Biedronka,,,,49.6216876,20.7199844
9195453669,node,supermarket,Stokrotka Market,,,Stokrotka Market,,,,54.3337694,18.5425754
9203358446,node,supermarket,Dino,,customers,Dino,,,,54.0089425,15.9721062
9204573230,node,supermarket,Biedronka,,,Biedronka,,,,54.5027139,18.5417665
9206458794,node,supermarket,Netto,,,Netto,,,,51.145776,17.140737
9214524215,node,supermarket,Stokrotka,,,Stokrotka,,,,51.2782809,22.5835264
9220920286,node,supermarket,Lidl,,,Lidl,,,,54.3402462,17.9089456
9232921088,node,supermarket,Netto,,,Netto,,,,51.6566231,16.0872979
9233641416,node,supermarket,Biedronka,,,Biedronka,,,,53.0512002,16.7373666
9237975178,node,supermarket,Carrefour Market,,,Carrefour Market,,,,52.2638255,20.9718567
9238725802,node,supermarket,Dino,,,Dino,,,,50.4648609,18.7914148
9248725372,node,supermarket,Carrefour Market,,,Carrefour Market,,,,52.1995822,21.025529
9249331000,node,supermarket,Biedronka,,,Biedronka,,,,50.0473627,19.9004636
9256454816,node,supermarket,Stokrotka,,,Stokrotka,,,,50.2726943,21.2494772
9258498225,node,supermarket,Netto,,,Netto,,,,49.7076891,22.0235506
9281321006,node,supermarket,Stokrotka,,,Stokrotka,,,,49.9479391,22.8236099
9283135273,node,supermarket,Biedronka,,,Biedronka,,,,53.031999,18.7592001
9284062355,node,supermarket,Stokrotka,,,Stokrotka,,,,51.907347,22.7058592
9296595468,node,supermarket,Biedronka,,,Biedronka,,,,50.2765986,18.9413768
9296663702,node,supermarket,Biedronka,,,Biedronka,,,,51.8098661,15.702464
9297144002,node,supermarket,Biedronka,,,Biedronka,,,,54.3939582,18.6441654
9312324775,node,supermarket,Biedronka,,,Biedronka,,,,52.4053996,14.7617478
9327521554,node,supermarket,Stokrotka,,,Stokrotka,,,,50.299064,19.0044223
9337146160,node,supermarket,Kaufland,,,Kaufland,,,,52.2632793,21.0505007
9345032284,node,supermarket,Biedronka,,,Biedronka,,,,50.0010857,20.957025
9356610907,node,supermarket,Stokrotka,,,Stokrotka,,,,53.6943738,19.9416476
9362559085,node,supermarket,Biedronka,,,Biedronka,,,,53.1450096,16.7351248
9366357554,node,supermarket,Stokrotka,,,Stokrotka,,,,52.8535077,19.6614089
9377002625,node,supermarket,Lidl,,,Lidl,,,,49.8590946,19.3252144
9377861107,node,supermarket,Lidl,,,Lidl,,,,52.5075269,16.7371522
9389252487,node,supermarket,Biedronka,,,Biedronka,,,,52.2161509,21.155701
9395218530,node,supermarket,Dino,,,Dino,,,,51.7597247,17.1214506
9397838932,node,supermarket,Biedronka,,,Biedronka,,,,54.3746602,18.2822547
9401977421,node,supermarket,Biedronka,,,Biedronka,,,,49.7047662,21.7281093
9416603517,node,supermarket,Dino,,,Dino,,,,50.6002448,20.857628
9416622244,node,supermarket,Dino,,,Dino,,,,53.4119769,19.7706869
9417705658,node,supermarket,Dino,,,Dino,,,,49.9719751,19.1374946
9419052354,node,supermarket,Biedronka,,,Biedronka,,,,52.5935276,22.1376418
9424052788,node,supermarket,Biedronka,,,Biedronka,,,,54.4194269,18.4694767
9428216808,node,supermarket,Dino,,,Dino,,,,52.0963379,15.6196028
9431713870,node,supermarket,Dino,,,Dino,,,,50.9025059,15.7489617
9431902214,node,supermarket,Dino,,,Dino,,,,51.0922987,17.0354336
9431931074,node,supermarket,Dino,,,Dino,,,,51.163364,16.5955956
9433734236,node,supermarket,Biedronka,,,Biedronka,,,,51.1242024,17.0398272
9434228700,node,supermarket,Dino,,,Dino,,,,50.8637854,16.3184275
9436400103,node,supermarket,Dino,,,Dino,,,,51.5989469,18.2651553
9439973691,node,supermarket,Dino,,,Dino,,,,51.4256331,17.9301048
9447298792,node,supermarket,Dino,,,Dino,,,,52.4702269,17.2847825
9447351067,node,supermarket,Dino,,,Dino,,,,52.0601965,17.240467
9451193061,node,supermarket,Dino,,,Dino,,,,51.9686221,17.2969074
9453756659,node,supermarket,Dino,,,Dino,,,,52.2317271,16.3805823
9471436215,node,supermarket,Netto,,,Netto,,,,54.4102131,18.6002976
9503569949,node,supermarket,Kaufland,,,Kaufland,,,,50.8829534,20.5828956
9510574815,node,supermarket,Biedronka,,,Biedronka,,,,54.1900671,16.1720694
9511021365,node,supermarket,Netto,,,Netto,,,,52.4471441,16.9900709
9519186165,node,supermarket,Netto,,,Netto,,,,53.6332614,15.6175385
9527995327,node,supermarket,Netto,,,Netto,,,,51.1151439,16.9656477
9530383087,node,supermarket,Stokrotka,,,Stokrotka,,,,51.5910092,21.5329289
9533392951,node,supermarket,Kaufland,,,Kaufland,,,,53.1440113,23.131271
9542336521,node,supermarket,Netto,,,Netto,,,,54.2676379,18.6267108
9545960515,node,supermarket,Biedronka,,,Biedronka,,,,53.9978776,16.9733141
9550753710,node,supermarket,Netto,,,Netto,,,,52.6086622,16.5837917
9552994902,node,supermarket,Netto,,,Netto,,,,54.2094442,19.1113354
9556623298,node,supermarket,Biedronka,,,Biedronka,,,,54.5629158,18.3907167
9557607337,node,supermarket,Biedronka,,,Biedronka,,,,52.2861362,21.084058
9559222017,node,supermarket,Biedronka,,,Biedronka,,,,53.6827927,15.120007
9568926144,node,supermarket,Auchan,,,Auchan,,,,52.2953017,21.0003125
9572743556,node,supermarket,Dino,,,Dino,,,,54.3526155,16.6777173
9581345379,node,supermarket,Stokrotka,,,Stokrotka,,,,52.1531224,21.0541262
9585643793,node,supermarket,Biedronka,,,Biedronka,,,,52.2886042,20.8638058
9586133808,node,supermarket,Stokrotka,,,Stokrotka,,,,53.840458,22.3637169
9588686245,node,supermarket,Stokrotka Market,,,Stokrotka Market,,,,51.3873978,22.2033116
9590008923,node,supermarket,Biedronka,,,Biedronka,,,,51.3836147,20.2883475
9591696813,node,supermarket,Biedronka,,,Biedronka,,,,50.1089642,19.8458906
9602363305,node,supermarket,Carrefour,,,Carrefour,,,,50.03004,21.0029915
9612454759,node,supermarket,Stokrotka,,,Stokrotka,,,,52.8654678,19.6620828
9622402176,node,supermarket,Stokrotka Market,,,Stokrotka Market,,,,51.4334025,22.6608232
9656216224,node,supermarket,Carrefour Market,,,Carrefour Market,,,,52.2595495,20.5934455
9664485070,node,supermarket,Lidl,,,Lidl,,,,52.1863605,21.0464129
9667951290,node,supermarket,Stokrotka,,,Stokrotka,,,,50.596453,16.8181243
9720438745,node,supermarket,Lidl,,,Lidl,,,,49.6552877,21.161439
9721513917,node,supermarket,Dino,,,Dino,,,,52.2499847,21.0428662
9727955433,node,supermarket,Stokrotka,,,Stokrotka,,,,52.0802001,21.0089309
9733671946,node,supermarket,Biedronka,,,Biedronka,,,,51.0845495,17.1655263
9738077069,node,supermarket,Netto,,,Netto,,,,52.4355513,16.9494124
9740887987,node,supermarket,Biedronka,,,Biedronka,,,,49.6620637,21.1592215
9741354424,node,supermarket,Intermarché,,,Intermarché,,,,52.4432581,15.5671137
9750246620,node,supermarket,Biedronka,,,Biedronka,,,,50.2491854,21.7736734
9752687230,node,supermarket,Stokrotka Market,,,Stokrotka Market,,,,54.4989161,18.5080932
9752687231,node,supermarket,Stokrotka Market,,,Stokrotka Market,,,,54.40648,18.5843856
9759370625,node,supermarket,Netto,,,Netto,,,,52.4416326,15.577931
9759393715,node,supermarket,Lidl,,,Lidl,,,,52.4398719,15.5759277
9765313583,node,supermarket,Biedronka,,,Biedronka,,,,50.6852631,21.733097
9766048751,node,supermarket,Biedronka,,,Biedronka,,,,52.443194,16.9029907
9796346119,node,supermarket,Stokrotka Market,,,Stokrotka Market,,,,53.1278731,23.1911789
9798259459,node,supermarket,Biedronka,,,Biedronka,,,,49.9652078,18.9567037
9815470198,node,supermarket,Biedronka,,,Biedronka,,,,52.1942763,20.8685293
9840812114,node,supermarket,Dino,,,Dino,,,,53.4460107,19.3587833
9845428594,node,supermarket,Biedronka,,,Biedronka,,,,52.6556105,19.0718012
9860727179,node,supermarket,Netto,,,Netto,,,,51.2980268,22.8985473
9861955866,node,supermarket,Biedronka,,,Biedronka,,,,52.2217122,20.9558601
9872287461,node,supermarket,Biedronka,,,Biedronka,,,,54.5667516,16.8855706
9874984131,node,supermarket,Biedronka,,,Biedronka,,,,54.3966741,18.6053752
9885140371,node,supermarket,Stokrotka Market,,,Stokrotka Market,,,,52.3411635,21.2109108
9892784909,node,supermarket,Dino,,,Dino,,,,51.9873805,22.5749997
9892954099,node,supermarket,Biedronka,,,Biedronka,,,,51.8593295,16.5743355
9901306790,node,supermarket,Dino,,,Dino,,,,51.1540579,15.4577542
9911661326,node,supermarket,Stokrotka,,,Stokrotka,,,,51.7597354,19.4896474
9913372629,node,supermarket,Stokrotka,,,Stokrotka,,,,52.2101634,21.0222206
9922747957,node,supermarket,Biedronka,,,Biedronka,,,,52.2255205,21.0372101
9943303486,node,supermarket,Biedronka,,,Biedronka,,,,52.8573509,15.6825724
9946897094,node,supermarket,Biedronka,,,Biedronka,,,,52.1182143,21.2466203
9952176125,node,supermarket,Biedronka,,,Biedronka,,,,53.1606794,16.7641392
9957357918,node,supermarket,Biedronka,,,Biedronka,,,,52.2192414,20.8988232
9961116583,node,supermarket,Biedronka,,,Biedronka,,,,51.115451,20.8494289
9975777657,node,supermarket,Biedronka,,,Biedronka,,,,50.2619906,19.0260505
9984028101,node,supermarket,Biedronka,,,Biedronka,,,,49.7599763,19.6007004
9984073583,node,supermarket,Biedronka,,,Biedronka,,,,52.2853401,20.9246436
9996131857,node,supermarket,Lidl,,,Lidl,,,,50.1497269,18.8458402
10003089131,node,supermarket,Netto,,,Netto,,,,52.0933894,21.2398045
10016978767,node,supermarket,Biedronka,,,Biedronka,,,,53.8791037,21.3081482
10031653051,node,supermarket,Netto,,,Netto,,,,52.1001926,21.2647235
10032381290,node,supermarket,Stokrotka,,,Stokrotka,,,,50.7931504,16.8440295
10037782292,node,supermarket,Biedronka,,,Biedronka,,,,50.7537282,19.2584145
10048043760,node,supermarket,Netto,,,Netto,,,,51.9056627,21.6059588
10052437568,node,supermarket,Stokrotka Market,,,Stokrotka Market,,,,50.3287261,21.4416844
10053166758,node,supermarket,Stokrotka,,,Stokrotka,,,,52.2275901,20.9014226
10067018259,node,supermarket,Lidl,,,Lidl,,,,50.9341384,21.3876385
10069391367,node,supermarket,Biedronka,,,Biedronka,,,,51.6364593,15.1439675
10073315129,node,supermarket,Stokrotka,,,Stokrotka,,,,50.9486524,21.3923844
10075459736,node,supermarket,Biedronka,,,Biedronka,,,,52.240737,21.0281493
10082099262,node,supermarket,Netto,,,Netto,,,,52.3232965,20.9445394
10121255970,node,supermarket,Netto,,,Netto,,,,51.4488921,22.6101748
10130529495,node,supermarket,Biedronka,,,Biedronka,,,,49.7490198,21.5006647
10135384898,node,supermarket,Carrefour Market,,,Carrefour Market,,,,52.7269596,15.2444909
10137547631,node,supermarket,E. Leclerc,,,E. Leclerc,,,,50.2870555,21.4585835
10138307997,node,supermarket,Biedronka,,,Biedronka,,,,54.1951573,18.3186903
10139336039,node,supermarket,Carrefour Market,,,Carrefour Market,,,,50.9500594,21.3824416
10170212315,node,supermarket,Biedronka,,,Biedronka,,,,54.3603981,18.5911574
10171943364,node,supermarket,Stokrotka,,,Stokrotka,,,,52.7361418,15.197252
10172256820,node,supermarket,Stokrotka,,,Stokrotka,,,,52.3257753,20.945497
10173302760,node,supermarket,Stokrotka,,,Stokrotka,,,,51.7901085,19.3201964
10209002532,node,supermarket,Biedronka,,,Biedronka,,,,50.6051241,19.2583925
10216945302,node,supermarket,Biedronka,,,Biedronka,,,,53.3456977,14.8769912
10218776570,node,supermarket,Lidl,,,Lidl,,,,52.3173287,21.0374211
10226106971,node,supermarket,Biedronka,,,Biedronka,,,,52.5533237,19.6949576
10229111155,node,supermarket,Biedronka,,,Biedronka,,,,50.7238051,23.2494923
10229467842,node,supermarket,Biedronka,,,Biedronka,,,,51.9100382,21.6003246
10243458618,node,supermarket,Biedronka,,,Biedronka,,,,51.136261,17.057508
10257931767,node,supermarket,Netto,,,Netto,,,,51.2677517,16.7071936
10259208393,node,supermarket,Biedronka,,,Biedronka,,,,51.0044336,22.5550928
10259269227,node,supermarket,Stokrotka Market,,,Stokrotka Market,,,,51.7368502,19.5007719
10259671259,node,supermarket,Stokrotka Market,,,Stokrotka Market,,,,51.1974222,22.5952418
10262033896,node,supermarket,Biedronka,,,Biedronka,,,,50.3045715,18.9180605
10262137319,node,supermarket,Netto,,,Netto,,,,50.287707,18.9237895
10262574454,node,supermarket,Carrefour,,,Carrefour,,,,53.7346508,18.9334729
10273590180,node,supermarket,Stokrotka,,,Stokrotka,,,,54.1938247,16.214458
10276500976,node,supermarket,Stokrotka Market,,,Stokrotka Market,,,,54.1876273,16.2308914
10276501869,node,supermarket,Stokrotka Market,,,Stokrotka Market,,,,54.200702,16.1793483
10288237404,node,supermarket,Stokrotka Market,,,Stokrotka Market,,,,51.8062087,19.4715532
10289897260,node,supermarket,Carrefour,,,Carrefour,,,,50.8811234,20.6453941
10290388313,node,supermarket,Biedronka,,,Biedronka,,,,50.2898624,21.4323732
10291883256,node,supermarket,Stokrotka,,,Stokrotka,,,,52.7390574,15.2122283
10300075412,node,supermarket,Biedronka,,,Biedronka,,,,52.9838078,22.8629974
10302498497,node,supermarket,Biedronka,,,Biedronka,,,,52.1838027,21.0136528
10303246832,node,supermarket,Stokrotka Market,,,Stokrotka Market,,,,53.1535273,18.6119791
10313703632,node,supermarket,Lidl,,,Lidl,,,,53.5106421,19.7399855
10315612232,node,supermarket,Stokrotka,,,Stokrotka,,,,51.2367577,22.5282638
10425540986,node,supermarket,Stokrotka,,,Stokrotka,,,,53.0858462,18.6193793
10537366828,node,supermarket,Biedronka,,,Biedronka,,,,52.7566404,15.2578546
10537524847,node,supermarket,Netto,,,Netto,,,,52.2254711,20.2685742
10543100146,node,supermarket,Biedronka,,,Biedronka,,,,51.1797324,16.7442304
10575955903,node,supermarket,Biedronka,,,Biedronka,,,,51.2473665,22.5512822
10577723309,node,supermarket,Carrefour Market,,,Carrefour Market,,,,50.0561214,19.9627049
10580067170,node,supermarket,Stokrotka,,,Stokrotka,,,,53.9155734,15.2003017
10580950347,node,supermarket,Stokrotka,,,Stokrotka,,,,51.27609,22.5084164
10582851999,node,supermarket,Biedronka,,,Biedronka,,,,54.5303053,17.747091
10584567298,node,supermarket,Lidl,,,Lidl,,,,52.3806881,16.9890883
10587913367,node,supermarket,Biedronka,,,Biedronka,,,,50.8804073,20.6142562
10599650802,node,supermarket,Stokrotka Market,,,Stokrotka Market,,,,50.4649695,23.4269518
10602009772,node,supermarket,Biedronka,,,Biedronka,,,,50.0128641,19.8869066
10651796507,node,supermarket,Biedronka,,,Biedronka,,,,52.192007,21.1386296
10654267441,node,supermarket,Stokrotka,,,Stokrotka,,,,51.4074992,21.1200907
10669356281,node,supermarket,Auchan Supermarket,,,Auchan,,,,51.8020769,19.4209862
10671350725,node,supermarket,Biedronka,,,Biedronka,,,,50.8408633,19.1737754
10683413564,node,supermarket,Biedronka,,,Biedronka,,,,49.83892,19.9640706
10693330205,node,supermarket,Biedronka,,,Biedronka,,,,49.6694467,21.8968988
10694833842,node,supermarket,Biedronka,,,Biedronka,,,,49.9767444,20.439073
10707328878,node,supermarket,Stokrotka Market,,,Stokrotka Market,,,,54.2079009,17.9455373
10715946266,node,supermarket,Stokrotka,,,Stokrotka,,,,49.7363357,21.2630478
10722382445,node,supermarket,Stokrotka,,,Stokrotka,,,,53.4784702,21.3653764
10741186102,node,supermarket,Biedronka,,,Biedronka,,,,51.9425169,15.4920903
10741688659,node,supermarket,Moje Auchan,,,Moje Auchan,,,,52.1504735,21.0272281
10761298605,node,supermarket,Biedronka,,,Biedronka,,,,53.1049386,18.0284773
10762313325,node,supermarket,Dino,,customers,Dino,,,,52.7176078,16.3804819
10766152805,node,supermarket,Dino,,,Dino,,,,52.0153174,18.5009015
10801362031,node,supermarket,Carrefour Market,,,Carrefour Market,,,,52.1028538,20.6184322
10802696293,node,supermarket,Biedronka,,,Biedronka,,,,50.0529029,21.9774521
10803360340,node,supermarket,Intermarché,,,Intermarché,,,,52.380647,16.866661
10803991043,node,supermarket,Stokrotka,,,Stokrotka,,,,52.4794623,17.2803091
10811886114,node,supermarket,Stokrotka,,,Stokrotka,,,,49.7372124,21.5805944
10831661058,node,supermarket,Biedronka,,,Biedronka,,,,50.2836987,19.0173172
10832019617,node,supermarket,Biedronka,,,Biedronka,,,,50.7249012,16.6518176
10832287305,node,supermarket,Dino,,,Dino,,,,52.0307,19.1169827
10840479662,node,supermarket,Netto,,,Netto,,,,50.2309233,18.9732571
10844291415,node,supermarket,Biedronka,,,Biedronka,,,,53.2339491,20.1708812
10866755995,node,supermarket,Biedronka,,,Biedronka,,,,53.8441538,22.9979637
10870049646,node,supermarket,Stokrotka Market,,,Stokrotka Market,,,,52.7149653,19.1069766
10877306970,node,supermarket,Biedronka,,,Biedronka,,,,53.840018,22.9692199
10914173756,node,supermarket,Stokrotka,,,Stokrotka,,,,49.5830847,22.0198633
10916483017,node,supermarket,Kaufland,,,Kaufland,,,,53.1137084,18.0033508
10924016869,node,supermarket,Biedronka,,,Biedronka,,,,53.3612501,20.412931
10937834580,node,supermarket,Stokrotka,,,Stokrotka,,,,53.4173127,14.5386259
10942334604,node,supermarket,Stokrotka,,,Stokrotka,,,,51.404536,19.7230947
10965475945,node,supermarket,Dino,,,Dino,,,,50.9104968,20.8085153
10966401436,node,supermarket,Stokrotka,,,Stokrotka,,,,53.1507633,16.7498613
10968188858,node,supermarket,Biedronka,,,Biedronka,,,,52.3869288,16.9827349
10989300730,node,supermarket,Carrefour,,,Carrefour,,,,50.3074366,18.6456663
11006024374,node,supermarket,Stokrotka,,,Stokrotka,,,,49.5709832,19.8898112
11013795024,node,supermarket,Biedronka,,,Biedronka,,,,50.3790485,21.039139
11016649028,node,supermarket,Biedronka,,,Biedronka,,,,49.8756129,21.1227071
11034245346,node,supermarket,Biedronka,,,Biedronka,,,,53.4151385,16.8025292
11034509829,node,supermarket,Dino,,,Dino,,,,54.302059,18.5905632
11042103105,node,supermarket,Dino,,,Dino,,,,51.7542954,19.3242273
11045386131,node,supermarket,Stokrotka,,,Stokrotka,,,,50.916733,21.3647084
11057385580,node,supermarket,Stokrotka,,,Stokrotka,,,,51.9841106,22.7872742
11057408533,node,supermarket,Stokrotka,,,Stokrotka,,,,53.1609602,22.0767673
11057418166,node,supermarket,Stokrotka,,,Stokrotka,,,,52.1694194,22.2698198
11057438512,node,supermarket,Stokrotka,,,Stokrotka,,,,53.0796226,21.5758183
11057470653,node,supermarket,Stokrotka,,,Stokrotka,,,,54.0794276,21.3704038
11065599574,node,supermarket,Stokrotka,,,Stokrotka,,,,52.5948787,21.4516466
11065601386,node,supermarket,Stokrotka,,,Stokrotka,,,,50.049045,21.9758514
11065611099,node,supermarket,Stokrotka,,,Stokrotka,,,,52.9015661,21.5637108
11065676206,node,supermarket,Stokrotka,,,Stokrotka,,,,53.1604281,18.173168
11065694613,node,supermarket,Stokrotka,,,Stokrotka,,,,54.149306,19.4350262
11073193848,node,supermarket,Lidl,,,Lidl,,,,53.1559384,16.7319842
11073221813,node,supermarket,Lidl,,,Lidl,,,,50.6477407,20.2842899
11073333712,node,supermarket,Lidl,,,Lidl,,,,52.3998975,16.9128735
11078412040,node,supermarket,Auchan,,,Auchan,,,,51.214891,19.5951789
11078417045,node,supermarket,Lidl,,,Lidl,,,,53.8380127,20.6925988
11087094783,node,supermarket,Stokrotka,,,Stokrotka,,,,50.9095942,15.7491984
11090410708,node,supermarket,Stokrotka,,,Stokrotka,,,,50.430506,18.1870845
11094249781,node,supermarket,Stokrotka Market,,,Stokrotka Market,,,,51.4225557,22.640292
11107441141,node,supermarket,Stokrotka,,,Stokrotka,,,,53.5404829,14.5530076
11119684386,node,supermarket,Biedronka,,,Biedronka,,,,49.968253,20.1335061
11141809849,node,supermarket,Biedronka,,,Biedronka,,,,52.4072286,16.9216529
11157651196,node,supermarket,Stokrotka Market,,,Stokrotka Market,,,,50.8813356,21.6632563
11161453893,node,supermarket,Carrefour,,,Carrefour,,,,51.0528625,21.0719286
11172045599,node,supermarket,Biedronka,,,Biedronka,,,,52.6387338,19.3203712
11175963632,node,supermarket,Kaufland,,,Kaufland,,,,52.3099175,16.1317352
11176601719,node,supermarket,Dino,,,Dino,,,,52.4643671,22.081402
11187979346,node,supermarket,Stokrotka,,,Stokrotka,,,,50.9311195,22.2204256
11200267574,node,supermarket,Stokrotka Market,,,Stokrotka Market,,,,51.3642956,22.2953128
11204977442,node,supermarket,Biedronka,,,Biedronka,,,,52.8490894,17.7437097
11210791115,node,supermarket,Biedronka,,,Biedronka,,,,52.5924028,17.2554219
11225751034,node,supermarket,Stokrotka Market,,,Stokrotka Market,,,,49.5256394,21.1345344
11226382964,node,supermarket,Biedronka,,,Biedronka,,,,52.399946,16.9546383
11230916732,node,supermarket,Biedronka,,,Biedronka,,,,49.7138413,20.9535159
11230942670,node,supermarket,Biedronka,,,Biedronka,,,,52.2506713,20.9828687
11230942671,node,supermarket,Biedronka,,,Biedronka,,,,52.2960536,20.9317379
11236625718,node,supermarket,Lidl,,,Lidl,,,,54.0986124,18.7652165
11242948642,node,supermarket,Dino,,,Dino,,,,50.454734,17.9673528
11248238655,node,supermarket,Biedronka,,,Biedronka,,,,52.0987741,20.6068051
11249063940,node,supermarket,Dino,,,Dino,,,,50.9605216,21.3538679
11250600012,node,supermarket,Stokrotka,,,Stokrotka,,,,52.3588555,21.2757638
11297758136,node,supermarket,Stokrotka,,,Stokrotka,,,,52.2752498,20.8651331
11299498900,node,supermarket,Lidl,,,Lidl,,,,52.2600102,20.9793484
11300837532,node,supermarket,Biedronka,,,Biedronka,,,,52.2306182,18.2540284
11309733268,node,supermarket,Stokrotka,,,Stokrotka,,,,50.1177959,18.9771089
11331627586,node,supermarket,Stokrotka,,,Stokrotka,,,,50.8947755,20.6408129
11338781504,node,supermarket,Lidl,,,Lidl,,,,54.3553295,16.6777705
11356522932,node,supermarket,E.Leclerc,,,E.Leclerc,,,,50.9114312,15.7377344
11356590315,node,supermarket,Kaufland,,,Kaufland,,,,50.6663071,17.9537019
11360821257,node,supermarket,Stokrotka,,,Stokrotka,,,,51.0147949,22.5348618
11371574772,node,supermarket,Biedronka,,,Biedronka,,,,50.2868967,19.5413118
11371574774,node,supermarket,Stokrotka,,,Stokrotka,,,,50.2856697,19.5385024
11371734426,node,supermarket,Biedronka,,,Biedronka,,,,51.6476473,16.0771593
11376075900,node,supermarket,Biedronka,,,Biedronka,,,,52.1820464,18.2222098
11378533409,node,supermarket,Biedronka,,,Biedronka,,,,51.5347508,20.0058394
11384451972,node,supermarket,Auchan,,,Auchan,,,,52.1621221,20.7877411
11388332200,node,supermarket,Stokrotka,,,Stokrotka,,,,54.0969602,18.7864171
11388424295,node,supermarket,Stokrotka,,,Stokrotka,,,,52.4237281,16.9147314
11388444870,node,supermarket,Stokrotka,,,Stokrotka,,,,50.1113144,19.0016
11388449479,node,supermarket,Stokrotka,,,Stokrotka,,,,50.1257709,18.9823584
11388452396,node,supermarket,Stokrotka,,,Stokrotka,,,,52.3875174,16.9173246
11388457281,node,supermarket,Stokrotka,,,Stokrotka,,,,50.6684298,17.9883752
11388457462,node,supermarket,Stokrotka,,,Stokrotka,,,,50.7367545,16.6508861
11388495420,node,supermarket,Stokrotka,,,Stokrotka,,,,50.1094057,18.9753834
11388517394,node,supermarket,Stokrotka,,,Stokrotka,,,,50.5659924,22.0654177
11388519040,node,supermarket,Stokrotka,,,Stokrotka,,,,53.1633004,22.0718528
11388521961,node,supermarket,Stokrotka,,,Stokrotka,,,,50.4437372,22.2469822
11388532062,node,supermarket,Stokrotka,,,Stokrotka,,,,49.5583144,22.2104431
11392407005,node,supermarket,Stokrotka Market,,,Stokrotka Market,,,,54.1986352,16.2082423
11399697474,node,supermarket,Dino,,,Dino,,,,52.6108324,18.8816148
11414457569,node,supermarket,Stokrotka,,,Stokrotka,,,,53.0041041,20.893354
11415711297,node,supermarket,Carrefour,,,Carrefour,,,,52.3812082,16.8957503
11422373548,node,supermarket,Biedronka,,,Biedronka,,,,50.2976275,21.4641169
11423249927,node,supermarket,Stokrotka,,,Stokrotka,,,,52.5283506,21.6825092
11423473381,node,supermarket,Lidl,,,Lidl,,,,52.2367352,21.0215664
11431672913,node,supermarket,Lidl,,,Lidl,,,,53.6889372,19.9869601
11453993366,node,supermarket,Dino,,,Dino,,,,50.4498638,19.3702291
11455461143,node,supermarket,Biedronka,,,Biedronka,,,,53.6919675,17.6180528
11456209309,node,supermarket,Biedronka,,,Biedronka,,,,52.1968027,20.9632815
11469015798,node,supermarket,Carrefour,,,Carrefour,,,,52.1261515,21.233809
11472803702,node,supermarket,Stokrotka,,,Stokrotka,,,,50.0197156,20.0577102
11472803703,node,supermarket,Biedronka,,,Biedronka,,,,50.0198257,20.0586322
11476443297,node,supermarket,Biedronka,,,Biedronka,,,,50.4035923,18.8109317
11506893240,node,supermarket,Auchan,,,Auchan,,,,52.1921048,20.9091482
11514817771,node,supermarket,Biedronka,,,Biedronka,,,,52.2392454,21.0927062
11516570440,node,supermarket,Auchan,,,Auchan,,,,50.8062876,19.1159523
11517541335,node,supermarket,Stokrotka Market,,,Stokrotka Market,,,,53.1502865,18.1409941
11530828390,node,supermarket,Biedronka,,,Biedronka,,,,51.1194213,23.4666189
11535011555,node,supermarket,Netto,,,Netto,,,,52.4115654,16.8954816
11540032961,node,supermarket,Biedronka,,,Biedronka,,,,50.0646319,21.7303675
11552805542,node,supermarket,Stokrotka,,,Stokrotka,,,,50.3164533,21.0766439
11559664416,node,supermarket,Biedronka,,,Biedronka,,,,50.0369854,20.0508041
11563415257,node,supermarket,Stokrotka Market,,,Stokrotka Market,,,,50.6594436,21.844224
11570555781,node,supermarket,Stokrotka,,,Stokrotka,,,,50.8452831,20.6512333
11579519716,node,supermarket,Biedronka,,,Biedronka,,,,52.5887081,15.4832302
11580201226,node,supermarket,Biedronka,,,Biedronka,,,,52.0575168,20.9704457
11584633701,node,supermarket,Dino,,,Dino,,,,53.478726,18.7496847
11599078825,node,supermarket,Biedronka,,,Biedronka,,,,51.5945162,18.7315733
11608696406,node,supermarket,Stokrotka,,,Stokrotka,,,,52.0769287,21.011095
11630924473,node,supermarket,Dino,,,Dino,,,,50.6756194,17.9711374
11642957167,node,supermarket,Stokrotka,,,Stokrotka,,,,54.489139,18.4275691
11650317656,node,supermarket,Biedronka,,,Biedronka,,,,52.0626674,21.3676493
11656947572,node,supermarket,Dino,,,Dino,,,,54.200541,17.382407
11672489800,node,supermarket,Biedronka,,,Biedronka,,,,49.763799,18.625026
11677816785,node,supermarket,Auchan,,,Auchan,,,,50.886893,20.6668271
11677819023,node,supermarket,Biedronka,,,Biedronka,,,,53.5651105,20.9970474
11693357342,node,supermarket,Biedronka,,,Biedronka,,,,49.4598228,20.0232348
11693453662,node,supermarket,Biedronka,,,Biedronka,,,,50.577456,19.3296182
11701895235,node,supermarket,Biedronka,,,Biedronka,,,,51.2191982,22.7186911
11704801585,node,supermarket,E.Leclerc,,,E.Leclerc,,,,52.1988858,20.936965
11717274244,node,supermarket,Lidl,,,Lidl,,,,54.2312813,16.1739819
11718096722,node,supermarket,Stokrotka,,,Stokrotka,,,,52.1594468,20.7972884
11727161673,node,supermarket,Biedronka,,,Biedronka,,,,52.2108807,22.5254059
11733897233,node,supermarket,Biedronka,,,Biedronka,,,,52.7794956,18.5448682
11733973635,node,supermarket,Biedronka,,,Biedronka,,,,52.7984273,18.0786575
11743787891,node,supermarket,Biedronka,,,Biedronka,,,,51.9849693,19.9129772
11744712995,node,supermarket,Biedronka,,,Biedronka,,,,52.4045572,20.3179712
11745751806,node,supermarket,Biedronka,,,Biedronka,,,,52.0311967,23.1065719
11747750326,node,supermarket,Biedronka,,,Biedronka,,,,52.2245889,20.9914667
11747982708,node,supermarket,Biedronka,,,Biedronka,,,,53.4727001,21.3688291
11805914353,node,supermarket,Carrefour Market,,,Carrefour Market,,,,53.1247998,18.0186945
11816203418,node,supermarket,Biedronka,,,Biedronka,,,,50.0338503,21.0147359
11838237243,node,supermarket,Stokrotka Market,,,Stokrotka Market,,,,52.2391919,21.0976461
11841409538,node,supermarket,Biedronka,,,Biedronka,,,,52.1822937,20.9778127
11842942775,node,supermarket,Intermarché,,,Intermarché,,,,51.9607943,15.4971942
11851296008,node,supermarket,Biedronka,,,Biedronka,,,,53.5890812,19.5663517
11851296027,node,supermarket,Stokrotka,,,Stokrotka,,,,53.5811475,19.5684936
11900972381,node,supermarket,Biedronka,,,Biedronka,,,,53.2421342,21.7939916
11908104817,node,supermarket,Biedronka,,,Biedronka,,,,51.8442975,16.5788691
11911892822,node,supermarket,Intermarché,,,Intermarché,,,,51.9061761,15.5075669
11919681436,node,supermarket,Biedronka,,,Biedronka,,,,49.7003412,20.4250721
11920632197,node,supermarket,Stokrotka,,,Stokrotka,,,,52.273209,20.9452286
11933734806,node,supermarket,Biedronka,,,Biedronka,,,,51.8139996,19.3207148
11941713469,node,supermarket,Biedronka,,,Biedronka,,,,52.1799622,20.9926011
11949850988,node,supermarket,Netto,,,Netto,,,,53.343349,14.9832576
11961143929,node,supermarket,Biedronka,,,Biedronka,,,,50.8749453,20.623333
11974679591,node,supermarket,Biedronka,,,Biedronka,,,,50.0896408,22.2313473
11990773015,node,supermarket,Carrefour,,,Carrefour,,,,52.2123238,21.0200787
12000879946,node,supermarket,Stokrotka,,,Stokrotka,,,,51.7992689,19.4558206
12002092407,node,supermarket,Dino,,,Dino,,,,50.6973851,17.3797945
12016549652,node,supermarket,Stokrotka,,,Stokrotka,,,,51.2106192,17.3866933
12018675014,node,supermarket,Lidl,,,Lidl,,,,50.0693781,21.6797466
12021040121,node,supermarket,Biedronka,,,Biedronka,,,,50.0541268,21.6000547
12022906333,node,supermarket,Biedronka,,,Biedronka,,,,52.8525504,14.3960515
12031869629,node,supermarket,Lidl,,,Lidl,,,,52.1314111,20.9706456
12039302468,node,supermarket,Dino,,customers,Dino,,,,54.1686077,15.5545549
12066951358,node,supermarket,Delikatesy Centrum,,,Stokrotka Market,,,,52.2018874,20.9566121
12069691375,node,supermarket,Biedronka,,,Biedronka,,,,53.084027,21.5828566
12071596034,node,supermarket,Dino,,,Dino,,,,49.9323958,19.4234855
12077589365,node,supermarket,Biedronka,,,Biedronka,,,,53.3921231,14.6732175
12078336706,node,supermarket,Biedronka,,,Biedronka,,,,50.0970385,19.9612544
12079104587,node,supermarket,Biedronka,,,Biedronka,,,,50.009661,20.9945219
12090260862,node,supermarket,Netto,,,Netto,,,,52.752381,16.990247
12098321515,node,supermarket,Stokrotka,,,Stokrotka,,,,51.958267,19.2966572
12099128916,node,supermarket,Biedronka,,,Biedronka,,,,50.7178557,17.9459831
12099723269,node,supermarket,Biedronka,,,Biedronka,,,,54.4615125,18.4504777
12106563164,node,supermarket,Dino,,,Dino,,,,50.3342444,18.1035474
12113590677,node,supermarket,Stokrotka,,,Stokrotka,,,,51.1383795,23.0005823
12148540411,node,supermarket,Biedronka,,,Biedronka,,,,51.1023339,17.1177399
12161470358,node,supermarket,Kaufland,,,Kaufland,,,,52.2401527,20.9051948
12169673198,node,supermarket,Stokrotka Market,,,Stokrotka Market,,,,50.7557036,22.1017372
12173303056,node,supermarket,Biedronka,,,Biedronka,,,,50.2857725,18.9527718
12178597547,node,supermarket,Netto,,,Netto,,,,50.5215097,22.1326111
12179165925,node,supermarket,Stokrotka Market,,,Stokrotka Market,,,,53.1209304,17.9943162
12189724130,node,supermarket,Biedronka,,,Biedronka,,,,53.0339426,15.2979143
12201817524,node,supermarket,Intermarché,,,Intermarché,,,,50.5848851,22.0649339
12205411607,node,supermarket,Stokrotka,,,Stokrotka,,,,51.1753817,22.2815851
12206386350,node,supermarket,Stokrotka,,,Stokrotka,,,,49.7602475,19.0924617
12209603790,node,supermarket,Lidl,,,Lidl,,,,51.0684676,17.0550557
12215573238,node,supermarket,Stokrotka,,,Stokrotka,,,,50.2391239,22.1250508
12218794422,node,supermarket,Lidl,,,Lidl,,,,50.8531882,20.5629829
12224141477,node,supermarket,Biedronka,,,Biedronka,,,,54.3612153,18.2607423
12265754685,node,supermarket,Biedronka,,,Biedronka,,,,53.9652737,18.5303351
12281411931,node,supermarket,Stokrotka,,,Stokrotka,,,,50.2939173,21.4241564
12282739123,node,supermarket,Stokrotka Market,,,Stokrotka Market,,,,50.1105323,21.8587213
12288040705,node,supermarket,Biedronka,,,Biedronka,,,,49.9370173,21.8150603
12290124284,node,supermarket,Netto,,,Netto,,,,50.5572208,21.1890442
12293378911,node,supermarket,Biedronka,,,Biedronka,,,,51.3694951,19.3709607
12300966138,node,supermarket,Lidl,,,Lidl,,,,49.952059,18.6003681
12304209220,node,supermarket,Biedronka,,,Biedronka,,,,51.1900892,23.1624739
12309426230,node,supermarket,Biedronka,,,Biedronka,,,,53.1267028,17.9869571
12323674453,node,supermarket,Biedronka,,,Biedronka,,,,50.9449489,20.2535788
12335035578,node,supermarket,Biedronka,,,Biedronka,,,,49.9627772,18.7691004
12337762477,node,supermarket,Biedronka,,,Biedronka,,,,51.1461074,18.9999565
12344419382,node,supermarket,Biedronka,,,Biedronka,,,,53.9173504,19.3456686
12357994942,node,supermarket,Stokrotka,,,Stokrotka,,,,50.5744696,21.6814787
12364944075,node,supermarket,Biedronka,,,Biedronka,,,,53.1503779,16.7700677
12389172842,node,supermarket,Biedronka,,,Biedronka,,,,51.7493672,19.4481044
12396898759,node,supermarket,Carrefour Market,,,Carrefour Market,,,,52.4318512,20.7229882
12400928758,node,supermarket,Biedronka,,,Biedronka,,,,54.3281736,18.6115793
12413487409,node,supermarket,Netto,,,Netto,,,,52.1081923,20.9683256
12414942171,node,supermarket,Biedronka,,,Biedronka,,,,53.3507961,15.0219629
12416854386,node,supermarket,Dino,,,Dino,,,,51.726439,19.6822571
12421576318,node,supermarket,Intermarché,,,Intermarché,,,,51.0718287,19.4436287
12433696308,node,supermarket,Netto,,,Netto,,,,52.8366656,15.8316513
12437567449,node,supermarket,Biedronka,,,Biedronka,,,,52.2124261,20.9499139
12442201584,node,supermarket,Stokrotka Market,,,Stokrotka Market,,,,50.0639552,21.7311968
12450298755,node,supermarket,Biedronka,,,Biedronka,,,,50.6473301,19.9543814
12460540002,node,supermarket,Stokrotka,,,Stokrotka,,,,51.1281693,23.4622067
12473409114,node,supermarket,Biedronka,,,Biedronka,,,,50.5614919,22.0664668
12493012255,node,supermarket,Biedronka,,,Biedronka,,,,52.4142555,16.8979297
12507057461,node,supermarket,Biedronka,,,Biedronka,,,,49.98605,21.2800483
12534921542,node,supermarket,Biedronka,,,Biedronka,,,,52.166504,22.2856501
12536968071,node,supermarket,Biedronka,,,Biedronka,,,,53.1244503,23.1677737
12553274706,node,supermarket,Biedronka,,,Biedronka,,,,49.9302767,18.323299
12571017969,node,supermarket,Dino,,,Dino,,,,50.6264279,17.373951
12593943237,node,supermarket,Biedronka,,,Biedronka,,,,52.3101685,20.9701592
12595404718,node,supermarket,E.Leclerc,,,E.Leclerc,,,,54.1539844,19.4202616
12600960775,node,supermarket,Stokrotka,,,Stokrotka,,,,51.5944288,18.9298215
12601625065,node,supermarket,Biedronka,,,Biedronka,,,,51.1213795,18.8882721
12610379847,node,supermarket,Biedronka,,,Biedronka,,,,50.079435,19.9219343
12613095788,node,supermarket,Biedronka,,,Biedronka,,,,52.6605805,17.9505267
12623904318,node,supermarket,Stokrotka,,,Stokrotka,,,,50.2278597,19.2032475
12628877618,node,supermarket,Netto,,,Netto,,,,52.2177235,20.79127
12639129627,node,supermarket,Biedronka,,,Biedronka,,,,54.1321664,16.0351692
12639394753,node,supermarket,Biedronka,,,Biedronka,,,,53.9894442,20.3958539
12649201768,node,supermarket,Biedronka,,,Biedronka,,,,54.26555,21.0251925
12649210159,node,supermarket,Dino,,,Dino,,,,54.2651208,21.0265417
12670568141,node,supermarket,Biedronka,,,Biedronka,,,,51.2492744,22.5524
12686915652,node,supermarket,Stokrotka,,,Stokrotka,,,,53.8584068,21.3047402
12696403812,node,supermarket,Biedronka,,,Biedronka,,,,54.1871094,17.4966271
12708516636,node,supermarket,Biedronka,,,Biedronka,,,,49.890986,19.4914904
12718583348,node,supermarket,Dino,,,Dino,,,,52.3435997,14.8385607
12739829222,node,supermarket,Biedronka,,,Biedronka,,,,52.6969544,21.8469374
12743881163,node,supermarket,Biedronka,,,Biedronka,,,,54.1667708,19.4075497
12744181382,node,supermarket,Dino,,,Dino,,,,52.1511656,22.3000429
12752448321,node,supermarket,Biedronka,,,Biedronka,,,,52.0470438,20.9236186
12754361273,node,supermarket,Kaufland,,,Kaufland,,,,53.7633128,20.4955072
12771835968,node,supermarket,Dino,,,Dino,,,,49.3739828,22.1125523
12778174997,node,supermarket,Auchan,,,Auchan,,,,52.1902569,20.8886529
12780112054,node,supermarket,Stokrotka Market,,,Stokrotka Market,,,,52.6533008,19.0837801
12787533835,node,supermarket,Biedronka,,,Biedronka,,,,53.5600516,22.2879638
12800152115,node,supermarket,Biedronka,,,Biedronka,,,,53.0416781,18.6134634
12803837796,node,supermarket,Biedronka,,,Biedronka,,,,52.3346454,14.6127015
12814099976,node,supermarket,Netto,,,Netto,,,,54.3570136,16.6679032
12814472911,node,supermarket,Biedronka,,,Biedronka,,,,54.3486807,18.5898847
12830443674,node,supermarket,Stokrotka,,,Stokrotka,,,,54.4007433,18.6076497
12863302649,node,supermarket,Biedronka,,,Biedronka,,,,50.9683286,18.7263565
12870623396,node,supermarket,Stokrotka,,,Stokrotka,,,,51.9788769,20.1507063
12875190108,node,supermarket,Biedronka,,,Biedronka,,,,52.5578332,17.6082233
12875748664,node,supermarket,Stokrotka Market,,,Stokrotka Market,,,,51.1080689,22.5870732
12894349012,node,supermarket,Dino,,,Dino,,,,54.6328442,17.5088423
12926733354,node,supermarket,Biedronka,,,Biedronka,,,,52.3283448,16.9111719
12949039721,node,supermarket,Dino,,,Dino,,,,52.6070635,14.6322976
12953163599,node,supermarket,Biedronka,,,Biedronka,,,,53.3617698,15.4277229
12961086099,node,supermarket,Biedronka,,,Biedronka,,,,52.156715,21.0459697
12982394453,node,supermarket,Netto,,,Netto,,,,52.2805175,21.1363676
12994302495,node,supermarket,Dino,,,Dino,,,,54.4065381,18.638036
12997982100,node,supermarket,Biedronka,,,Biedronka,,,,50.6981954,17.3875001
13006281717,node,supermarket,Netto,,,Netto,,,,54.309273,18.6028344
13017834137,node,supermarket,Dino,,,Dino,,,,52.9946045,17.4947078
13023558313,node,supermarket,Carrefour,,,Carrefour,,,,53.4699258,18.7564933
13032576186,node,supermarket,Lidl,,,Lidl,,,,53.0677545,19.410634
13035134874,node,supermarket,Lidl,,,Lidl,,,,54.4068691,18.6133357
13040055400,node,supermarket,Dino,,,Dino,,,,51.1605341,23.3924001
13042932064,node,supermarket,Dino,,,Dino,,,,53.6404593,22.4423559
13046318776,node,supermarket,Biedronka,,,Biedronka,,,,53.5509977,16.233269
13046503056,node,supermarket,Biedronka,,,Biedronka,,,,50.7402121,16.6535193
13056625361,node,supermarket,Biedronka,,,Biedronka,,,,50.0162851,21.8745518
13061724459,node,supermarket,Carrefour Market,,,Carrefour Market,,,,52.0524745,21.0024896
13069775392,node,supermarket,Biedronka,,,Biedronka,,,,53.22229,18.0598615
13074735946,node,supermarket,Dino,,,Dino,,,,52.6676587,17.1674466
13083955231,node,supermarket,Biedronka,,,Biedronka,,,,52.600777,15.8896719
13092938181,node,supermarket,Dino,,,Dino,,,,51.2590432,23.3085064
13092953431,node,supermarket,Dino,,,Dino,,,,50.654836,23.8954166
13107655763,node,supermarket,Netto,,,Netto,,,,53.2804167,16.4626274
13123878913,node,supermarket,Dino,,,Dino,,,,49.7224698,21.1086635
13128733565,node,supermarket,Biedronka,,,Biedronka,,,,50.2146509,18.5591852
13140683111,node,supermarket,Stokrotka,,,Stokrotka,,,,52.0544482,20.4408277
13147914900,node,supermarket,Netto,,,Netto,,,,53.4134999,23.5219803
13148065808,node,supermarket,Biedronka,,,Biedronka,,,,53.4114759,23.5217047
13173667327,node,supermarket,Dino,,,Dino,,,,52.8026024,21.910535
13184470385,node,supermarket,Dino,,,Dino,,,,51.3031712,16.9085759
13185576813,node,supermarket,Lidl,,,Lidl,,,,51.520356,17.2826795
13197117346,node,supermarket,Stokrotka,,,Stokrotka,,,,53.1335379,18.0187821
13227736201,node,supermarket,Dino,,,Dino,,,,50.9258489,15.7355981
13248528541,node,supermarket,Dino,,,Dino,,,,52.2989691,20.1848479
13248895794,node,supermarket,Biedronka,,,Biedronka,,,,49.4750072,20.0087527
13256768604,node,supermarket,Carrefour Market,,,Carrefour Market,,,,52.7732972,18.2510622
13266852004,node,supermarket,Biedronka,,,Biedronka,,,,49.7519283,18.6608117
13279709247,node,supermarket,Biedronka,,,Biedronka,,,,53.1218879,23.1454932
13284776699,node,supermarket,Netto,,,Netto,,,,53.4261375,14.542844
13288933239,node,supermarket,Biedronka,,,Biedronka,,,,51.7801834,18.0883564
13291409372,node,supermarket,Stokrotka,,,Stokrotka,,,,53.1458027,23.0526999
13296578582,node,supermarket,Lidl,,,Lidl,,,,54.3823229,18.5899211
13313442588,node,supermarket,Biedronka,,,Biedronka,,,,53.624187,21.8296982
13323181869,node,supermarket,Biedronka,,,Biedronka,,,,52.675187,20.2676508
13333970966,node,supermarket,Stokrotka,,,Stokrotka,,,,51.2639694,22.5524176
13334447303,node,supermarket,Carrefour Market,,,Carrefour Market,,,,52.5542866,19.6929834
13336053273,node,supermarket,Stokrotka,,,Stokrotka,,,,51.2409415,16.9375395
13338060880,node,supermarket,Biedronka,,,Biedronka,,,,53.5519618,14.5386039
13338500544,node,supermarket,Auchan,,,Auchan,,,,53.1676249,22.0523032
13340540335,node,supermarket,Dino,,,Dino,,,,53.0722973,14.9011928
13342487523,node,supermarket,Dino,,,Dino,,,,52.5493875,17.5574254
13355513320,node,supermarket,Dino,,,Dino,,,,49.9034115,19.162411
13363568827,node,supermarket,Lidl,,,Lidl,,,,50.1373141,19.194297
13363638145,node,supermarket,Lidl,,,Lidl,,,,51.1914538,22.5841133
13363638162,node,supermarket,Biedronka,,,Biedronka,,,,51.1474332,22.5906114
13367121149,node,supermarket,Biedronka,,,Biedronka,,,,51.2766733,22.5256259
13374957144,node,supermarket,Dino,,,Dino,,,,54.6750097,18.4082685
13378905259,node,supermarket,Dino,,,Dino,,,,54.141048,17.4996169
13379145842,node,supermarket,Dino,,,Dino,,,,53.9924876,17.4075743
13381946923,node,supermarket,Dino,,,Dino,,,,54.4698795,17.1099001
13381946925,node,supermarket,Dino,,,Dino,,,,54.4415054,17.0990828
13381972304,node,supermarket,Dino,,,Dino,,,,54.2401218,17.8939612
13384241301,node,supermarket,Dino,,,Dino,,,,51.9127738,20.9040485
13384308332,node,supermarket,Lidl,,,Lidl,,,,54.178373,18.6870416
13384331812,node,supermarket,Biedronka,,,Biedronka,,,,53.1665957,18.1706573
13389624481,node,supermarket,Dino,,,Dino,,,,52.1156947,19.6942303
13391340866,node,supermarket,Lidl,,,Lidl,,,,51.9598244,19.7031077
13391340999,node,supermarket,Dino,,,Dino,,,,51.900622,19.6122379
13393133192,node,supermarket,Stokrotka,,,Stokrotka,,,,50.7739981,19.6849879
13393241914,node,supermarket,Dino,,,Dino,,,,52.6878419,19.221599
13393276955,node,supermarket,Dino,,,Dino,,,,52.8645405,19.1770334
13393473394,node,supermarket,Lidl,,,Lidl,,,,53.988217,20.3871656
13393498676,node,supermarket,Dino,,,Dino,,,,54.187426,19.7344027
13393637918,node,supermarket,Dino,,,Dino,,,,54.0444701,19.6639752
13398669944,node,supermarket,Dino,,,Dino,,,,53.8533665,17.4883131
13398669966,node,supermarket,Dino,,,Dino,,,,53.9027794,17.9308111
13398669986,node,supermarket,Dino,,,Dino,,,,53.9912884,18.1560344
13398716022,node,supermarket,Dino,,,Dino,,,,53.9241281,19.169151
13398716132,node,supermarket,Biedronka,,,Biedronka,,,,54.0769995,18.7317202
13402008030,node,supermarket,Lidl,,,Lidl,,,,53.4934517,18.7599847
13410289087,node,supermarket,Biedronka,,,Biedronka,,,,50.0112521,21.0395983
13411360686,node,supermarket,Dino,,,Dino,,,,54.076654,21.3956584
13411460048,node,supermarket,Dino,,,Dino,,,,53.9375258,21.5392484
13413361802,node,supermarket,Carrefour,,,Carrefour,,,,53.7479705,21.3405742
13413383817,node,supermarket,Dino,,,Dino,,,,54.0426263,22.4758918
13414308390,node,supermarket,Dino,,,Dino,,,,53.7227112,19.3340586
13414358869,node,supermarket,Dino,,,Dino,,,,53.5901224,18.6339418
13418431410,node,supermarket,Dino,,,Dino,,,,52.3983085,14.7641177
13418524896,node,supermarket,Dino,,,Dino,,,,52.7293238,14.5710426
13426543697,node,supermarket,Dino,,,Dino,,,,53.6805762,19.9769254
13427414113,node,supermarket,Biedronka,,,Biedronka,,,,50.2495053,20.0867297
13430119917,node,supermarket,Biedronka,,,Biedronka,,,,54.3790253,16.3174197
13430934046,node,supermarket,Dino,,,Dino,,,,52.6381693,20.3496843
13430934066,node,supermarket,Dino,,,Dino,,,,52.4054442,20.8059976
13433125496,node,supermarket,Dino,,,Dino,,,,53.6534071,23.3551093
13438508954,node,supermarket,Carrefour,,,Carrefour,,,,53.3848326,21.3412088
13438508978,node,supermarket,Dino,,,Dino,,,,53.3809727,21.3349656
13443624854,node,supermarket,Dino,,,Dino,,,,53.5094938,18.4888333
13443624924,node,supermarket,Dino,,,Dino,,,,53.3356571,18.1863131
13449324338,node,supermarket,Biedronka,,,Biedronka,,,,51.7950576,15.7172832
13451446858,node,supermarket,Dino,,,Dino,,,,52.5406103,17.6469672
13452102991,node,supermarket,Dino,,,Dino,,,,53.167799,20.4164307
13456804467,node,supermarket,Biedronka,,,Biedronka,,,,49.2985728,19.9486462
13461110525,node,supermarket,Dino,,,Dino,,,,52.8135299,20.2847302
13461323151,node,supermarket,Dino,,,Dino,,,,53.769166,22.8124458
13461332933,node,supermarket,Dino,,,Dino,,,,53.6133781,22.0438683
13461332958,node,supermarket,Dino,,,Dino,,,,53.5669006,22.2726587
13461332972,node,supermarket,Dino,,,Dino,,,,53.5157127,22.3133726
13462882332,node,supermarket,Dino,,,Dino,,,,52.9284062,21.9175434
13464166845,node,supermarket,Biedronka,,,Biedronka,,,,50.1835041,20.811931
13467870233,node,supermarket,Dino,,,Dino,,,,52.4164271,21.4158681
13471663783,node,supermarket,Dino,,,Dino,,,,52.5056334,21.0062804
13472140733,node,supermarket,Dino,,,Dino,,,,51.9123087,20.7130734
13472140754,node,supermarket,Dino,,,Dino,,,,51.9130258,20.9064463
13474255692,node,supermarket,Lidl,,,Lidl,,,,51.9680428,20.5295253
13476520051,node,supermarket,Auchan,,,Auchan,,,,50.4611271,23.4169699
13502365677,node,supermarket,Lidl,,,Lidl,,,,52.1839814,21.1355067
13503719603,node,supermarket,Auchan,,,Auchan,,,,52.0462352,20.451275
13506259451,node,supermarket,Dino,,,Dino,,,,51.9372802,21.3016885
13506370894,node,supermarket,Dino,,,Dino,,,,51.7369608,19.8260961
13506396814,node,supermarket,Dino,,,Dino,,,,51.8365041,19.7441582
13506887090,node,supermarket,Dino,,,Dino,,,,51.0834135,23.5930002
13510343750,node,supermarket,Dino,,,Dino,,,,51.1890866,22.056135
13511038259,node,supermarket,Lidl,,,Lidl,,,,50.8810862,20.6523439
13522440809,node,supermarket,Stokrotka,,,Stokrotka,,,,50.0867343,20.0142313
13527048972,node,supermarket,Dino,,,Dino,,,,49.9206039,19.9849636
13529609010,node,supermarket,Stokrotka,,,Stokrotka,,,,50.2562476,21.9702726
13538407335,node,supermarket,Dino,,,Dino,,,,52.9222938,14.8830638
13544057621,node,supermarket,Dino,,,Dino,,,,51.5047837,16.0783427
13546437262,node,supermarket,Stokrotka Market,,,Stokrotka Market,,,,50.2156143,19.2578851
13551387374,node,supermarket,Stokrotka,,,Stokrotka,,,,53.1064005,23.1160938
13569573052,node,supermarket,Dino,,,Dino,,,,53.1858293,15.1962522
13569573409,node,supermarket,Dino,,,Dino,,,,53.361573,14.9708687
13569606658,node,supermarket,Dino,,,Dino,,,,52.5937596,15.5042307
13569866416,node,supermarket,Biedronka,,,Biedronka,,,,52.2331104,21.0002111
13585246071,node,supermarket,Dino,,,Dino,,,,52.8375085,19.1723431
13590991424,node,supermarket,Biedronka,,,Biedronka,,,,52.125054,17.4682296
13596582917,node,supermarket,Auchan Supermarket,,,Auchan,,,,51.7613114,19.4691825
13598054155,node,supermarket,Dino,,,Dino,,,,51.2590266,17.3334583
13606528387,node,supermarket,Dino,,,Dino,,,,51.7566921,19.4667476
13611798005,node,supermarket,Dino,,,Dino,,,,52.7966395,15.320828
13637773839,node,supermarket,Lidl,,,Lidl,,,,51.2019761,17.4056339
13654473089,node,supermarket,Stokrotka,,,Stokrotka,,,,52.1456631,21.056919
13657237730,node,supermarket,Biedronka,,,Biedronka,,,,51.7997055,15.6835291
13663195344,node,supermarket,Dino,,,Dino,,,,52.3676429,21.2290651
13669153933,node,supermarket,Biedronka,,,Biedronka,,,,52.3193789,17.0262258
13670923834,node,supermarket,Dino,,customers,Dino,,,,54.2090523,15.994833
13675555676,node,supermarket,Intermarché,,,Intermarché,,,,51.2688431,15.9472256
13682349149,node,supermarket,Biedronka,,,Biedronka,,,,50.9385008,20.0525338
13682796450,node,supermarket,Biedronka,,,Biedronka,,,,50.4831622,20.0246708
13686504452,node,supermarket,Auchan,,,Auchan,,,,50.7855987,18.9633419
13686959403,node,supermarket,Dino,,,Dino,,,,51.6942973,17.4165498
13691826761,node,supermarket,Dino,,,Dino,,,,50.6544489,18.3571228
13691853014,node,supermarket,Lidl,,,Lidl,,,,50.0682508,19.8480232
13695765316,node,supermarket,Dino,,,Dino,,,,51.7965036,15.2339594
13703861123,node,supermarket,Biedronka,,,Biedronka,,,,52.2523078,21.2817774
13713900529,node,supermarket,Netto,,,Netto,,,,51.8016986,19.3225365
13732537339,node,supermarket,Biedronka,,,Biedronka,,,,50.0615648,22.0721048
13751138143,node,supermarket,Biedronka,,,Biedronka,,,,50.8783077,20.648098
13764752216,node,supermarket,Biedronka,,,Biedronka,,,,50.9097722,14.9699707
13770834439,node,supermarket,Biedronka,,,Biedronka,,,,50.0473086,19.9647866
13785073700,node,supermarket,Dino,,,Dino,,,,50.4458028,20.731143
13790027645,node,supermarket,Biedronka,,,Biedronka,,,,51.969001,17.51414
13808155651,node,supermarket,Biedronka,,,Biedronka,,,,50.2185273,18.9902364
13811877880,node,supermarket,Dino,,,Dino,,,,51.9531525,18.1423389
13827940332,node,supermarket,Biedronka,,,Biedronka,,,,52.3058707,16.1396558
13831587262,node,supermarket,Lidl,,,Lidl,,,,50.488076,19.3967552
13838884578,node,supermarket,Dino,,,Dino,,,,52.6035431,16.5928914
13853711816,node,supermarket,Lidl,,,Lidl,,,,50.6948041,21.7528188
13866871121,node,supermarket,Biedronka,,,Biedronka,,,,53.1827236,18.5804656
13867340740,node,supermarket,Kaufland,,,Kaufland,,,,51.1220056,16.9897201
13899191214,node,supermarket,Lidl,,,Lidl,,,,50.7233392,16.6522091
13905313160,node,supermarket,Stokrotka,,,Stokrotka,,,,53.1314466,18.0471494
13917188979,node,supermarket,Biedronka,,,Biedronka,,,,54.4630608,18.4574998
13923360860,node,supermarket,Dino,,,Dino,,,,49.8643711,21.625684
13923767539,node,supermarket,Dino,,,Dino,,,,50.5091826,18.2867141
13935196276,node,supermarket,Dino,,,Dino,,,,53.384306,14.6391619
13954269882,node,supermarket,Lidl,,,Lidl,,,,52.2414374,21.0801726
13966024114,node,supermarket,Dino,,,Dino,,,,52.4016561,16.855804
13970240838,node,supermarket,Dino,,,Dino,,,,54.3864998,19.8344995
13982321065,node,supermarket,Lidl,,,Lidl,,,,51.766703,19.4472556
13982321066,node,supermarket,Biedronka,,,Biedronka,,,,51.7703162,19.4464803
13982321067,node,supermarket,Netto,,,Netto,,,,51.7667748,19.4493684
14008007988,node,supermarket,Lidl,,,Lidl,,,,50.8406952,19.9819364
14008018687,node,supermarket,Netto,,,Netto,,,,53.9386934,21.5513292
14018538997,node,supermarket,Auchan,,,Auchan,,,,50.0891752,18.2600146
14045690198,node,supermarket,Biedronka,,,Biedronka,,,,50.1728419,22.4482404
14049149732,node,supermarket,Dino,,,Dino,,,,52.5509015,18.5109468
14070508092,node,supermarket,Lidl,,,Lidl,,,,50.2990502,19.0302436
14071369875,node,supermarket,Biedronka,,,Biedronka,,,,52.3591385,16.9033895
14078085847,node,supermarket,Dino,,,Dino,,,,53.7692395,14.9015347
14078237319,node,supermarket,Netto,,,Netto,,,,52.235145,15.5411926
14085492192,node,supermarket,Dino,,,Dino,,,,51.8102528,19.4384162
24986870,way,supermarket,Kaufland,,,Kaufland,,,,53.2590847,19.3970135
27000959,way,supermarket,Kaufland,,,Kaufland,,,,51.9714014,20.1444092
27118220,way,supermarket,Biedronka,,,Biedronka,,,,49.8034141,19.0587125
27469143,way,supermarket,Netto,,,Netto,,,,52.2293274,21.0936362
27523496,way,supermarket,Netto,,,Netto,,,,51.7883211,19.4221376
27564945,way,supermarket,Lidl,,,Lidl,,,,50.9072678,15.7371458
27747423,way,supermarket,E. Leclerc,,,E. Leclerc,,,,51.7987668,19.4691596
27747555,way,supermarket,Netto,,,Netto,,,,51.7995495,19.4653641
27803185,way,supermarket,Biedronka,,,Biedronka,,,,51.7958059,19.4583186
28043103,way,supermarket,Biedronka,,,Biedronka,,,,52.3671282,16.8953487
28798022,way,supermarket,Carrefour Express,,,Carrefour Express,,,,52.1976843,20.9824669
29300165,way,supermarket,Biedronka,,,Biedronka,,,,52.1420216,21.0428197
29744212,way,supermarket,Biedronka,,,Biedronka,,,,50.0167687,20.0102902
30164036,way,supermarket,Biedronka,,,Biedronka,,,,52.3756099,16.8939145
30322671,way,supermarket,Biedronka,,,Biedronka,,,,52.2086255,20.9700042
30666637,way,supermarket,Carrefour Market,,,Carrefour Market,,,,52.175601,21.0140045
30666663,way,supermarket,Biedronka,,,Biedronka,,,,52.1699799,21.0250727
30957351,way,supermarket,Biedronka,,,Biedronka,,,,52.2267304,21.0830861
31060034,way,supermarket,Biedronka,,,Biedronka,,,,52.2389342,21.109456
32428402,way,supermarket,Kaufland,,,Kaufland,,,,52.4615864,16.919329
32595795,way,supermarket,Intermarché,,,Intermarché,,,,52.3491997,14.5652025
34158269,way,supermarket,Netto,,,Netto,,,,52.4352496,16.9225496
34423977,way,supermarket,Biedronka,,,Biedronka,,,,52.249421,21.0979359
34428195,way,supermarket,Biedronka,,,Biedronka,,,,52.1894213,20.9585419
34435356,way,supermarket,Auchan,,,Auchan,,,,52.1712797,20.9345813
35306170,way,supermarket,Intermarché,,,Intermarché,,,,52.6466659,16.8165129
35553232,way,supermarket,Biedronka,,,Biedronka,,,,50.0983886,18.5171952
35818811,way,supermarket,Kaufland,,,Kaufland,,,,51.1520469,15.0159471
35818813,way,supermarket,Biedronka,,,Biedronka,,,,51.152034,15.0173428
36889681,way,supermarket,Biedronka,,,Biedronka,,,,50.0884593,18.5448249
37550743,way,supermarket,Biedronka,,,Biedronka,,,,51.7781835,19.449886
37672770,way,supermarket,Carrefour Market,,,Carrefour Market,,,,50.0150625,20.020451
37728932,way,supermarket,Biedronka,,,Biedronka,,,,50.0122215,20.0203683
38068298,way,supermarket,Netto,,,Netto,,,,52.3834495,16.9668546
38969384,way,supermarket,Biedronka,,,Biedronka,,,,51.5405165,14.7320298
39084426,way,supermarket,Lidl,,,Lidl,,,,51.1268068,15.2856423
39084427,way,supermarket,Kaufland,,,Kaufland,,,,51.1261753,15.2866247
39236219,way,supermarket,Stokrotka,,,Stokrotka,,,,51.2061351,16.1867691
39277174,way,supermarket,Biedronka,,,Biedronka,,,,51.1206823,15.2766005
39339210,way,supermarket,Netto,,,Netto,,,,51.7454166,19.406221
39714154,way,supermarket,Biedronka,,,Biedronka,,,,52.8794638,20.6291724
39721465,way,supermarket,Carrefour Market,,,Carrefour Market,,,,52.8765378,20.6264542
40433682,way,supermarket,Biedronka,,,Biedronka,,,,52.1899413,20.8391897
40641687,way,supermarket,Lidl,,,Lidl,,,,49.7194741,18.8072409
40736464,way,supermarket,Kaufland,,,Kaufland,,,,51.208214,16.2138432
40774365,way,supermarket,Lidl,,,Lidl,,,,51.207323,16.1810196
41037573,way,supermarket,Netto,,,Netto,,,,53.5675682,14.8327595
41037601,way,supermarket,Kaufland,,,Kaufland,,,,53.5700636,14.8306803
42869147,way,supermarket,Lidl,,,Lidl,,,,52.1084283,20.6442693
42869149,way,supermarket,Biedronka,,,Biedronka,,,,52.1188596,20.6706021
43336807,way,supermarket,Netto,,,Netto,,,,52.4467756,16.9462828
44139183,way,supermarket,Netto,,,Netto,,,,50.1417055,19.4148402
44174738,way,supermarket,Lidl,,,Lidl,,,,52.3553605,14.5607424
44645543,way,supermarket,Carrefour,,,Carrefour,,,,50.4505892,18.859617
45407480,way,supermarket,Lidl,,,Lidl,,,,50.436165,18.84715
46248497,way,supermarket,Kaufland,,,Kaufland,,,,53.1570432,18.1559127
46248504,way,supermarket,Lidl,,,Lidl,,,,53.1539592,18.1544278
46248517,way,supermarket,Carrefour,,,Carrefour,,,,53.1536098,18.1570068
46651653,way,supermarket,Lidl,,,Lidl,,,,50.0630348,22.2235736
46653676,way,supermarket,Carrefour,,,Carrefour,,,,53.6983829,17.5796162
46666570,way,supermarket,Kaufland,,,Kaufland,,,,53.6997587,17.5737565
46671345,way,supermarket,Lidl,,,Lidl,,,,53.6994208,17.5534418
46842985,way,supermarket,Auchan,,,Auchan,,,,50.345039,18.9113019
47038966,way,supermarket,Kaufland,,,Kaufland,,,,50.0343552,19.2240636
48000961,way,supermarket,Biedronka,,,Biedronka,,,,50.0574366,21.4096236
51431661,way,supermarket,Kaufland,,,Kaufland,,,,50.4556303,18.8361124
51453393,way,supermarket,Biedronka,,,Biedronka,,,,53.4415457,14.504097
51535330,way,supermarket,Lidl,,,Lidl,,,,53.4330466,14.5146259
53058312,way,supermarket,Biedronka,,,Biedronka,,,,53.4245958,14.5008122
53058949,way,supermarket,Netto,,,Netto,,,,53.4278346,14.5095228
53064428,way,supermarket,Biedronka,,,Biedronka,,,,53.4288466,14.5267663
53425428,way,supermarket,Biedronka,,,Biedronka,,,,53.4369971,14.5705577
53589885,way,supermarket,Biedronka,,,Biedronka,,,,50.3453846,18.9307992
54534210,way,supermarket,Lidl,,,Lidl,,,,50.0702818,20.0403717
56144462,way,supermarket,Netto,,,Netto,,,,52.1176569,20.6710817
56293413,way,supermarket,Netto,,,Netto,,,,53.4602507,14.5436022
56293763,way,supermarket,Netto,,,Netto,,,,53.4589789,14.5421502
56294007,way,supermarket,Biedronka,,,Biedronka,,,,53.4610701,14.5549608
56317621,way,supermarket,Netto,,,Netto,,,,53.4024168,14.5283973
56317958,way,supermarket,Biedronka,,,Biedronka,,,,53.4084233,14.526623
56363684,way,supermarket,Lidl,,,Lidl,,,,53.4084074,14.5094023
56447667,way,supermarket,Lidl,,,Lidl,,,,53.4545771,14.5618384
56746365,way,supermarket,Intermarché,,,Intermarché,,,,51.2657469,16.7072181
58470996,way,supermarket,Netto,,,Netto,,,,53.4398767,14.4796271
58616949,way,supermarket,Biedronka,,,Biedronka,,,,53.1052349,23.1169168
58667456,way,supermarket,Stokrotka Market,,,Stokrotka Market,,,,53.4553065,14.5226664
58667798,way,supermarket,Biedronka,,,Biedronka,,,,53.4496187,14.500562
59421803,way,supermarket,Biedronka,,,Biedronka,,,,52.2513234,20.9186988
60264663,way,supermarket,Netto,,,Netto,,,,50.0844024,19.9275103
61579729,way,supermarket,Netto,,,Netto,,,,52.9018186,16.5583292
61645119,way,supermarket,Biedronka,,,Biedronka,,,,53.3685072,14.6546939
61790629,way,supermarket,Lidl,,,Lidl,,,,53.396803,14.6728832
61953294,way,supermarket,Biedronka,,,Biedronka,,,,53.3903689,14.7644939
61987066,way,supermarket,Netto,,,Netto,,,,53.3592819,14.7450417
61993363,way,supermarket,Lidl,,,Lidl,,,,53.3822959,14.6334007
62120490,way,supermarket,Lidl,,,Lidl,,,,51.2292415,22.5367743
62172885,way,supermarket,Lidl,,,Lidl,,,,52.2422648,21.0989604
62175860,way,supermarket,Stokrotka,,,Stokrotka,,,,51.2276087,22.5304639
63946229,way,supermarket,Lidl,,,Lidl,,,,50.3245436,19.1771114
63950340,way,supermarket,Lidl,,,Lidl,,,,50.3283847,19.2238112
64537013,way,supermarket,Biedronka,,,Biedronka,,,,51.7792623,14.9836666
65140300,way,supermarket,Netto,,,Netto,,,,51.7902819,14.971685
65463659,way,supermarket,Stokrotka,,,Stokrotka,,,,50.3232553,19.2111083
65722287,way,supermarket,Biedronka,,,Biedronka,,,,50.0865996,20.0267768
66122647,way,supermarket,Biedronka,,,Biedronka,,,,50.3225522,19.1798808
68337621,way,supermarket,Biedronka,,,Biedronka,,,,53.690777,17.5693554
69018818,way,supermarket,Kaufland,,,Kaufland,,,,53.3847307,14.6582703
69057926,way,supermarket,Intermarché,,,Intermarché,,,,50.3423854,19.2294027
69103496,way,supermarket,Biedronka,,,Biedronka,,,,53.693619,17.558233
69365957,way,supermarket,Lidl,,,Lidl,,,,52.1443228,21.0368207
70990513,way,supermarket,Biedronka,,,Biedronka,,,,52.2709809,20.9493332
71464298,way,supermarket,Biedronka,,,Biedronka,,,,50.9461891,17.297573
72431876,way,supermarket,Stokrotka,,,Stokrotka,,,,51.1299915,23.4726139
73103402,way,supermarket,Lidl,,,Lidl,,,,49.9692805,20.5976966
74616801,way,supermarket,Biedronka,,,Biedronka,,,,49.6326659,20.6913719
75062780,way,supermarket,Lidl,,,Lidl,,,,54.716658,18.4055925
75062794,way,supermarket,Intermarché,,,Intermarché,,,,54.7160506,18.3933033
78327043,way,supermarket,Biedronka,,,Biedronka,,,,50.5932029,16.8114725
80428485,way,supermarket,Lidl,,,Lidl,,,,52.2579807,21.0415085
80851003,way,supermarket,E. Leclerc,,,E. Leclerc,,,,52.2781502,20.92985
80869512,way,supermarket,Biedronka,,,Biedronka,,,,50.6753091,19.2181771
82133910,way,supermarket,Lidl,,,Lidl,,,,52.2305233,18.2865046
82803637,way,supermarket,Biedronka,,,Biedronka,,,,51.6182808,15.315193
83523577,way,supermarket,Carrefour,,,Carrefour,,,,50.0113024,19.963363
83719042,way,supermarket,Centre Commercial E.Leclerc,,,Centre Commercial E.Leclerc,,,,50.4386182,16.6406322
84000521,way,supermarket,Netto,,,Netto,,,,53.0240195,18.6591335
84788477,way,supermarket,Biedronka,,,Biedronka,,,,50.9503872,17.2777266
87223985,way,supermarket,Biedronka,,,Biedronka,,,,53.0290822,18.6622762
87239464,way,supermarket,Biedronka,,,Biedronka,,,,53.0284439,18.6721144
87243971,way,supermarket,Biedronka,,,Biedronka,,,,53.0276621,18.6808013
87398839,way,supermarket,Biedronka,,,Biedronka,,,,49.726298,19.1370306
87512792,way,supermarket,Netto,,,Netto,,,,53.0165164,18.617703
87579891,way,supermarket,Kaufland,,,Kaufland,,,,51.4150729,21.9728654
87841122,way,supermarket,Lidl,,,Lidl,,,,50.2849917,18.6791242
88193570,way,supermarket,Lidl,,,Lidl,,,,51.7378871,19.4772394
88396663,way,supermarket,Auchan,,,Auchan,,,,54.4026911,18.588031
88408900,way,supermarket,Intermarché,,,Intermarché,,,,52.5861766,14.6493668
88408902,way,supermarket,Lidl,,,Lidl,,,,52.5869615,14.6482705
88471023,way,supermarket,Lidl,,,Lidl,,,,54.3842468,18.5976274
88486988,way,supermarket,Lidl,,,Lidl,,,,54.3776005,18.633296
88814457,way,supermarket,Lidl,,,Lidl,,,,53.0175256,18.6349662
89048597,way,supermarket,Carrefour,,,Carrefour,,,,52.7843527,18.2463945
89062396,way,supermarket,Netto,,,Netto,,,,53.0130664,18.5705737
89344833,way,supermarket,Biedronka,,,Biedronka,,,,50.0129736,19.9502655
89345209,way,supermarket,Biedronka,,,Biedronka,,,,53.0148633,18.5745522
89401327,way,supermarket,Kaufland,,,Kaufland,,,,53.1601484,16.7524462
89439983,way,supermarket,E.Leclerc,,,Centre Commercial E.Leclerc,,,,54.4583564,16.9898746
89445300,way,supermarket,Auchan,,,Auchan,,,,54.4543837,16.9735535
89455764,way,supermarket,Kaufland,,,Kaufland,,,,54.471575,17.0179548
89616289,way,supermarket,Biedronka,,,Biedronka,,,,51.3372186,22.0051401
89681274,way,supermarket,Biedronka Outlet,,,Biedronka,,,,54.430753,18.4694515
89705430,way,supermarket,Biedronka,,,Biedronka,,,,54.398494,18.5934342
89820667,way,supermarket,Lidl,,,Lidl,,,,52.3867423,16.9085846
89992829,way,supermarket,Biedronka,,,Biedronka,,,,50.8489378,19.9800039
90536993,way,supermarket,Kaufland,,,Kaufland,,,,50.4644682,17.3448418
90972015,way,supermarket,Lidl,,,Lidl,,,,54.390089,18.6190799
91561252,way,supermarket,Biedronka,,,Biedronka,,,,51.7439241,19.8054559
92332686,way,supermarket,Biedronka,,,Biedronka,,,,50.2909858,19.1316225
93079923,way,supermarket,Kaufland,,,Kaufland,,,,50.0049896,18.4744617
93079930,way,supermarket,Carrefour,,,Carrefour,,,,50.0061989,18.448858
94374333,way,supermarket,Biedronka,,,Biedronka,,,,51.139242,22.8434168
94814002,way,supermarket,Netto,,,Netto,,,,49.8237369,19.0343973
94862612,way,supermarket,Lidl,,,Lidl,,,,52.538271,17.6130311
94903656,way,supermarket,Biedronka,,,Biedronka,,,,49.8034339,19.0293512
95017375,way,supermarket,Lidl,,,Lidl,,,,54.4030738,18.633907
95506743,way,supermarket,Netto,,,Netto,,,,54.4615608,17.0013467
95506744,way,supermarket,Biedronka,,,Biedronka,,,,54.4672056,17.0308626
96134162,way,supermarket,Lidl,,,Lidl,,,,51.6649223,16.0904903
96452764,way,supermarket,Biedronka,,,Biedronka,,,,51.0255736,17.1533338
96785207,way,supermarket,Stokrotka,,,Stokrotka,,,,52.5433333,17.6222529
96967897,way,supermarket,Lidl,,,Lidl,,,,50.3384613,18.885365
96968372,way,supermarket,Biedronka,,,Biedronka,,,,50.3381166,18.8910951
97220100,way,supermarket,Biedronka,,,Biedronka,,,,50.3401891,18.9014032
97303542,way,supermarket,Lidl,,,Lidl,,,,52.7091296,16.3782905
97362344,way,supermarket,Netto,,,Netto,,,,54.0252267,19.0373274
97384269,way,supermarket,Lidl,,,Lidl,,,,51.4150922,21.9916446
97443993,way,supermarket,Biedronka,,,Biedronka,,,,54.362664,18.711171
97808100,way,supermarket,Biedronka,,,Biedronka,,,,53.0778302,21.583597
97969429,way,supermarket,Biedronka,,,Biedronka,,,,52.1681464,22.2426184
97974529,way,supermarket,Biedronka,,,Biedronka,,,,52.1658381,22.2685354
98240173,way,supermarket,Biedronka,,,Biedronka,,,,51.4041644,16.1723159
98240212,way,supermarket,Lidl,,,Lidl,,,,51.4033833,16.1754818
98240228,way,supermarket,Kaufland,,,Kaufland,,,,51.388357,16.2132285
98361580,way,supermarket,Biedronka,,,Biedronka,,,,54.3604218,18.719022
98441722,way,supermarket,Carrefour Market,,,Carrefour Market,,,,50.3685058,18.8512651
98789631,way,supermarket,Carrefour Market,,,Carrefour Market,,,,52.394246,20.930081
99017340,way,supermarket,Biedronka,,,Biedronka,,,,53.0272214,18.697318
99200826,way,supermarket,Netto,,,Netto,,,,49.8099185,19.0223335
99472200,way,supermarket,Biedronka,,,Biedronka,,,,52.3937508,20.9341109
99483282,way,supermarket,Biedronka,,,Biedronka,,,,51.4066287,16.1790595
99776537,way,supermarket,Biedronka,,,Biedronka,,,,51.4001263,16.2095536
99897479,way,supermarket,Lidl,,,Lidl,,,,54.7907609,18.4172512
100306636,way,supermarket,Biedronka,,,Biedronka,,,,54.4566992,16.9933876
100351325,way,supermarket,Stokrotka,,,Stokrotka,,,,54.4726001,17.0103782
100351421,way,supermarket,Biedronka,,,Biedronka,,,,54.4672046,17.0104788
100480027,way,supermarket,Lidl,,,Lidl,,,,54.4736286,17.0146302
100486781,way,supermarket,Biedronka,,,Biedronka,,,,54.4631257,17.0211158
100486818,way,supermarket,Biedronka,,,Biedronka,,,,54.469366,17.0173926
100521603,way,supermarket,Stokrotka Market,,,Stokrotka Market,,,,51.234944,22.510187
100634008,way,supermarket,Biedronka,,,Biedronka,,,,51.0475838,17.0041108
100650780,way,supermarket,Netto,,,Netto,,,,49.8098332,19.0619876
100722065,way,supermarket,Intermarché,,,Intermarché,,,,54.423145,18.56479
100737883,way,supermarket,Biedronka,,,Biedronka,,,,51.062496,17.0825599
100843647,way,supermarket,Lidl,,,Lidl,,,,51.0764361,17.0063465
100917800,way,supermarket,Biedronka,,,Biedronka,,,,51.0877271,17.0451536
100918564,way,supermarket,Dino,,,Dino,,,,51.0996793,17.0237495
100926690,way,supermarket,Biedronka,,,Biedronka,,,,51.0824437,17.0466224
100929682,way,supermarket,Lidl,,,Lidl,,,,51.0883433,17.0467741
100932611,way,supermarket,Lidl,,,Lidl,,,,51.0964119,16.9838163
100935401,way,supermarket,Biedronka,,,Biedronka,,,,51.0823996,17.0422461
101076952,way,supermarket,Carrefour Market,,,Carrefour Market,,,,51.7975833,19.3904963
101087273,way,supermarket,Stokrotka,,,Stokrotka,,,,49.8084607,19.0188853
101173037,way,supermarket,Intermarché,,,Intermarché,,,,51.7800246,14.9847787
101212181,way,supermarket,Lidl,,,Lidl,,,,51.1127173,16.9587883
101396468,way,supermarket,Stokrotka,,,Stokrotka,,,,51.7781122,19.3880135
101411666,way,supermarket,Carrefour Market,,,Carrefour Market,,,,54.4058283,18.6033627
101511594,way,supermarket,Lidl,,,Lidl,,,,50.0848401,20.0404277
101577816,way,supermarket,Lidl,,,Lidl,,,,51.1380122,17.0263164
101650549,way,supermarket,Lidl,,,Lidl,,,,51.1485407,17.1167241
101660503,way,supermarket,Biedronka,,,Biedronka,,,,51.1464984,17.1338285
101661318,way,supermarket,Biedronka,,,Biedronka,,,,51.1407775,17.0232018
101661933,way,supermarket,Biedronka,,,Biedronka,,,,51.1448286,16.8651449
101738893,way,supermarket,Biedronka,,,Biedronka,,,,54.4069434,18.5905122
101755204,way,supermarket,Biedronka,,,Biedronka,,,,51.155634,17.1323251
101838001,way,supermarket,Dino,,,Dino,,,,51.1669315,17.108046
101915020,way,supermarket,Biedronka,,,Biedronka,,,,53.7394093,20.4835447
101959792,way,supermarket,Biedronka,,,Biedronka,,,,54.4164324,18.597031
101988909,way,supermarket,Lidl,,,Lidl,,,,52.1710396,20.8132582
102135160,way,supermarket,Carrefour,,,Carrefour,,,,51.804772,19.3801027
102135708,way,supermarket,Lidl,,,Lidl,,,,51.7980742,19.3850503
102247737,way,supermarket,Biedronka,,,Biedronka,,,,51.8004525,19.3770392
102252686,way,supermarket,Netto,,,Netto,,,,51.7943051,19.3696998
102445958,way,supermarket,Stokrotka,,,Stokrotka,,,,51.2328014,21.9961678
102481276,way,supermarket,Dino,,,Dino,,,,50.5295869,18.7167926
102555177,way,supermarket,Biedronka,,,Biedronka,,,,54.4201405,18.581767
102588612,way,supermarket,Lidl,,,Lidl,,,,52.1532057,20.7931134
102851160,way,supermarket,Netto,,,Netto,,,,51.8151364,19.4240002
103127651,way,supermarket,Kaufland,,,Kaufland,,,,51.7917027,19.4459908
103260077,way,supermarket,Biedronka,,,Biedronka,,,,51.1924951,22.0681516
103264045,way,supermarket,Lidl,,,Lidl,,,,52.3579525,16.9036508
103296596,way,supermarket,Auchan,,,Auchan,,,,49.8319644,18.9840979
103422302,way,supermarket,Lidl,,,Lidl,,,,51.7904712,19.4341607
103540634,way,supermarket,Biedronka,,,Biedronka,,,,49.9962686,18.4588816
103695894,way,supermarket,Netto,,,Netto,,,,51.7980764,19.4602587
103851650,way,supermarket,Biedronka,,,Biedronka,,,,54.359658,18.5841545
104048154,way,supermarket,Carrefour Market,,,Carrefour Market,,,,54.3571792,18.6194341
104185001,way,supermarket,Lidl,,,Lidl,,,,50.4915319,19.4269257
104410017,way,supermarket,Biedronka,,,Biedronka,,,,51.7526798,19.5384582
104489878,way,supermarket,Lidl,,,Lidl,,,,51.7486442,19.5045396
104491738,way,supermarket,Biedronka,,,Biedronka,,,,51.7443972,19.4042105
104514902,way,supermarket,Biedronka,,,Biedronka,,,,51.7546648,19.4600305
104524694,way,supermarket,Biedronka,,,Biedronka,,,,50.4905923,19.4333358
104720416,way,supermarket,Auchan,,,Auchan,,,,51.7494052,19.4661485
104777594,way,supermarket,Biedronka,,,Biedronka,,,,52.392906,16.9510043
104862710,way,supermarket,Biedronka,,,Biedronka,,,,51.7376328,19.3897828
104863096,way,supermarket,Netto,,,Netto,,,,51.7430081,19.3852588
105051520,way,supermarket,Lidl,,,Lidl,,,,52.3180126,20.9611604
105276545,way,supermarket,Biedronka,,,Biedronka,,,,52.1731939,20.82835
105308553,way,supermarket,Biedronka,,,Biedronka,,,,54.340827,18.6192515
105352849,way,supermarket,Carrefour Market,,,Carrefour Market,,,,51.7351553,19.5016599
105624634,way,supermarket,Lidl,,,Lidl,,,,53.697354,17.5823607
105636090,way,supermarket,Biedronka,,,Biedronka,,,,51.7786244,19.4695244
105738624,way,supermarket,Netto,,,Netto,,,,50.0946076,18.5345923
105746571,way,supermarket,Lidl,,,Lidl,,,,50.0888673,18.5347471
105757366,way,supermarket,Carrefour Market,,,Carrefour Market,,,,51.7428403,19.4741798
105766570,way,supermarket,Biedronka,,,Biedronka,,,,50.0871312,18.530119
105784024,way,supermarket,Biedronka,,,Biedronka,,,,54.3515163,18.5863086
105806372,way,supermarket,Lidl,,,Lidl,,,,54.3565025,18.5884955
106155294,way,supermarket,Intermarché,,,Intermarché,,,,54.0230145,19.0431638
106184615,way,supermarket,Intermarché,,,Intermarché,,,,52.4516734,16.9289487
106778168,way,supermarket,Stokrotka,,,Stokrotka,,,,51.7934497,19.4651316
106923174,way,supermarket,Biedronka,,,Biedronka,,,,51.7850975,19.4533008
106947968,way,supermarket,Intermarché,,,Intermarché,,,,51.8113699,19.3170493
107043549,way,supermarket,Biedronka,,,Biedronka,,,,51.2354185,22.5726058
107044162,way,supermarket,Netto,,,Netto,,,,51.8989025,19.601844
107081499,way,supermarket,Kaufland,,,Kaufland,,,,50.3697893,18.9426389
107182992,way,supermarket,Lidl,,,Lidl,,,,52.1913931,20.9577727
107246908,way,supermarket,Netto,,,Netto,,,,49.81863,19.0516859
107555372,way,supermarket,Stokrotka,,,Stokrotka,,,,52.2183092,21.2378476
107769657,way,supermarket,Biedronka,,,Biedronka,,,,51.7458826,19.5659341
107771288,way,supermarket,Netto,,,Netto,,,,51.7423317,19.5610625
107834539,way,supermarket,Carrefour Market,,,Carrefour Market,,,,53.7678069,20.4758324
107957262,way,supermarket,Stokrotka,,,Stokrotka,,,,52.3877632,16.9837628
108342921,way,supermarket,Biedronka,,,Biedronka,,,,52.2233436,20.0159099
108487741,way,supermarket,Biedronka,,,Biedronka,,,,51.716664,19.4744081
108513627,way,supermarket,Lidl,,,Lidl,,,,50.034637,19.9681488
109259749,way,supermarket,Lidl,,,Lidl,,,,49.809358,19.0029271
109379729,way,supermarket,Biedronka,,,Biedronka,,,,51.7511953,19.3280279
109459213,way,supermarket,Kaufland,,,Kaufland,,,,52.3346389,20.9631398
110003557,way,supermarket,Biedronka,,,Biedronka,,,,50.4419985,18.8530048
110432763,way,supermarket,Lidl,,,Lidl,,,,52.2400665,20.9140514
111165474,way,supermarket,Netto,,,Netto,,,,49.8137357,19.0096707
111648825,way,supermarket,Biedronka,,,Biedronka,,,,54.3190715,18.582426
111787414,way,supermarket,Biedronka,,,Biedronka,,,,52.1916361,20.8619214
111841783,way,supermarket,Biedronka,,,Biedronka,,,,52.2555684,17.0904895
112014875,way,supermarket,Centre Commercial E. Leclerc,,,Centre Commercial E. Leclerc,,,,53.0720651,21.5823992
112673111,way,supermarket,Netto,,,Netto,,,,52.8005744,18.2574635
112737535,way,supermarket,Netto,,,Netto,,,,51.6618929,16.0754876
112737556,way,supermarket,Biedronka,,,Biedronka,,,,51.6634766,16.07877
112914187,way,supermarket,Netto,,,Netto,,,,52.1382262,21.0631742
113522224,way,supermarket,Stokrotka,,,Stokrotka,,,,52.1061004,21.1125742
113561311,way,supermarket,Biedronka,,,Biedronka,,,,54.2656987,18.6555186
113600107,way,supermarket,Biedronka,,,Biedronka,,,,54.2776897,18.5895438
113666626,way,supermarket,Biedronka,,,Biedronka,,,,54.2579332,18.6481865
113707055,way,supermarket,Biedronka,,,Biedronka,,,,50.4334465,18.865322
113707080,way,supermarket,Netto,,,Netto,,,,50.4248353,18.8683309
113937062,way,supermarket,Biedronka,,,Biedronka,,,,52.2355252,20.9374052
114425947,way,supermarket,Biedronka,,,Biedronka,,,,52.8033862,18.2699604
114448191,way,supermarket,Biedronka,,,Biedronka,,,,53.0830153,21.586251
114550755,way,supermarket,Biedronka,,,Biedronka,,,,53.0841634,21.571923
114648648,way,supermarket,Biedronka,,,Biedronka,,,,51.7789261,19.4906464
114995405,way,supermarket,Biedronka,,,Biedronka,,,,53.0736297,21.5641501
115021228,way,supermarket,Carrefour,,,Carrefour,,,,51.6498306,19.3725543
115674397,way,supermarket,Stokrotka,,,Stokrotka,,,,50.2609245,22.4163123
116024896,way,supermarket,Lidl,,,Lidl,,,,53.0843837,21.5889147
116238875,way,supermarket,Biedronka,,,Biedronka,,,,52.35209,16.8683102
116269003,way,supermarket,Dino,,,Dino,,,,50.0315904,19.2446313
116390934,way,supermarket,Lidl,,,Lidl,,,,50.4429403,18.8812106
116565590,way,supermarket,Biedronka,,,Biedronka,,,,52.4532056,16.9467421
116791184,way,supermarket,Biedronka,,,Biedronka,,,,52.3811758,16.963145
116918074,way,supermarket,Biedronka,,,Biedronka,,,,50.452121,18.8399458
117250964,way,supermarket,Lidl,,,Lidl,,,,51.160292,15.0074607
117691256,way,supermarket,Carrefour Express,,,Carrefour Express,,,,51.7415433,19.8202232
118031010,way,supermarket,Biedronka,,,Biedronka,,,,50.4745768,18.7998587
118694195,way,supermarket,Biedronka,,,Biedronka,,,,52.4408708,15.1189518
118974761,way,supermarket,Biedronka,,,Biedronka,,,,52.1988726,20.8689448
119430645,way,supermarket,Stokrotka,,,Stokrotka,,,,54.1045984,22.9323346
119444202,way,supermarket,Biedronka,,,Biedronka,,,,52.3252419,20.9391031
119906176,way,supermarket,Kaufland,,,Kaufland,,,,50.0539942,21.43717
120064596,way,supermarket,Lidl,,,Lidl,,,,52.4595763,16.9078057
121163364,way,supermarket,Lidl,,,Lidl,,,,53.7568598,20.4667713
121174723,way,supermarket,Biedronka,,,Biedronka,,,,50.5293628,18.716054
121257002,way,supermarket,Biedronka,,,Biedronka,,,,52.5632828,17.829429
121670190,way,supermarket,Biedronka,,,Biedronka,,,,51.8458297,19.4163035
121674963,way,supermarket,Biedronka,,,Biedronka,,,,52.2958506,21.0335143
121766357,way,supermarket,Biedronka,,,Biedronka,,,,53.7419876,20.5032707
121854015,way,supermarket,Carrefour Market,,,Carrefour Market,,,,53.7561127,20.4573162
121861800,way,supermarket,Stokrotka,,,Stokrotka,,,,53.1105956,18.0416892
121950063,way,supermarket,Kaufland,,,Kaufland,,,,53.562933,20.9862808
121952598,way,supermarket,Biedronka,,,Biedronka,,,,53.1041735,18.0447934
122069551,way,supermarket,Biedronka,,,Biedronka,,,,53.7688657,20.4300657
122082410,way,supermarket,Biedronka,,,Biedronka,,,,53.6324047,21.8038288
122297635,way,supermarket,Kaufland,,,Kaufland,,,,50.3034868,19.0129282
122730896,way,supermarket,Intermarché,,,Intermarché,,,,54.5305167,17.7528863
123202930,way,supermarket,Lidl,,,Lidl,,,,52.4076038,17.08345
123555382,way,supermarket,Biedronka,,,Biedronka,,,,50.3515942,18.8949439
123688477,way,supermarket,Netto,,,Netto,,,,51.9474651,14.7236575
123688479,way,supermarket,Netto,,,Netto,,,,51.9521275,14.7281915
124171212,way,supermarket,Biedronka,,,Biedronka,,,,54.4324049,18.5623378
124983323,way,supermarket,Biedronka,,,Biedronka,,,,53.9075624,19.9379299
124983325,way,supermarket,Lidl,,,Lidl,,,,53.9139037,19.9246552
125104491,way,supermarket,Biedronka,,,Biedronka,,,,54.1591375,15.3994543
125104968,way,supermarket,Stokrotka,,,Stokrotka,,,,54.1745883,15.5824296
125666567,way,supermarket,Biedronka,,,Biedronka,,,,50.5675637,21.1718437
125742588,way,supermarket,Lidl,,,Lidl,,,,54.4582089,18.5540204
125744173,way,supermarket,Biedronka,,,Biedronka,,,,51.7297214,19.5051439
126179421,way,supermarket,Biedronka,,,Biedronka,,,,50.1329558,19.6409089
126519377,way,supermarket,Biedronka,,,Biedronka,,,,50.7574235,16.214024
126754936,way,supermarket,Netto,,,Netto,,,,51.8546684,19.4082618
127195796,way,supermarket,Lidl,,,Lidl,,,,52.175904,21.5811772
127273229,way,supermarket,Stokrotka,,,Stokrotka,,,,51.2915716,22.8881861
127573974,way,supermarket,Biedronka,,,Biedronka,,,,51.1894299,20.3986848
128447903,way,supermarket,Biedronka,,,Biedronka,,,,53.1132659,18.021212
128450834,way,supermarket,Lidl,,,Lidl,,,,52.1832138,20.8933317
128459041,way,supermarket,E.Leclerc,,,E.Leclerc,,,,53.1255831,18.0309116
128872015,way,supermarket,Lidl,,,Lidl,,,,51.6632831,19.3321965
129140111,way,supermarket,Biedronka,,,Biedronka,,,,52.2247163,20.9157522
129413942,way,supermarket,Biedronka,,,Biedronka,,,,52.2111626,20.966361
129560845,way,supermarket,Intermarché,,,Intermarché,,,,51.9563204,19.2832821
129930734,way,supermarket,Biedronka,,,Biedronka,,,,49.7565796,18.639834
130013098,way,supermarket,Stokrotka,,,Stokrotka,,,,54.4704092,18.5016433
130013100,way,supermarket,Biedronka,,,Biedronka,,,,54.4700832,18.5011965
130017666,way,supermarket,Biedronka,,,Biedronka,,,,54.4735305,18.4912641
131585239,way,supermarket,Lidl,,,Lidl,,,,54.4973758,18.5108129
131695819,way,supermarket,Lidl,,,Lidl,,,,53.4270999,14.4757326
131856602,way,supermarket,Biedronka,,,Biedronka,,,,52.3667268,16.9313861
131909116,way,supermarket,Kaufland,,,Kaufland,,,,52.3485249,21.2448264
131911237,way,supermarket,Lidl,,,Lidl,,,,50.0338144,18.6853806
132130120,way,supermarket,Lidl,,,Lidl,,,,52.3852167,16.9429226
132217929,way,supermarket,Lidl,,,Lidl,,,,50.8710672,20.6495244
132452945,way,supermarket,Biedronka,,,Biedronka,,,,51.6522366,19.3796947
132576387,way,supermarket,Biedronka,,,Biedronka,,,,52.0999089,21.2545276
132741289,way,supermarket,Lidl,,,Lidl,,,,50.1351661,19.4078377
132754464,way,supermarket,Biedronka,,,Biedronka,,,,50.4949177,18.9243476
132788768,way,supermarket,Kaufland,,,Kaufland,,,,51.7493266,19.3511518
133490164,way,supermarket,Biedronka,,,Biedronka,,,,50.4136643,21.7548649
133555559,way,supermarket,Dino,,,Dino,,,,50.4938426,18.9122068
133577221,way,supermarket,Biedronka,,,Biedronka,,,,50.2801789,19.5658717
133633782,way,supermarket,Biedronka,,,Biedronka,,,,50.2707047,19.5736016
134240533,way,supermarket,Biedronka,,,Biedronka,,,,49.814333,19.0381645
134253638,way,supermarket,Biedronka,,,Biedronka,,,,54.5280887,18.5092699
134388670,way,supermarket,Lidl,,,Lidl,,,,54.5321915,18.4962045
134633518,way,supermarket,Lidl,,,Lidl,,,,51.1104373,20.8666085
134641729,way,supermarket,Biedronka,,,Biedronka,,,,53.1522387,18.1458681
134810530,way,supermarket,Netto,,,Netto,,,,52.8778995,18.6929446
134894773,way,supermarket,Biedronka,,,Biedronka,,,,52.3531293,16.8839396
134952241,way,supermarket,Stokrotka,,,Stokrotka,,,,54.542385,18.4701754
134955354,way,supermarket,Lidl,,,Lidl,,,,54.544761,18.464511
134955765,way,supermarket,Biedronka,,,Biedronka,,,,54.5454222,18.4610415
135120931,way,supermarket,Stokrotka,,,Stokrotka,,,,54.5339187,18.447496
135307233,way,supermarket,Biedronka,,,Biedronka,,,,52.0367464,23.1198881
135462484,way,supermarket,Biedronka,,,Biedronka,,,,50.1323185,19.4128265
135694440,way,supermarket,Kaufland,,,Kaufland,,,,54.1257131,22.9433844
135995093,way,supermarket,E.Leclerc,,,E.Leclerc,,,,50.1268597,18.9713954
136105779,way,supermarket,Biedronka,,,Biedronka,,,,50.2202032,18.6667361
136107334,way,supermarket,Lidl,,,Lidl,,,,51.7774353,19.4718313
136162412,way,supermarket,Biedronka,,,Biedronka,,,,52.4112964,16.8683456
136297175,way,supermarket,Lidl,,,Lidl,,,,50.8767816,20.5944512
136459282,way,supermarket,Dino,,,Dino,,,,50.2922447,16.8732615
136488441,way,supermarket,Biedronka,,,Biedronka,,,,50.282642,18.6769276
136547503,way,supermarket,Dino,,,Dino,,,,51.7883561,14.952207
136701114,way,supermarket,Netto,,,Netto,,,,50.8039563,16.2941181
136701760,way,supermarket,Auchan,,,Auchan,,,,50.8218135,16.289993
136781050,way,supermarket,Biedronka,,,Biedronka,,,,50.1446361,19.3974955
137263002,way,supermarket,Kaufland,,,Kaufland,,,,52.8768773,20.6297559
137292059,way,supermarket,Biedronka,,,Biedronka,,,,54.5589524,18.5086962
137602299,way,supermarket,Lidl,,,Lidl,,,,50.7956501,23.9017052
137602310,way,supermarket,Biedronka,,,Biedronka,,,,50.7956474,23.9024375
137682503,way,supermarket,Biedronka,,,Biedronka,,,,52.8769594,20.607641
138122469,way,supermarket,Netto,,,Netto,,,,51.7738074,19.4322313
138347413,way,supermarket,Biedronka,,,Biedronka,,,,51.7382139,19.4272483
138404873,way,supermarket,Stokrotka,,,Stokrotka,,,,51.5818364,21.5510445
139789217,way,supermarket,Biedronka,,,Biedronka,,,,53.1284919,17.9989695
139842627,way,supermarket,Stokrotka Market,,,Stokrotka Market,,,,54.6027538,18.3565721
140046498,way,supermarket,Lidl,,,Lidl,,,,51.7540922,19.3278035
140187344,way,supermarket,Biedronka,,,Biedronka,,,,51.6539624,16.0693014
140228395,way,supermarket,Netto,,,Netto,,,,51.7839517,19.4546772
140235765,way,supermarket,Biedronka,,,Biedronka,,,,52.446057,16.9892091
140237132,way,supermarket,Biedronka,,,Biedronka,,,,51.6570322,19.3703695
140373521,way,supermarket,Kaufland,,,Kaufland,,,,51.7444432,19.4381586
141180840,way,supermarket,Lidl,,,Lidl,,,,53.0328069,18.5865771
141466441,way,supermarket,Lidl,,,Lidl,,,,52.4276148,20.7210539
142009439,way,supermarket,Biedronka,,,Biedronka,,,,49.9844905,20.06376
142246266,way,supermarket,Biedronka,,,Biedronka,,,,52.429869,20.7082091
142281072,way,supermarket,Netto,,,Netto,,,,52.8753029,18.6984092
142306267,way,supermarket,Biedronka,,,Biedronka,,,,50.143879,19.4152295
142357234,way,supermarket,Stokrotka,,,Stokrotka,,,,51.4176952,21.9635546
142379850,way,supermarket,Biedronka,,,Biedronka,,,,51.4224843,21.9519599
142774654,way,supermarket,Dino,,,Dino,,,,50.7710983,16.1294868
143008769,way,supermarket,Lidl,,,Lidl,,,,54.5741345,18.3831875
143021346,way,supermarket,Carrefour Market,,,Carrefour Market,,,,50.848888,15.5944066
143083377,way,supermarket,Netto,,,Netto,,,,51.3825982,16.2121263
143231322,way,supermarket,Biedronka,,,Biedronka,,,,51.4161471,21.9544358
143231359,way,supermarket,Stokrotka,,,Stokrotka,,,,51.4195781,21.9536743
144883963,way,supermarket,Biedronka,,,Biedronka,,,,53.1589408,17.912213
144985858,way,supermarket,Biedronka,,,Biedronka,,,,50.8630984,15.6592986
145180766,way,supermarket,Lidl,,,Lidl,,,,53.8328877,22.3541777
145183151,way,supermarket,Biedronka,,,Biedronka,,,,53.8324297,22.357711
145345037,way,supermarket,Dino,,,Dino,,,,52.8081059,18.0906164
145598911,way,supermarket,Biedronka,,,Biedronka,,,,53.8313921,22.3432947
145620926,way,supermarket,E.Leclerc,,,E.Leclerc,,,,51.2038251,17.3857339
145635493,way,supermarket,Stokrotka,,,Stokrotka,,,,53.1106627,17.9840145
145641125,way,supermarket,Biedronka,,,Biedronka,,,,50.4415819,16.2403991
146405622,way,supermarket,Biedronka,,,Biedronka,,,,52.5272314,21.6815636
147280744,way,supermarket,Carrefour Market,,,Carrefour Market,,,,52.2004216,20.969692
147290967,way,supermarket,Lidl,,,Lidl,,,,52.0822326,21.0170671
147405467,way,supermarket,Biedronka,,,Biedronka,,,,54.3102843,18.5878447
147533947,way,supermarket,Lidl,,,Lidl,,,,49.9908158,20.0407286
147536881,way,supermarket,Lidl,,,Lidl,,,,54.6026665,18.264307
147714764,way,supermarket,Biedronka,,,Biedronka,,,,54.6053199,18.2520362
147722765,way,supermarket,Intermarché,,,Intermarché,,,,54.6069163,18.2260646
147722861,way,supermarket,Lidl,,,Lidl,,,,54.6068334,18.2324309
147757101,way,supermarket,Intermarché,,,Intermarché,,,,50.1598477,19.4656136
148073505,way,supermarket,Biedronka,,,Biedronka,,,,50.8677397,20.6395395
148240994,way,supermarket,Biedronka,,,Biedronka,,,,54.6036804,18.2446541
148319700,way,supermarket,Biedronka,,,Biedronka,,,,52.7386481,23.5896934
148449636,way,supermarket,Stokrotka,,,Stokrotka,,,,51.4148801,21.9801117
149128969,way,supermarket,Lidl,,,Lidl,,,,51.2173262,18.5780672
149129007,way,supermarket,Kaufland,,,Kaufland,,,,51.2237593,18.5803143
149130367,way,supermarket,Biedronka,,,Biedronka,,,,51.2251011,18.5617963
149558004,way,supermarket,Kaufland,,,Kaufland,,,,51.5962979,18.7134284
149570233,way,supermarket,Carrefour,,,Carrefour,,,,53.9652633,18.5247817
149581525,way,supermarket,Biedronka,,,Biedronka,,,,52.2944214,21.0221293
149703232,way,supermarket,Intermarché,,,Intermarché,,,,51.222421,18.5759039
150077546,way,supermarket,Dino,,,Dino,,,,53.9910133,22.7719084
150453278,way,supermarket,Biedronka,,,Biedronka,,,,54.3106699,18.5667947
150637634,way,supermarket,Biedronka,,,Biedronka,,,,50.0270953,19.964799
150768570,way,supermarket,Kaufland,,,Kaufland,,,,51.7466657,18.0637027
150781832,way,supermarket,Lidl,,,Lidl,,,,49.8238919,19.0139474
151216949,way,supermarket,Kaufland,,,Kaufland,,,,52.4239714,20.7281203
151300981,way,supermarket,Biedronka,,,Biedronka,,,,50.0210636,19.9781188
151350426,way,supermarket,Lidl,,,Lidl,,,,54.3260383,18.6135692
151511846,way,supermarket,Biedronka,,,Biedronka,,,,51.9470446,14.7281022
151596184,way,supermarket,Biedronka,,,Biedronka,,,,51.7445924,19.4702309
151723497,way,supermarket,Biedronka,,,Biedronka,,,,53.1209693,17.9910068
151877480,way,supermarket,Carrefour Market,,,Carrefour Market,,,,54.3296955,18.6003847
152022448,way,supermarket,Biedronka,,,Biedronka,,,,50.8739702,18.4143129
152127127,way,supermarket,Biedronka,,,Biedronka,,,,53.8208928,22.3505728
152247396,way,supermarket,Biedronka,,,Biedronka,,,,51.854947,19.3909984
152252566,way,supermarket,Biedronka,,,Biedronka,,,,50.0799152,19.1539727
152316255,way,supermarket,Biedronka,,,Biedronka,,,,51.7576483,19.4556846
152329236,way,supermarket,Biedronka,,,Biedronka,,,,50.2368496,18.6586714
152329240,way,supermarket,Intermarché,,,Intermarché,,,,50.2342443,18.6467154
152521559,way,supermarket,Biedronka,,,Biedronka,,,,50.2244973,18.6611331
152542669,way,supermarket,Dino,,,Dino,,,,52.3937625,20.5329263
152621036,way,supermarket,Lidl,,,Lidl,,,,53.1155356,18.0130738
152814780,way,supermarket,Dino,,,Dino,,,,50.4907931,22.2752561
152836205,way,supermarket,Netto,,,Netto,,,,50.2306191,18.6636929
153324756,way,supermarket,Lidl,,,Lidl,,,,53.559793,21.0067705
153449754,way,supermarket,Biedronka,,,Biedronka,,,,53.5610093,21.0013414
153859276,way,supermarket,Biedronka,,,Biedronka,,,,52.3841738,16.9215697
153969574,way,supermarket,Lidl,,,Lidl,,,,50.9451392,21.3898796
153976279,way,supermarket,Biedronka,,,Biedronka,,,,53.7848039,20.4882969
154107761,way,supermarket,Lidl,,,Lidl,,,,51.5934707,18.726529
154109584,way,supermarket,Biedronka,,,Biedronka,,,,51.5837715,18.7094242
154110467,way,supermarket,Intermarché,,,Intermarché,,,,50.3385833,18.9052055
154356048,way,supermarket,Kaufland,,,Kaufland,,,,54.5296726,18.504721
154360218,way,supermarket,Biedronka,,,Biedronka,,,,50.0564993,19.9748939
154367262,way,supermarket,Biedronka,,,Biedronka,,,,52.1536513,20.9217759
154726993,way,supermarket,Netto,,,Netto,,,,50.3078125,19.0943416
154786250,way,supermarket,Biedronka,,,Biedronka,,,,50.0344563,19.9406889
154874021,way,supermarket,Biedronka,,,Biedronka,,,,53.1352141,18.010005
154944144,way,supermarket,Biedronka,,,Biedronka,,,,50.0063225,20.0195868
155354947,way,supermarket,Biedronka,,,Biedronka,,,,53.808059,22.3695195
155417757,way,supermarket,Lidl,,,Lidl,,,,50.025,19.9128798
155850109,way,supermarket,Netto,,,Netto,,,,53.8270708,22.3650319
155949062,way,supermarket,Dino,,,Dino,,,,54.0800639,19.9047354
156465333,way,supermarket,Biedronka,,,Biedronka,,,,49.9852863,20.0458379
156501726,way,supermarket,Biedronka,,,Biedronka,,,,50.0592355,19.5396125
156539723,way,supermarket,Lidl,,,Lidl,,,,53.1358585,18.0062451
156933825,way,supermarket,Stokrotka,,,Stokrotka,,,,51.2433896,22.5985014
157322017,way,supermarket,Biedronka,,,Biedronka,,,,53.8661181,20.9551308
157362507,way,supermarket,Biedronka,,,Biedronka,,,,52.4031102,20.9471366
157422434,way,supermarket,Lidl,,,Lidl,,,,51.235942,22.512709
157510852,way,supermarket,Biedronka,,,Biedronka,,,,53.7992616,22.3594615
157512836,way,supermarket,Biedronka,,,Biedronka,,,,50.2739695,18.8694398
157565231,way,supermarket,Biedronka,,,Biedronka,,,,53.8605571,20.9513943
158005481,way,supermarket,Biedronka,,,Biedronka,,,,50.3374324,18.8686607
158064244,way,supermarket,Netto,,,Netto,,,,53.7921448,20.4954434
158066051,way,supermarket,Stokrotka,,,Stokrotka,,,,53.792143,20.4899263
158068674,way,supermarket,Lidl,,,Lidl,,,,53.7862492,20.4485417
158199241,way,supermarket,Biedronka,,,Biedronka,,,,52.3864495,16.9467278
158213333,way,supermarket,Lidl,,,Lidl,,,,50.1558967,19.4575065
158281267,way,supermarket,Biedronka,,,Biedronka,,,,54.4704881,18.5150804
158504479,way,supermarket,E. Leclerc,,,E. Leclerc,,,,51.3650294,19.3874462
158534941,way,supermarket,Biedronka,,,Biedronka,,,,52.3785026,16.943854
158589621,way,supermarket,Biedronka,,,Biedronka,,,,49.6633617,18.8514935
158670480,way,supermarket,Biedronka,,,Biedronka,,,,50.2928381,18.7347051
158686800,way,supermarket,Biedronka,,,Biedronka,,,,52.9925026,18.6301276
158768264,way,supermarket,Netto,,,Netto,,,,51.6649952,19.346298
158910542,way,supermarket,Stokrotka,,,Stokrotka,,,,53.7349065,20.494345
159026537,way,supermarket,Biedronka,,,Biedronka,,,,50.1103477,19.8144157
159284349,way,supermarket,Biedronka,,,Biedronka,,,,54.179356,15.5675991
160195061,way,supermarket,Biedronka,,,Biedronka,,,,49.8539115,19.2294033
160350585,way,supermarket,Biedronka,,,Biedronka,,,,54.1678462,15.5687497
160418385,way,supermarket,Netto,,,Netto,,,,52.3163583,21.1168215
160460139,way,supermarket,Intermarché,,,Intermarché,,,,54.1710386,15.5700421
160567532,way,supermarket,Biedronka,,,Biedronka,,,,53.0771071,18.2243149
160584915,way,supermarket,Biedronka,,,Biedronka,,,,54.332023,18.5839995
160662258,way,supermarket,Intermarché,,,Intermarché,,,,51.2817542,17.9855192
160672857,way,supermarket,Lidl,,,Lidl,,,,50.2595896,22.410925
160718678,way,supermarket,Lidl,,,Lidl,,,,54.3354912,18.5967999
160718679,way,supermarket,Netto,,,Netto,,,,54.3361547,18.5973767
160892979,way,supermarket,Biedronka,,,Biedronka,,,,54.3255655,18.54886
161049953,way,supermarket,Kaufland,,,Kaufland,,,,54.1713655,15.5737672
161337569,way,supermarket,Biedronka,,,Biedronka,,,,50.3123269,18.6179176
161561830,way,supermarket,Netto,,,Netto,,,,51.5049176,16.0661148
161561831,way,supermarket,Kaufland,,,Kaufland,,,,51.5019957,16.0728449
161635878,way,supermarket,Lidl,,,Lidl,,,,50.00643,19.9046709
161858908,way,supermarket,Lidl,,,Lidl,,,,52.3580828,16.9253244
161962924,way,supermarket,Biedronka,,,Biedronka,,,,54.4576768,17.0611317
161962925,way,supermarket,Biedronka,,,Biedronka,,,,54.4760687,17.0255814
161962933,way,supermarket,Netto,,,Netto,,,,54.4586716,17.0610641
162101759,way,supermarket,Netto,,,Netto,,,,50.3019361,18.9376503
162214274,way,supermarket,Lidl,,,Lidl,,,,54.5490178,18.5240375
162320884,way,supermarket,Kaufland,,,Kaufland,,,,50.0902785,20.0062284
162320885,way,supermarket,Lidl,,,Lidl,,,,50.0886445,20.0068225
162384054,way,supermarket,Biedronka,,,Biedronka,,,,51.1235257,20.8806421
162431537,way,supermarket,Lidl,,,Lidl,,,,53.7625594,20.499616
162503217,way,supermarket,Biedronka,,,Biedronka,,,,50.0842167,19.9246143
162785576,way,supermarket,Netto,,,Netto,,,,50.3549651,18.8971227
162864845,way,supermarket,Stokrotka,,,Stokrotka,,,,50.0502468,18.6024236
162873978,way,supermarket,Biedronka,,,Biedronka,,,,51.9273388,15.4941387
163420566,way,supermarket,Biedronka,,,Biedronka,,,,54.162712,22.4181376
163696637,way,supermarket,Biedronka,,,Biedronka,,,,53.9627554,18.5100775
163737495,way,supermarket,Kaufland,,,Kaufland,,,,51.0842163,17.0462853
163877591,way,supermarket,Biedronka,,,Biedronka,,,,54.708399,18.3921235
164035425,way,supermarket,Lidl,,,Lidl,,,,50.0936847,19.920978
164153365,way,supermarket,Biedronka,,,Biedronka,,,,51.8997715,18.9630693
164637302,way,supermarket,Biedronka,,,Biedronka,,,,52.4054637,16.8937067
164895058,way,supermarket,Lidl,,,Lidl,,,,52.3881747,16.8884274
164911870,way,supermarket,Biedronka,,,Biedronka,,,,52.3861383,16.8830802
164921855,way,supermarket,Biedronka,,,Biedronka,,,,52.4020539,16.8992132
164928439,way,supermarket,Lidl,,,Lidl,,,,52.3789038,16.8743035
165083812,way,supermarket,Netto,,,Netto,,,,52.396761,16.8692878
165241713,way,supermarket,Stokrotka,,,Stokrotka,,,,53.1661339,22.078601
165285915,way,supermarket,Stokrotka,,,Stokrotka,,,,54.4738728,18.4646842
165358131,way,supermarket,Netto,,,Netto,,,,54.3584,18.5831585
165737946,way,supermarket,Biedronka,,,Biedronka,,,,52.4135795,16.9594346
165769141,way,supermarket,Netto,,,Netto,,,,54.5699295,18.3894875
165776818,way,supermarket,Netto,,,Netto,,,,51.6627354,19.3341513
165823528,way,supermarket,Lidl,,,Lidl,,,,54.3906947,18.5916163
165892774,way,supermarket,Stokrotka,,,Stokrotka,,,,50.7270157,23.2521019
165967648,way,supermarket,Biedronka,,,Biedronka,,,,50.9254295,16.1033949
166164485,way,supermarket,Biedronka,,,Biedronka,,,,50.72181,23.2598377
166251533,way,supermarket,Netto,,,Netto,,,,52.4396547,15.1160013
166301244,way,supermarket,Biedronka,,,Biedronka,,,,51.7451866,18.0755331
166406251,way,supermarket,Biedronka,,,Biedronka,,,,54.7907065,18.423046
166535219,way,supermarket,Biedronka,,,Biedronka,,,,50.7145007,23.2723315
166650402,way,supermarket,Biedronka,,,Biedronka,,,,50.7079175,23.2819759
166710495,way,supermarket,Biedronka,,,Biedronka,,,,50.3727398,22.1299152
166859348,way,supermarket,Stokrotka,,,Stokrotka,,,,50.7056975,23.2744133
166910815,way,supermarket,Biedronka,,,Biedronka,,,,51.5993374,18.9384102
166954992,way,supermarket,Lidl,,,Lidl,,,,52.2832435,21.0325859
167066584,way,supermarket,Biedronka,,,Biedronka,,,,50.2892054,18.8757226
167254354,way,supermarket,Biedronka,,,Biedronka,,,,51.745014,18.048716
167389178,way,supermarket,Biedronka,,,Biedronka,,,,50.3004606,16.6448217
167408668,way,supermarket,Netto,,,Netto,,,,51.7463263,18.0559708
167408671,way,supermarket,Biedronka,,,Biedronka,,,,51.7516132,18.0599625
167569969,way,supermarket,Biedronka,,,Biedronka,,,,51.751688,15.0102675
167603434,way,supermarket,Lidl,,,Lidl,,,,50.2765972,18.8658049
167699965,way,supermarket,Biedronka,,,Biedronka,,,,54.1912357,16.2098025
167776671,way,supermarket,Netto,,,Netto,,,,51.7538068,18.0837108
167783402,way,supermarket,Dino,,,Dino,,,,53.3676713,17.3333264
167870867,way,supermarket,Biedronka,,,Biedronka,,,,54.5818605,18.4934307
167900554,way,supermarket,Lidl,,,Lidl,,,,50.7088744,23.2852537
167975826,way,supermarket,Lidl,,,Lidl,,,,50.2989836,18.968908
167993408,way,supermarket,Lidl,,,Lidl,,,,54.246751,20.8213185
168102921,way,supermarket,Biedronka,,,Biedronka,,,,52.9823675,18.5736494
168149211,way,supermarket,Biedronka,,,Biedronka,,,,50.966589,16.926542
168183797,way,supermarket,Stokrotka,,,Stokrotka,,,,50.0898857,19.0007723
168200771,way,supermarket,Lidl,,,Lidl,,,,54.3772987,18.6165571
168218235,way,supermarket,Biedronka,,,Biedronka,,,,49.978453,18.5032795
168366415,way,supermarket,Stokrotka,,,Stokrotka,,,,51.4715519,21.4431061
168407702,way,supermarket,Biedronka,,,Biedronka,,,,51.6135337,15.3318349
168426876,way,supermarket,Biedronka,,,Biedronka,,,,52.198477,20.62326
168565271,way,supermarket,Carrefour Express,,,Carrefour Express,,,,52.2741523,20.960954
168565689,way,supermarket,Biedronka,,,Biedronka,,,,52.2720049,20.960111
168647821,way,supermarket,Intermarché,,,Intermarché,,,,50.268786,18.8821468
168651913,way,supermarket,Intermarché,,,Intermarché,,,,52.1980387,20.617806
168651915,way,supermarket,Netto,,,Netto,,,,52.1980225,20.621947
168676162,way,supermarket,Lidl,,,Lidl,,,,50.3036156,18.6724904
168677337,way,supermarket,Biedronka,,,Biedronka,,,,52.1437905,20.7181055
168861034,way,supermarket,Carrefour,,,Carrefour,,,,50.3417905,18.1938294
169025760,way,supermarket,Biedronka,,,Biedronka,,,,50.3497947,18.8907839
169044588,way,supermarket,Netto,,,Netto,,,,50.1671544,18.9035935
169122349,way,supermarket,Lidl,,,Lidl,,,,50.3978702,18.8783393
169212691,way,supermarket,Biedronka,,,Biedronka,,,,54.2046189,16.1920077
169215757,way,supermarket,Lidl,,,Lidl,,,,53.5624708,14.8384506
169226115,way,supermarket,Lidl,,,Lidl,,,,52.460902,16.654003
169235740,way,supermarket,Netto,,,Netto,,,,54.2075368,16.2036253
169261314,way,supermarket,Biedronka,,,Biedronka,,,,50.0098157,18.4650982
169426971,way,supermarket,Biedronka,,,Biedronka,,,,50.3587247,18.9070537
169430807,way,supermarket,Lidl,,,Lidl,,,,52.2700367,20.9321717
169446478,way,supermarket,Biedronka,,,Biedronka,,,,51.7429638,19.8272819
169488236,way,supermarket,Biedronka,,,Biedronka,,,,50.0146823,18.4550207
169545289,way,supermarket,Biedronka,,,Biedronka,,,,50.0528652,18.4696121
169559239,way,supermarket,Netto,,,Netto,,,,50.3469287,18.2197381
169765257,way,supermarket,Biedronka,,,Biedronka,,,,53.1701388,22.0725706
169770428,way,supermarket,Netto,,,Netto,,,,50.3005454,16.6456762
169815586,way,supermarket,Biedronka,,,Biedronka,,,,53.6933006,19.9779115
169815598,way,supermarket,Intermarché,,,Intermarché,,,,53.6888644,19.9837778
169819415,way,supermarket,Intermarché,,,Intermarché,,,,53.1031622,19.0533487
169819425,way,supermarket,Lidl,,,Lidl,,,,53.1054606,19.0560392
169819431,way,supermarket,Netto,,,Netto,,,,53.1036496,19.0595315
169819447,way,supermarket,Biedronka,,,Biedronka,,,,53.1049121,19.0631586
169825092,way,supermarket,Kaufland,,,Kaufland,,,,53.6917717,19.9776868
169829858,way,supermarket,Biedronka,,,Biedronka,,,,53.7012963,19.9627849
169858328,way,supermarket,Biedronka,,,Biedronka,,,,51.5909971,21.5433032
169858389,way,supermarket,Biedronka,,,Biedronka,,,,51.5848084,21.5533426
169859618,way,supermarket,Biedronka,,,Biedronka,,,,50.0491723,18.6055341
169876624,way,supermarket,Biedronka,,,Biedronka,,,,50.0538586,18.5966455
169877323,way,supermarket,Stokrotka,,,Stokrotka,,,,53.6939217,19.9667401
169967190,way,supermarket,Biedronka,,,Biedronka,,,,51.3639248,19.3740541
169967303,way,supermarket,Biedronka,,,Biedronka,,,,51.3613342,19.3749164
169979586,way,supermarket,Biedronka,,,Biedronka,,,,53.6513726,14.6253246
170072654,way,supermarket,Biedronka,,,Biedronka,,,,50.6760849,18.2145037
170073623,way,supermarket,Biedronka,,,Biedronka,,,,53.7070731,19.9594984
170084478,way,supermarket,Lidl,,,Lidl,,,,53.7014468,19.964089
170139031,way,supermarket,Biedronka,,,Biedronka,,,,49.696557,21.749987
170202270,way,supermarket,Biedronka,,,Biedronka,,,,54.4627614,16.9886337
170203450,way,supermarket,Biedronka,,,Biedronka,,,,49.6843857,21.7806605
170258955,way,supermarket,Stokrotka,,,Stokrotka,,,,53.8330412,20.6923166
170366348,way,supermarket,Lidl,,,Lidl,,,,54.1977186,16.1743861
170437405,way,supermarket,Stokrotka,,,Stokrotka,,,,50.3294054,19.2229643
170474100,way,supermarket,Biedronka,,,Biedronka,,,,50.3316693,19.2301782
170477807,way,supermarket,Biedronka,,,Biedronka,,,,51.8639113,16.5766665
170482222,way,supermarket,Kaufland,,,Kaufland,,,,51.5911966,19.1428706
170489185,way,supermarket,Lidl,,,Lidl,,,,51.2254207,22.5031403
170507430,way,supermarket,Lidl,,,Lidl,,,,51.8481022,16.5819563
170509598,way,supermarket,Stokrotka,,,Stokrotka,,,,50.3293187,19.2358365
170584652,way,supermarket,Netto,,,Netto,,,,50.2369988,19.1274839
170606829,way,supermarket,Lidl,,,Lidl,,,,51.3496504,19.3705861
170639839,way,supermarket,Biedronka,,,Biedronka,,,,54.4431991,18.4175509
170652729,way,supermarket,Kaufland,,,Kaufland,,,,50.9448204,17.2833305
170712653,way,supermarket,Dino,,,Dino,,,,51.3678502,19.3817363
170760283,way,supermarket,Biedronka,,,Biedronka,,,,51.2670648,16.7072312
170761397,way,supermarket,Stokrotka,,,Stokrotka,,,,50.3343487,19.2265069
170779413,way,supermarket,Biedronka,,,Biedronka,,,,52.7344008,20.0005767
170828948,way,supermarket,Lidl,,,Lidl,,,,50.1035025,20.0128765
171018415,way,supermarket,Auchan,,,Auchan,,,,50.1088733,18.9792171
171196068,way,supermarket,Dino,,,Dino,,,,51.5906151,18.9258595
171461154,way,supermarket,Netto,,,Netto,,,,50.0481659,19.2131234
171574459,way,supermarket,Biedronka,,,Biedronka,,,,51.4979515,19.8315744
171617314,way,supermarket,Carrefour,,,Carrefour,,,,49.708901,21.728961
171871169,way,supermarket,Biedronka,,,Biedronka,,,,54.1258415,22.9278425
171871181,way,supermarket,Biedronka,,,Biedronka,,,,54.1163035,22.9279982
171872354,way,supermarket,Biedronka,,,Biedronka,,,,54.1069424,22.9229022
171875805,way,supermarket,Biedronka,,,Biedronka,,,,54.0992452,22.9326856
171877493,way,supermarket,Biedronka,,,Biedronka,,,,53.6934938,19.9639747
171915096,way,supermarket,Lidl,,,Lidl,,,,54.1102889,22.9351784
171953170,way,supermarket,Netto,,,Netto,,,,52.1588398,20.927832
171960451,way,supermarket,Dino,,,Dino,,,,52.3644032,15.870342
172035569,way,supermarket,Lidl,,,Lidl,,,,50.2944863,18.9417665
172071538,way,supermarket,Netto,,,Netto,,,,52.6105301,16.5861897
172142746,way,supermarket,Kaufland,,,Kaufland,,,,53.4886917,18.7578184
172147943,way,supermarket,Intermarché,,,Intermarché,,,,53.486199,18.7611474
172210288,way,supermarket,Biedronka,,,Biedronka,,,,54.1615177,19.403525
172236623,way,supermarket,Lidl,,,Lidl,,,,50.5068598,18.311012
172276542,way,supermarket,Biedronka,,,Biedronka,,,,50.9437886,17.2858103
172286747,way,supermarket,Kaufland,,,Kaufland,,,,51.5938298,21.5319782
172341544,way,supermarket,Biedronka,,,Biedronka,,,,51.8141262,19.9653762
172404411,way,supermarket,Biedronka,,,Biedronka,,,,54.0965337,18.7672327
172408154,way,supermarket,Biedronka,,,Biedronka,,,,54.1010926,18.7796377
172535786,way,supermarket,Biedronka,,,Biedronka,,,,52.2534568,17.0791544
172549320,way,supermarket,Biedronka,,,Biedronka,,,,50.5490105,16.5495447
172582896,way,supermarket,Biedronka,,,Biedronka,,,,50.2660995,22.4241209
172609420,way,supermarket,Netto,,,Netto,,,,53.4975781,18.764362
172651460,way,supermarket,Lidl,,,Lidl,,,,49.9677012,18.9421157
172702746,way,supermarket,Kaufland,,,Kaufland,,,,50.0313731,18.69916
172787909,way,supermarket,Lidl,,,Lidl,,,,49.750522,18.6475058
172800677,way,supermarket,Dino,,,Dino,,,,52.5125934,16.754789
172830358,way,supermarket,Netto,,,Netto,,,,50.9033671,18.9316533
172906771,way,supermarket,Biedronka,,,Biedronka,,,,52.5129718,16.7488918
173014577,way,supermarket,Biedronka,,,Biedronka,,,,54.1763965,15.5999404
173043959,way,supermarket,Biedronka,,,Biedronka,,,,52.1749414,21.0638236
173095705,way,supermarket,Netto,,,Netto,,,,50.1187542,18.9943756
173126368,way,supermarket,Carrefour Market,,,Carrefour Market,,,,52.2828085,20.9730114
173178235,way,supermarket,Netto,,,Netto,,,,53.8606464,20.9535536
173211400,way,supermarket,Biedronka,,,Biedronka,,,,52.1605429,21.1716356
173269182,way,supermarket,Biedronka,,,Biedronka,,,,53.8828033,17.7155972
173269611,way,supermarket,Lidl,,,Lidl,,,,51.7459419,19.4002225
173306608,way,supermarket,Biedronka,,,Biedronka,,,,50.0984036,19.9983622
173309874,way,supermarket,Biedronka,,,Biedronka,,,,51.8305481,16.5963608
173456579,way,supermarket,Kaufland,,,Kaufland,,,,52.4087498,20.9533707
173483878,way,supermarket,Lidl,,,Lidl,,,,51.7622243,19.5059254
173486240,way,supermarket,E.Leclerc,,,E.Leclerc,,,,51.2512773,22.6008591
173513215,way,supermarket,Kaufland,,,Kaufland,,,,50.3037603,18.9223075
173513606,way,supermarket,Lidl,,,Lidl,,,,50.3074277,18.9121559
173574155,way,supermarket,Intermarché,,,Intermarché,,,,53.5521142,14.5684695
173574229,way,supermarket,Biedronka,,,Biedronka,,,,53.5452823,14.5532604
173574252,way,supermarket,Netto,,,Netto,,,,53.5433826,14.5669321
173574320,way,supermarket,Lidl,,,Lidl,,,,53.5416241,14.5689937
173634272,way,supermarket,Biedronka,,,Biedronka,,,,51.6351905,22.8939076
173634280,way,supermarket,Lidl,,,Lidl,,,,51.6359919,22.8958
173694710,way,supermarket,Lidl,,,Lidl,,,,50.9481922,17.2919247
173936747,way,supermarket,Biedronka,,,Biedronka,,,,51.5888758,18.7367071
173938886,way,supermarket,Biedronka,,,Biedronka,,,,51.5909369,18.7255041
173973429,way,supermarket,Lidl,,,Lidl,,,,52.2769067,21.0474759
173999494,way,supermarket,Lidl,,,Lidl,,,,50.2686987,19.5670649
174020725,way,supermarket,Kaufland,,,Kaufland,,,,52.5593212,19.6798527
174192398,way,supermarket,Lidl,,,Lidl,,,,52.5391087,19.7465184
174501921,way,supermarket,Carrefour Market,,,Carrefour Market,,,,51.7463419,19.4916538
174546977,way,supermarket,Carrefour,,,Carrefour,,,,51.7518058,19.5027946
174580939,way,supermarket,Lidl,,,Lidl,,,,51.6174705,15.311099
174685370,way,supermarket,Dino,,,Dino,,,,51.2675361,17.3479918
174724447,way,supermarket,Lidl,,,Lidl,,,,51.4024442,21.1180275
174730351,way,supermarket,Lidl,,,Lidl,,,,51.3745602,21.1261961
174805311,way,supermarket,Netto,,,Netto,,,,51.9613155,19.298492
174875582,way,supermarket,Intermarché,,,Intermarché,,,,50.9501978,17.2847819
174903695,way,supermarket,Netto,,,Netto,,,,49.3009805,19.9606855
174955871,way,supermarket,Lidl,,,Lidl,,,,50.964023,22.1723664
174958369,way,supermarket,Lidl,,,Lidl,,,,54.088767,21.3794376
174995884,way,supermarket,Lidl,,,Lidl,,,,50.0418128,19.2134086
174998647,way,supermarket,Biedronka,,,Biedronka,,,,54.0847824,21.3724044
175085760,way,supermarket,Lidl,,,Lidl,,,,53.6284987,21.8237922
175124578,way,supermarket,Lidl,,,Lidl,,,,50.4062007,18.9009153
175150590,way,supermarket,Biedronka,,,Biedronka,,,,50.035499,19.224474
175163831,way,supermarket,Kaufland,,,Kaufland,,,,50.5704298,21.6863836
175207724,way,supermarket,Biedronka,,,Biedronka,,,,50.5443731,23.2183161
175209711,way,supermarket,Biedronka,,,Biedronka,,,,52.0933516,15.6235724
175349592,way,supermarket,Biedronka,,,Biedronka,,,,53.0184451,20.8853708
175427616,way,supermarket,Biedronka,,,Biedronka,,,,50.9635247,22.1789707
175428186,way,supermarket,Biedronka,,,Biedronka,,,,51.4247482,21.1603395
175447865,way,supermarket,Lidl,,,Lidl,,,,51.2235156,22.5739685
175493236,way,supermarket,Stokrotka,,,Stokrotka,,,,51.224333,22.5225934
175558716,way,supermarket,Lidl,,,Lidl,,,,52.0823823,15.6271319
175600416,way,supermarket,Biedronka,,,Biedronka,,,,53.5657886,20.982622
175716403,way,supermarket,Lidl,,,Lidl,,,,50.1614055,23.1169292
175771337,way,supermarket,Biedronka,,,Biedronka,,,,50.5724817,21.6907629
175889346,way,supermarket,Lidl,,,Lidl,,,,52.9943316,18.6005035
175991671,way,supermarket,Biedronka,,,Biedronka,,,,50.1893072,18.6225199
175995588,way,supermarket,Biedronka,,,Biedronka,,,,51.2535118,22.5638213
176020615,way,supermarket,Netto,,,Netto,,,,52.0843063,15.6284327
176020871,way,supermarket,Netto,,,Netto,,,,53.6696254,15.1231505
176068032,way,supermarket,Biedronka,,,Biedronka,,,,50.8207251,15.5279999
176071217,way,supermarket,Netto,,,Netto,,,,50.8239665,15.5225009
176218397,way,supermarket,Biedronka,,,Biedronka,,,,52.8491099,17.7186589
176224789,way,supermarket,Biedronka,,,Biedronka,,,,52.0517531,20.4431596
176224790,way,supermarket,Biedronka,,,Biedronka,,,,52.0466133,20.4469019
176242581,way,supermarket,Netto,,,Netto,,,,51.9343621,22.3868099
176244003,way,supermarket,Intermarché,,,Intermarché,,,,53.5588351,21.0097783
176256179,way,supermarket,Kaufland,,,Kaufland,,,,51.6373105,15.1330474
176345085,way,supermarket,Netto,,,Netto,,,,51.3809086,21.1580869
176357566,way,supermarket,Biedronka,,,Biedronka,,,,51.2135867,22.5502484
176357571,way,supermarket,Lidl,,,Lidl,,,,51.2130976,22.5502455
176395935,way,supermarket,Carrefour,,,Carrefour,,,,53.5565721,20.9878723
176423461,way,supermarket,Lidl,,,Lidl,,,,51.9274034,22.3768251
176508733,way,supermarket,Biedronka,,,Biedronka,,,,52.6065905,16.5802148
176536976,way,supermarket,Lidl,,,Lidl,,,,53.4043846,22.7960535
176700858,way,supermarket,Biedronka,,,Biedronka,,,,50.7646505,16.163488
176700999,way,supermarket,Dino,,,Dino,,,,50.7655585,16.1626036
176729189,way,supermarket,Lidl,,,Lidl,,,,51.2295802,22.597841
176856346,way,supermarket,Biedronka,,,Biedronka,,,,50.5587923,21.1739675
176873708,way,supermarket,Netto,,,Netto,,,,52.7023651,21.0779118
176948447,way,supermarket,Biedronka,,,Biedronka,,,,54.3272045,19.1158103
177050513,way,supermarket,Intermarché,,,Intermarché,,,,52.7012089,21.0773573
177133321,way,supermarket,Stokrotka,,,Stokrotka,,,,50.3222018,18.6559022
177218408,way,supermarket,Stokrotka,,,Stokrotka,,,,51.2060918,22.5443697
177242291,way,supermarket,Biedronka,,,Biedronka,,,,53.0182552,20.8770862
177315170,way,supermarket,Biedronka,,,Biedronka,,,,52.1352456,20.7634481
177388004,way,supermarket,Biedronka,,,Biedronka,,,,54.1740001,18.6934255
177396356,way,supermarket,Netto,,,Netto,,,,50.0454994,20.2156894
177402847,way,supermarket,Biedronka,,,Biedronka,,,,52.0220025,21.1260204
177523394,way,supermarket,Biedronka,,,Biedronka,,,,50.2026867,18.3101865
177527272,way,supermarket,Biedronka,,,Biedronka,,,,52.1515153,22.2987628
177624786,way,supermarket,Biedronka,,,Biedronka,,,,49.813679,19.012181
177648407,way,supermarket,Biedronka,,,Biedronka,,,,52.3173913,21.1133699
177746391,way,supermarket,Biedronka,,,Biedronka,,,,50.4346828,23.4191849
177809592,way,supermarket,Stokrotka,,,Stokrotka,,,,53.4292856,18.7307518
177809601,way,supermarket,Biedronka,,,Biedronka,,,,53.4801805,18.7463986
177809608,way,supermarket,Biedronka,,,Biedronka,,,,53.5009337,18.768619
178128802,way,supermarket,Biedronka,,,Biedronka,,,,49.6862995,21.7542934
178205003,way,supermarket,E. Leclerc,,,E. Leclerc,,,,50.2761193,18.6604518
178207209,way,supermarket,Biedronka,,,Biedronka,,,,50.2763,18.6595965
178238050,way,supermarket,Biedronka,,,Biedronka,,,,54.4612523,17.0305317
178286529,way,supermarket,Lidl,,,Lidl,,,,51.2512544,22.5815079
178296218,way,supermarket,Carrefour,,,Carrefour,,,,51.5830474,18.7199893
178405752,way,supermarket,Biedronka,,,Biedronka,,,,52.1109115,20.651631
178777734,way,supermarket,Kaufland,,,Kaufland,,,,50.2992985,18.9586877
178843968,way,supermarket,Stokrotka,,,Stokrotka,,,,51.2779026,22.5497306
178844656,way,supermarket,Stokrotka,,,Stokrotka,,,,51.2750875,22.5438351
178844662,way,supermarket,Lidl,,,Lidl,,,,51.2680681,22.5418759
178890141,way,supermarket,Biedronka,,,Biedronka,,,,51.2780432,22.2529625
178947749,way,supermarket,Kaufland,,,Kaufland,,,,51.2123151,22.712627
179123214,way,supermarket,Biedronka,,,Biedronka,,,,52.8709699,18.7010958
179174673,way,supermarket,Lidl,,,Lidl,,,,50.2898373,18.9577672
179254057,way,supermarket,Kaufland,,,Kaufland,,,,50.8127521,16.2791542
179254541,way,supermarket,Lidl,,,Lidl,,,,50.8256075,16.2876756
179310037,way,supermarket,Biedronka,,,Biedronka,,,,50.2588757,18.9346311
179344782,way,supermarket,Lidl,,,Lidl,,,,52.3078125,21.0627736
179506113,way,supermarket,Dino,,,Dino,,,,51.9536135,14.7233587
179680244,way,supermarket,Lidl,,,Lidl,,,,50.2819993,18.911767
179741504,way,supermarket,Netto,,,Netto,,,,52.8501497,17.7201631
179741512,way,supermarket,Netto,,,Netto,,,,52.8467861,17.731523
179782295,way,supermarket,Dino,,,Dino,,,,51.6911936,18.9777308
179970308,way,supermarket,Biedronka,,,Biedronka,,,,50.3633119,18.989505
179970312,way,supermarket,Lidl,,,Lidl,,,,50.363639,18.9885435
180045028,way,supermarket,Biedronka,,,Biedronka,,,,54.5591049,18.4233231
180366132,way,supermarket,Stokrotka,,,Stokrotka,,,,51.2859426,22.2146205
180383703,way,supermarket,Auchan,,,Auchan,,,,51.7788204,19.4417596
180589647,way,supermarket,Biedronka,,,Biedronka,,,,50.3366389,19.2147197
180626406,way,supermarket,Biedronka,,,Biedronka,,,,54.5325948,17.7612375
180637263,way,supermarket,Biedronka,,,Biedronka,,,,52.3948465,16.9220168
180687949,way,supermarket,Lidl,,,Lidl,,,,50.3842052,18.9544935
180706232,way,supermarket,Netto,,,Netto,,,,51.0539989,16.1953361
180721317,way,supermarket,Biedronka,,,Biedronka,,,,50.2850937,19.1268501
180729871,way,supermarket,Biedronka,,,Biedronka,,,,51.2591317,22.5713535
180841320,way,supermarket,Biedronka,,,Biedronka,,,,50.2833916,19.1472614
180952715,way,supermarket,Dino,,,Dino,,,,50.4818836,20.0282903
180970780,way,supermarket,Auchan,,,Auchan,,,,50.3030174,19.1612802
181331179,way,supermarket,Intermarché,,,Intermarché,,,,51.0595707,16.1873347
181397735,way,supermarket,Kaufland,,,Kaufland,,,,50.3990171,18.8934652
181442793,way,supermarket,Stokrotka,,,Stokrotka,,,,50.8548676,22.3339571
181587935,way,supermarket,Lidl,,,Lidl,,,,53.1254316,23.1851865
181726188,way,supermarket,Lidl,,,Lidl,,,,52.5981835,21.4571561
181749276,way,supermarket,Biedronka,,,Biedronka,,,,51.2342827,22.5132749
181750244,way,supermarket,Lidl,,,Lidl,,,,51.2580457,22.5835047
181980638,way,supermarket,Netto,,,Netto,,,,52.3343165,16.8068089
182004768,way,supermarket,Biedronka,,,Biedronka,,,,49.9962855,20.4300776
182395770,way,supermarket,Kaufland,,,Kaufland,,,,54.0395443,22.4949049
182398848,way,supermarket,Auchan,,,Auchan,,,,50.3276038,19.1826205
182417448,way,supermarket,Dino,,,Dino,,,,50.1182394,18.2803218
182504454,way,supermarket,Stokrotka,,,Stokrotka,,,,51.4711264,22.941902
182508982,way,supermarket,Biedronka,,,Biedronka,,,,52.0531855,19.191328
182596655,way,supermarket,Biedronka,,,Biedronka,,,,50.8677015,20.6205064
182755355,way,supermarket,Dino,,,Dino,,,,51.040819,16.1872251
182784193,way,supermarket,Netto,,,Netto,,,,50.273238,18.9394868
182793492,way,supermarket,Lidl,,,Lidl,,,,50.276347,18.9409433
182978397,way,supermarket,Biedronka,,,Biedronka,,,,51.5254721,15.7838795
183108699,way,supermarket,Lidl,,,Lidl,,,,54.1229614,20.5739673
183198528,way,supermarket,Biedronka,,,Biedronka,,,,49.8772183,18.6053839
183431143,way,supermarket,Stokrotka,,,Stokrotka,,,,53.5653719,21.0055397
183490456,way,supermarket,Biedronka,,,Biedronka,,,,50.4462664,16.8729912
183760024,way,supermarket,Biedronka,,,Biedronka,,,,53.1564046,18.1563688
183868512,way,supermarket,Lidl,,,Lidl,,,,54.4200605,16.4024145
183949892,way,supermarket,Carrefour,,,Carrefour,,,,50.3910007,18.963577
184187226,way,supermarket,E.Leclerc,,,E.Leclerc,,,,50.3042523,18.6819131
184195639,way,supermarket,Biedronka,,,Biedronka,,,,50.3026921,18.6881137
184213650,way,supermarket,Kaufland,,,Kaufland,,,,51.1120904,20.8542315
184454921,way,supermarket,Lidl,,,Lidl,,,,54.5954201,18.3558881
184471922,way,supermarket,Biedronka,,,Biedronka,,,,52.4263281,16.9117703
184618616,way,supermarket,Biedronka,,,Biedronka,,,,51.8095769,16.3148142
184619353,way,supermarket,Netto,,,Netto,,,,51.8016454,16.3195938
184733492,way,supermarket,Biedronka,,,Biedronka,,,,52.5885528,20.81267
184780794,way,supermarket,Netto,,,Netto,,,,52.5887239,20.8037438
185125403,way,supermarket,Stokrotka,,,Stokrotka,,,,51.2567268,22.5169895
185291289,way,supermarket,Biedronka,,,Biedronka,,,,51.317137,17.0622099
185437952,way,supermarket,Intermarché Super,,,Intermarché Super,,,,51.3045427,17.0581617
185438588,way,supermarket,Biedronka,,,Biedronka,,,,51.2196699,22.5599544
185443426,way,supermarket,Biedronka,,,Biedronka,,,,51.3048946,17.059633
185544136,way,supermarket,Biedronka,,,Biedronka,,,,50.2788545,19.5802665
185612452,way,supermarket,Biedronka,,,Biedronka,,,,53.1389502,18.0243021
185625860,way,supermarket,Biedronka,,,Biedronka,,,,54.1208034,22.9411686
185671017,way,supermarket,Biedronka,,,Biedronka,,,,54.0891748,22.9304141
185757465,way,supermarket,E.Leclerc,,,E.Leclerc,,,,50.2965091,18.9365835
186452266,way,supermarket,Biedronka,,,Biedronka,,,,49.5898007,20.6772039
186523686,way,supermarket,Lidl,,,Lidl,,,,50.0369599,19.2314791
186570904,way,supermarket,Biedronka,,,Biedronka,,,,52.4046256,16.874044
186656193,way,supermarket,Biedronka,,,Biedronka,,,,53.8308588,20.6923132
186814044,way,supermarket,Biedronka,,,Biedronka,,,,49.9843618,18.2664822
187005916,way,supermarket,Lidl,,,Lidl,,,,51.1471356,16.9404378
187219674,way,supermarket,Biedronka,,,Biedronka,,,,51.4137176,21.9726853
187247361,way,supermarket,Biedronka,,,Biedronka,,,,52.3137021,16.967218
188377011,way,supermarket,Netto,,,Netto,,,,53.495528,14.5826121
188387074,way,supermarket,Lidl,,,Lidl,,,,52.4091744,16.8674676
188416445,way,supermarket,Biedronka,,,Biedronka,,,,52.2220299,17.281892
188700674,way,supermarket,Netto,,,Netto,,,,52.3085931,16.1281169
188720942,way,supermarket,Biedronka,,,Biedronka,,,,51.2953548,16.9089677
188720943,way,supermarket,Intermarché,,,Intermarché,,,,51.2960479,16.9088995
188744905,way,supermarket,Biedronka,,,Biedronka,,,,52.3990125,16.9608475
188823012,way,supermarket,Stokrotka,,,Stokrotka,,,,51.3992212,21.1675562
188840751,way,supermarket,Intermarché,,,Intermarché,,,,52.2339966,17.2672109
188941034,way,supermarket,Biedronka,,,Biedronka,,,,52.3146012,16.1302406
188947760,way,supermarket,Biedronka,,,Biedronka,,,,51.4182255,21.1655993
188956175,way,supermarket,Biedronka,,,Biedronka,,,,54.2114776,19.1081838
189091241,way,supermarket,Lidl,,,Lidl,,,,51.1202698,20.867927
189146316,way,supermarket,Netto,,,Netto,,,,52.3166835,16.1368606
189177867,way,supermarket,Stokrotka Market,,,Stokrotka Market,,,,53.6122585,18.945293
189213633,way,supermarket,Biedronka,,,Biedronka,,,,51.3922802,21.1238596
189465594,way,supermarket,Biedronka,,,Biedronka,,,,52.3193586,16.1286778
189468199,way,supermarket,Intermarché,,,Intermarché,,,,52.2310068,16.3532065
189606313,way,supermarket,Biedronka,,,Biedronka,,,,52.2238423,16.3630239
190001733,way,supermarket,Biedronka,,,Biedronka,,,,53.1286566,17.9806461
190005835,way,supermarket,Netto,,,Netto,,,,51.7719424,19.4813541
190286642,way,supermarket,Stokrotka,,,Stokrotka,,,,51.2624283,22.545197
190286702,way,supermarket,Stokrotka,,,Stokrotka,,,,51.2680855,22.5498106
190639195,way,supermarket,Biedronka,,,Biedronka,,,,50.2873262,18.6631398
191107982,way,supermarket,Netto,,,Netto,,,,51.9305037,15.4856125
191107994,way,supermarket,E.Leclerc,,,E.Leclerc,,,,51.9301622,15.4901248
191316467,way,supermarket,Lidl,,,Lidl,,,,50.0924958,19.952834
191930451,way,supermarket,Lidl,,,Lidl,,,,51.3843952,16.1998909
192453457,way,supermarket,Dino,,,Dino,,,,53.9975133,18.7687613
192485570,way,supermarket,Lidl,,,Lidl,,,,53.1222754,18.0579832
192485572,way,supermarket,Biedronka,,,Biedronka,,,,53.1238199,18.0560792
192504776,way,supermarket,Stokrotka,,,Stokrotka,,,,51.1454788,21.9779856
192583762,way,supermarket,Biedronka,,,Biedronka,,,,53.8343328,18.8198894
192796165,way,supermarket,Netto,,,Netto,,,,52.3179787,16.1224368
193578537,way,supermarket,Stokrotka,,,Stokrotka,,,,51.1448972,23.4384253
193605108,way,supermarket,Netto,,,Netto,,,,52.2258008,17.2743669
193768493,way,supermarket,Biedronka,,,Biedronka,,,,50.2777471,19.1318276
193838342,way,supermarket,Kaufland,,,Kaufland,,,,50.2424034,19.1329352
193892767,way,supermarket,Netto,,,Netto,,,,50.2825806,19.1202877
193912817,way,supermarket,Biedronka,,,Biedronka,,,,50.27068,19.1269811
193918407,way,supermarket,Stokrotka,,,Stokrotka,,,,52.7255702,15.2057442
193920794,way,supermarket,Lidl,,,Lidl,,,,52.7360149,15.2106728
193920796,way,supermarket,Biedronka,,,Biedronka,,,,52.7353215,15.2102683
193921228,way,supermarket,Netto,,,Netto,,,,52.735344,15.2096994
193923314,way,supermarket,Biedronka,,,Biedronka,,,,52.7290403,15.2102634
193927896,way,supermarket,Lidl,,,Lidl,,,,52.7590709,15.2510937
193929623,way,supermarket,Netto,,,Netto,,,,52.7428886,15.2434897
193956893,way,supermarket,Biedronka,,,Biedronka,,,,52.7621848,15.2722164
193966296,way,supermarket,Netto,,,Netto,,,,52.7272061,15.2396479
193966301,way,supermarket,Biedronka,,,Biedronka,,,,52.7272685,15.2403367
193967287,way,supermarket,Biedronka,,,Biedronka,,,,52.7376179,15.2536221
193967304,way,supermarket,Lidl,,,Lidl,,,,52.7334007,15.2537332
193972668,way,supermarket,Lidl,,,Lidl,,,,50.2930489,19.1636766
194093446,way,supermarket,Kaufland,,,Kaufland,,,,52.0682543,20.4384784
194159686,way,supermarket,Biedronka,,,Biedronka,,,,50.3508135,18.2312298
194161094,way,supermarket,Netto,,,Netto,,,,51.1093035,15.5926163
194164371,way,supermarket,Kaufland,,,Kaufland,,,,50.9764498,18.2169293
194454606,way,supermarket,Biedronka,,,Biedronka,,,,52.4429323,15.5865038
194695033,way,supermarket,Lidl,,,Lidl,,,,53.3386964,15.0231899
194696036,way,supermarket,Biedronka,,,Biedronka,,,,53.3371845,15.0205742
194702041,way,supermarket,Lidl,,,Lidl,,,,50.0232273,21.9960697
194846617,way,supermarket,Netto,,,Netto,,,,52.3972488,20.9193024
195026256,way,supermarket,Biedronka,,,Biedronka,,,,50.4155085,18.7560105
195203378,way,supermarket,Dino,,,Dino,,,,50.1067845,19.3795285
195734790,way,supermarket,Biedronka,,,Biedronka,,,,52.3860531,16.968992
195807422,way,supermarket,Biedronka,,,Biedronka,,,,49.3005506,19.9530376
195909261,way,supermarket,Biedronka,,,Biedronka,,,,52.9705068,15.7542782
195923668,way,supermarket,Carrefour,,,Carrefour,,,,51.3536052,19.3749569
195989116,way,supermarket,Biedronka,,,Biedronka,,,,49.7425971,18.6500125
196211593,way,supermarket,Biedronka,,,Biedronka,,,,54.3767441,18.5103856
196251476,way,supermarket,Biedronka,,,Biedronka,,,,51.6913788,18.9817022
196253548,way,supermarket,Biedronka,,,Biedronka,,,,50.2944373,19.1617642
196292479,way,supermarket,Biedronka,,,Biedronka,,,,51.7041705,19.4120719
196381936,way,supermarket,Biedronka,,,Biedronka,,,,52.0643103,20.4467847
196381939,way,supermarket,Biedronka,,,Biedronka,,,,52.0538549,20.4302639
196386510,way,supermarket,Biedronka,,,Biedronka,,,,53.39877,14.6785495
196464430,way,supermarket,Stokrotka,,,Stokrotka,,,,51.570752,21.5396748
196680729,way,supermarket,Kaufland,,,Kaufland,,,,52.2316369,18.2403517
196690423,way,supermarket,Biedronka,,,Biedronka,,,,52.2292706,18.273238
196695069,way,supermarket,Biedronka,,,Biedronka,,,,52.2599716,20.9849245
196873507,way,supermarket,Netto,,,Netto,,,,51.1521239,21.9675442
196873520,way,supermarket,Biedronka,,,Biedronka,,,,51.1514819,21.9720454
197208268,way,supermarket,Netto,,,Netto,,,,52.8478585,19.180228
197208317,way,supermarket,Lidl,,,Lidl,,,,52.8532041,19.177642
197227694,way,supermarket,Biedronka,,,Biedronka,,,,50.0195396,21.9939043
197245010,way,supermarket,Kaufland,,,Kaufland,,,,50.0197154,22.0154509
197252729,way,supermarket,Netto,,,Netto,,,,52.012192,18.508801
197526256,way,supermarket,Netto,,,Netto,,,,52.3541654,14.5625618
198074217,way,supermarket,Biedronka,,,Biedronka,,,,50.0471548,22.011949
198098600,way,supermarket,Lidl,,,Lidl,,,,50.8593018,20.5920528
198179650,way,supermarket,Biedronka,,,Biedronka,,,,51.1996777,16.1571985
198377948,way,supermarket,Biedronka,,,Biedronka,,,,50.037553,19.2106285
198569620,way,supermarket,Biedronka,,,Biedronka,,,,52.3483107,14.5680094
198636802,way,supermarket,Biedronka,,,Biedronka,,,,51.1443091,23.4553666
198844394,way,supermarket,Biedronka,,,Biedronka,,,,52.7104115,16.3916916
199119122,way,supermarket,Carrefour Market,,,Carrefour Market,,,,52.4012152,16.9280135
199209047,way,supermarket,Carrefour,,,Carrefour,,,,52.1889518,21.5304609
199266679,way,supermarket,Lidl,,,Lidl,,,,51.7787365,19.4203477
199266756,way,supermarket,Stokrotka,,,Stokrotka,,,,51.7770496,19.4239782
199283243,way,supermarket,Netto,,,Netto,,,,50.2857092,18.6667593
199507146,way,supermarket,Dino,,,Dino,,,,50.6826059,16.6109381
199713807,way,supermarket,Biedronka,,,Biedronka,,,,53.1480058,18.1703218
199790657,way,supermarket,Biedronka,,,Biedronka,,,,52.3503327,16.5191259
199818964,way,supermarket,Lidl,,,Lidl,,,,51.7106553,19.4782493
199911325,way,supermarket,Lidl,,,Lidl,,,,51.0360123,15.4184423
199911326,way,supermarket,Biedronka,,,Biedronka,,,,51.0315407,15.4200711
200155670,way,supermarket,Biedronka,,,Biedronka,,,,52.2145261,19.3784642
200216539,way,supermarket,Biedronka,,,Biedronka,,,,51.3619362,19.3672004
200280453,way,supermarket,Netto,,,Netto,,,,52.1808648,21.5611906
200578716,way,supermarket,Netto,,,Netto,,,,52.0843012,20.5484657
200610212,way,supermarket,Intermarché,,,Intermarché,,,,51.6434004,15.1308611
201557210,way,supermarket,Stokrotka,,,Stokrotka,,,,53.6654826,17.356218
201577403,way,supermarket,Auchan,,,Auchan,,,,50.2302348,18.9499297
201675211,way,supermarket,Biedronka,,,Biedronka,,,,50.176424,18.9677927
201725813,way,supermarket,Lidl,,,Lidl,,,,53.6653769,17.3516147
201803405,way,supermarket,Biedronka,,,Biedronka,,,,50.2020076,18.9903532
201806407,way,supermarket,Netto,,,Netto,,,,50.206208,18.9888763
201887245,way,supermarket,Lidl,,,Lidl,,,,50.2268171,19.0608743
201897645,way,supermarket,Lidl,,,Lidl,,,,50.2561872,19.0944802
201898152,way,supermarket,Biedronka,,,Biedronka,,,,50.2631557,19.0940661
201910509,way,supermarket,E.Leclerc,,,E.Leclerc,,,,50.2201678,18.9911236
201912508,way,supermarket,Lidl,,,Lidl,,,,50.2225693,18.9904561
201916657,way,supermarket,Lidl,,,Lidl,,,,50.2342613,18.9752929
202011200,way,supermarket,Biedronka,,,Biedronka,,,,49.9292624,19.008621
202020075,way,supermarket,Biedronka,,,Biedronka,,,,50.2764108,19.0664723
202031412,way,supermarket,Biedronka,,,Biedronka,,,,50.2708767,19.041576
202044295,way,supermarket,Lidl,,,Lidl,,,,50.2469045,19.0392322
202127661,way,supermarket,Biedronka,,,Biedronka,,,,50.2536385,19.0399056
202196281,way,supermarket,Lidl,,,Lidl,,,,49.9053284,19.0072782
202200470,way,supermarket,Netto,,,Netto,,,,50.2638491,19.0043723
202203508,way,supermarket,Biedronka,,,Biedronka,,,,50.8885598,15.7355341
202203509,way,supermarket,Dino,,,Dino,,,,50.8890215,15.7334966
202259270,way,supermarket,Lidl,,,Lidl,,,,50.2795851,18.9738878
202263170,way,supermarket,Biedronka,,,Biedronka,,,,53.3910949,19.1571809
202300428,way,supermarket,Biedronka,,,Biedronka,,,,49.9226367,19.0001847
202541785,way,supermarket,Biedronka,,,Biedronka,,,,53.9027217,14.2693646
202544199,way,supermarket,Lidl,,,Lidl,,,,49.9697045,19.1390805
202544215,way,supermarket,Netto,,,Netto,,,,49.9728262,19.1395949
202595692,way,supermarket,Lidl,,,Lidl,,,,54.2746326,18.5840753
202611659,way,supermarket,Lidl,,,Lidl,,,,53.3781748,14.6685163
202674868,way,supermarket,Lidl,,,Lidl,,,,50.8875192,15.720441
202691706,way,supermarket,Carrefour Market,,,Carrefour Market,,,,50.300638,18.8352928
202692804,way,supermarket,Lidl,,,Lidl,,,,50.29832,18.8316149
202700180,way,supermarket,Lidl,,,Lidl,,,,50.2878645,18.7929367
202728689,way,supermarket,Lidl,,,Lidl,,,,50.2971917,18.7764376
202733695,way,supermarket,Auchan,,,Auchan,,,,50.2920831,18.7823561
202748557,way,supermarket,Biedronka,,,Biedronka,,,,50.3177524,18.818317
202800689,way,supermarket,Biedronka,,,Biedronka,,,,50.0503762,17.7941651
202848116,way,supermarket,Carrefour Market,,,Carrefour Market,,,,50.3791957,18.8106388
203263680,way,supermarket,Biedronka,,,Biedronka,,,,52.2335009,20.2477466
203333110,way,supermarket,Carrefour,,,Carrefour,,,,52.227519,20.2684619
203384507,way,supermarket,Biedronka,,,Biedronka,,,,53.8457882,19.6113946
203412035,way,supermarket,Biedronka,,,Biedronka,,,,51.3849153,21.1251775
203806771,way,supermarket,Dino,,,Dino,,,,50.1448349,19.391085
203977363,way,supermarket,Biedronka,,,Biedronka,,,,53.1261779,23.2419958
204022654,way,supermarket,Biedronka,,,Biedronka,,,,50.8990168,15.7318741
204067181,way,supermarket,Biedronka,,,Biedronka,,,,50.9038544,15.72904
204149045,way,supermarket,Biedronka,,,Biedronka,,,,51.0502959,20.830573
204189273,way,supermarket,Stokrotka,,,Stokrotka,,,,51.1219735,15.9118878
204323434,way,supermarket,Carrefour,,,Carrefour,,,,51.2640757,15.5520148
204329221,way,supermarket,Lidl,,,Lidl,,,,50.2739062,19.1452571
204329321,way,supermarket,Biedronka,,,Biedronka,,,,51.1218666,15.9150717
204333181,way,supermarket,Lidl,,,Lidl,,,,51.2648784,15.5738992
204394834,way,supermarket,Lidl,,,Lidl,,,,53.2794676,18.9601485
204394842,way,supermarket,Netto,,,Netto,,,,53.5045449,18.775687
204544867,way,supermarket,Biedronka,,,Biedronka,,,,49.7475372,18.6411474
204966908,way,supermarket,Biedronka,,,Biedronka,,,,51.2699245,15.5611495
204968412,way,supermarket,Biedronka,,,Biedronka,,,,51.2710346,15.5568497
205001599,way,supermarket,Intermarché,,,Intermarché,,,,51.2599548,15.5932538
205047114,way,supermarket,Biedronka,,,Biedronka,,,,51.5478699,21.8817125
205131061,way,supermarket,Biedronka,,,Biedronka,,,,51.2633078,15.5751018
205271672,way,supermarket,Lidl,,,Lidl,,,,50.2707578,18.8324719
205271898,way,supermarket,Biedronka,,,Biedronka,,,,50.268405,18.8333118
205467119,way,supermarket,Biedronka,,,Biedronka,,,,50.2360405,18.8314363
205492205,way,supermarket,Biedronka,,,Biedronka,,,,51.1285963,15.9263762
205537454,way,supermarket,Lidl,,,Lidl,,,,50.2404689,18.8514402
205612959,way,supermarket,Stokrotka,,,Stokrotka,,,,51.0922073,23.2808403
205650135,way,supermarket,Netto,,,Netto,,,,50.323959,18.8903035
205985783,way,supermarket,Biedronka,,,Biedronka,,,,50.9836665,23.168014
205993236,way,supermarket,Biedronka,,,Biedronka,,,,50.261309,19.1781758
206113190,way,supermarket,Lidl,,,Lidl,,,,52.2822108,21.1128211
206409068,way,supermarket,Biedronka,,,Biedronka,,,,50.3153865,18.8534521
206423214,way,supermarket,Biedronka,,,Biedronka,,,,49.689645,21.7661055
206512942,way,supermarket,Biedronka,,,Biedronka,,,,51.3732487,21.128199
206672309,way,supermarket,Biedronka,,,Biedronka,,,,49.9423074,18.6051894
206672419,way,supermarket,Lidl,,,Lidl,,,,49.9414282,18.6039628
206689616,way,supermarket,Biedronka,,,Biedronka,,,,50.0750945,18.4176785
206701165,way,supermarket,Biedronka,,,Biedronka,,,,51.4132237,21.175446
206710766,way,supermarket,Lidl,,,Lidl,,,,51.4099573,21.1771826
206729097,way,supermarket,Stokrotka Market,,,Stokrotka Market,,,,49.9463229,18.5744636
206729115,way,supermarket,Netto,,,Netto,,,,49.9495081,18.5873595
206729437,way,supermarket,Biedronka,,,Biedronka,,,,49.9435585,18.5806135
206729995,way,supermarket,Lidl,,,Lidl,,,,49.9442279,18.5792223
206734247,way,supermarket,Biedronka,,,Biedronka,,,,49.9549494,18.5776058
206898288,way,supermarket,Biedronka,,,Biedronka,,,,51.4022791,21.1027088
207018357,way,supermarket,Auchan,,,Auchan,,,,50.6744915,17.9472112
207019797,way,supermarket,Dino,,,Dino,,,,50.6487832,17.9781389
207020026,way,supermarket,Biedronka,,,Biedronka,,,,50.6613201,17.899311
207025638,way,supermarket,Lidl,,,Lidl,,,,50.6928852,17.912383
207030629,way,supermarket,Biedronka,,,Biedronka,,,,50.6096044,17.9701628
207031743,way,supermarket,Lidl,,,Lidl,,,,50.6662734,17.9064591
207159694,way,supermarket,Stokrotka,,,Stokrotka,,,,50.6860113,21.7415339
207173358,way,supermarket,Biedronka,,,Biedronka,,,,52.2084146,20.9201522
207499030,way,supermarket,Stokrotka,,,Stokrotka,,,,51.2991275,22.7222532
208144851,way,supermarket,Biedronka,,,Biedronka,,,,51.306065,20.1102045
208264143,way,supermarket,Biedronka,,,Biedronka,,,,52.195776,20.613326
208295275,way,supermarket,Biedronka,,,Biedronka,,,,50.2117346,19.2512791
208295749,way,supermarket,Biedronka,,,Biedronka,,,,50.2269886,19.2347498
208300536,way,supermarket,Netto,,,Netto,,,,50.2124204,19.2583456
208303670,way,supermarket,Kaufland,,,Kaufland,,,,50.1965564,19.2695063
208304698,way,supermarket,Lidl,,,Lidl,,,,50.1947361,19.2833341
208306488,way,supermarket,Biedronka,,,Biedronka,,,,50.2459491,19.293297
208308541,way,supermarket,Dino,,,Dino,,,,50.159164,19.2501666
208431059,way,supermarket,Biedronka,,,Biedronka,,,,51.0960979,16.9346039
208444909,way,supermarket,Biedronka,,,Biedronka,,,,52.3997526,21.167768
208463252,way,supermarket,Biedronka,,,Biedronka,,,,50.2647618,18.9006836
209020738,way,supermarket,Kaufland,,,Kaufland,,,,50.339333,18.9089738
209183657,way,supermarket,Biedronka,,,Biedronka,,,,51.9378679,15.5607736
209183658,way,supermarket,Biedronka,,,Biedronka,,,,51.9373516,15.5546542
209295055,way,supermarket,Biedronka,,,Biedronka,,,,50.04288,19.79208
209885993,way,supermarket,Biedronka,,,Biedronka,,,,52.4578258,16.9028772
210045169,way,supermarket,Biedronka,,,Biedronka,,,,50.0966066,18.2242312
210046408,way,supermarket,Biedronka,,,Biedronka,,,,50.0993111,18.2359934
210046534,way,supermarket,Lidl,,,Lidl,,,,50.0944833,18.229255
210107680,way,supermarket,Netto,,,Netto,,,,53.1453432,23.1829193
210312474,way,supermarket,Auchan,,,Auchan,,,,50.0954802,18.5270851
210540272,way,supermarket,Biedronka,,,Biedronka,,,,53.1348558,23.1933121
210729250,way,supermarket,Stokrotka,,,Stokrotka,,,,53.1478711,23.2082226
210967811,way,supermarket,Dino,,,Dino,,,,51.7913525,19.5248147
211051738,way,supermarket,Biedronka,,,Biedronka,,,,53.1147209,23.0900908
211130146,way,supermarket,Biedronka,,,Biedronka,,,,53.1301273,23.1864318
211263996,way,supermarket,Carrefour Market,,,Carrefour Market,,,,52.0976379,21.267399
211535499,way,supermarket,Biedronka,,,Biedronka,,,,53.1297474,23.1430961
211578087,way,supermarket,Biedronka,,,Biedronka,,,,53.1297591,18.0384949
211674049,way,supermarket,Netto,,,Netto,,,,50.0995689,18.5354184
211766112,way,supermarket,Biedronka,,,Biedronka,,,,53.1461005,23.1536753
211778546,way,supermarket,Stokrotka,,,Stokrotka,,,,53.151894,23.1260299
212058837,way,supermarket,Biedronka,,,Biedronka,,,,50.0992785,18.5616953
213209224,way,supermarket,Lidl,,,Lidl,,,,50.0534009,21.9712022
213910638,way,supermarket,Biedronka,,,Biedronka,,,,53.6409034,22.4691691
213918665,way,supermarket,Biedronka,,,Biedronka,,,,53.6509368,22.4594275
214098648,way,supermarket,Stokrotka,,,Stokrotka,,,,51.0974878,16.9507304
214248353,way,supermarket,Stokrotka,,,Stokrotka,,,,54.183512,16.1719665
214396702,way,supermarket,Kaufland,,,Kaufland,,,,50.9166348,15.7555002
214435335,way,supermarket,Biedronka,,,Biedronka,,,,51.7924355,19.5902794
214675190,way,supermarket,Biedronka,,,Biedronka,,,,52.2361018,20.8988546
214798181,way,supermarket,Kaufland,,,Kaufland,,,,50.6961072,21.7216157
215156319,way,supermarket,Lidl,,,Lidl,,,,50.0680773,19.9767523
215385253,way,supermarket,Netto,,,Netto,,,,50.6892769,16.6242559
215397301,way,supermarket,Biedronka,,,Biedronka,,,,54.1791183,19.4254848
215411529,way,supermarket,Netto,,,Netto,,,,50.0475673,18.7018041
215413251,way,supermarket,Dino,,,Dino,,,,50.0437834,18.6979824
215416668,way,supermarket,Biedronka,,,Biedronka,,,,50.0339006,18.6983609
215461116,way,supermarket,Lidl,,,Lidl,,,,50.0803858,18.2036877
215462583,way,supermarket,Biedronka,,,Biedronka,,,,50.0844725,18.2045412
215463075,way,supermarket,Netto,,,Netto,,,,50.0814375,18.2100418
215463394,way,supermarket,Dino,,,Dino,,,,50.0916748,18.211633
215463836,way,supermarket,Kaufland,,,Kaufland,,,,50.0913579,18.2245136
215469067,way,supermarket,Biedronka,,,Biedronka,,,,50.0905729,18.2107211
215469080,way,supermarket,Biedronka,,,Biedronka,,,,50.0960343,18.2141856
215484814,way,supermarket,Biedronka,,,Biedronka,,,,51.7425985,19.6103856
215487207,way,supermarket,Netto,,,Netto,,,,51.3543529,19.8889069
215564127,way,supermarket,Biedronka,,,Biedronka,,,,54.3358451,18.1880379
215645005,way,supermarket,Lidl,,,Lidl,,,,50.2788057,19.1103008
215704974,way,supermarket,Lidl,,,Lidl,,,,50.9097527,15.7561457
216124889,way,supermarket,Biedronka,,,Biedronka,,,,50.9089088,15.7516062
216147116,way,supermarket,Biedronka,,,Biedronka,,,,50.2899792,19.0955909
216263084,way,supermarket,Biedronka,,,Biedronka,,,,54.148108,19.4057395
216263444,way,supermarket,Lidl,,,Lidl,,,,51.1101182,16.9698858
216811185,way,supermarket,Carrefour Express,,,Carrefour Express,,,,52.2089865,20.8090854
216944396,way,supermarket,Biedronka,,,Biedronka,,,,54.377935,17.16071
217418379,way,supermarket,Biedronka,,,Biedronka,,,,53.7058516,17.5765805
217599397,way,supermarket,Stokrotka,,,Stokrotka,,,,51.2983584,22.8931137
217726805,way,supermarket,Netto,,,Netto,,,,50.8745092,18.4143962
217752837,way,supermarket,Netto,,,Netto,,,,50.8047524,19.1018827
217882314,way,supermarket,Biedronka,,,Biedronka,,,,50.8067431,19.1017465
217910850,way,supermarket,Biedronka,,,Biedronka,,,,50.472297,17.3345015
217946526,way,supermarket,Biedronka,,,Biedronka,,,,53.0383955,18.5843735
218203311,way,supermarket,Netto,,,Netto,,,,51.289272,17.9957053
218691338,way,supermarket,Lidl,,,Lidl,,,,52.2511897,20.9388365
218764905,way,supermarket,Lidl,,,Lidl,,,,51.9401101,15.4805321
218854782,way,supermarket,Biedronka,,,Biedronka,,,,52.2454133,20.948289
218976941,way,supermarket,Lidl,,,Lidl,,,,53.1559992,23.130871
219139221,way,supermarket,Lidl,,,Lidl,,,,50.7801185,19.1472461
219160328,way,supermarket,Biedronka,,,Biedronka,,,,50.2963439,19.3827001
219219344,way,supermarket,Netto,,,Netto,,,,50.3669242,19.0171079
219278291,way,supermarket,Biedronka,,,Biedronka,,,,50.30345,19.0963852
219280490,way,supermarket,Biedronka,,,Biedronka,,,,50.3214624,19.0718495
219282248,way,supermarket,Biedronka,,,Biedronka,,,,50.3175356,19.076507
219286205,way,supermarket,Lidl,,,Lidl,,,,50.3025534,19.0988455
219286206,way,supermarket,Stokrotka,,,Stokrotka,,,,50.3180852,19.0646915
219307633,way,supermarket,Biedronka,,,Biedronka,,,,50.3511458,19.0851807
219308632,way,supermarket,Biedronka,,,Biedronka,,,,52.8494567,19.1744291
219335749,way,supermarket,Netto,,,Netto,,,,50.3235512,19.153538
219336427,way,supermarket,Biedronka,,,Biedronka,,,,50.3231752,19.1222242
219337346,way,supermarket,Biedronka,,,Biedronka,,,,50.3214871,19.1346863
219339193,way,supermarket,Lidl,,,Lidl,,,,50.321199,19.1278383
219339312,way,supermarket,Biedronka,,,Biedronka,,,,50.3270521,19.1555137
219342517,way,supermarket,Biedronka,,,Biedronka,,,,50.3156977,19.1174329
219344464,way,supermarket,Biedronka,,,Biedronka,,,,50.327869,19.1134855
219531261,way,supermarket,Stokrotka,,,Stokrotka,,,,53.1410248,23.1707899
219736746,way,supermarket,Biedronka,,,Biedronka,,,,51.9714444,20.5293074
219805076,way,supermarket,Netto,,,Netto,,,,50.9375503,16.4936459
219987708,way,supermarket,Biedronka,,,Biedronka,,,,50.71543,16.5864239
219987860,way,supermarket,Netto,,,Netto,,,,50.7076914,16.5777407
220070249,way,supermarket,Biedronka,,,Biedronka,,,,50.481764,17.335954
220200824,way,supermarket,Biedronka,,,Biedronka,,,,54.1738079,15.5540613
220345337,way,supermarket,Netto,,,Netto,,,,53.1141673,18.0176935
220386358,way,supermarket,Netto,,,Netto,,,,50.1488121,23.1103527
220394553,way,supermarket,Biedronka,,,Biedronka,,,,51.9462329,15.5110999
220394587,way,supermarket,Netto,,,Netto,,,,51.9463486,15.5088974
220474764,way,supermarket,Lidl,,,Lidl,,,,53.1253527,23.104055
220570180,way,supermarket,Biedronka,,,Biedronka,,,,51.9571439,15.5202288
220570192,way,supermarket,Netto,,,Netto,,,,51.9317989,15.5014581
220778818,way,supermarket,Biedronka,,,Biedronka,,,,50.269216,19.465336
220962909,way,supermarket,Lidl,,,Lidl,,,,50.3196198,19.009548
220975847,way,supermarket,Biedronka,,,Biedronka,,,,52.7496842,22.8312257
221071768,way,supermarket,Dino,,,Dino,,,,52.0038852,16.3022471
221091762,way,supermarket,Dino,,,Dino,,,,53.0986561,16.8817575
221127392,way,supermarket,Lidl,,,Lidl,,,,50.3042233,19.0300017
221567334,way,supermarket,Biedronka,,,Biedronka,,,,52.3465117,21.2559854
221573904,way,supermarket,Lidl,,,Lidl,,,,52.3394651,21.2416094
221734166,way,supermarket,Biedronka,,,Biedronka,,,,52.3269408,21.1907926
221906086,way,supermarket,Dino,,,Dino,,,,52.8020905,18.2469017
222189387,way,supermarket,Lidl,,,Lidl,,,,51.9469073,15.5207386
222313537,way,supermarket,Lidl,,,Lidl,,,,51.9312618,15.5096297
222370876,way,supermarket,Biedronka,,,Biedronka,,,,50.467517,17.1748095
222754790,way,supermarket,Biedronka,,,Biedronka,,,,50.3183352,19.0043265
222869891,way,supermarket,Biedronka,,,Biedronka,,,,50.3005106,19.0149596
222881345,way,supermarket,Biedronka,,,Biedronka,,,,50.2967028,19.0428741
222888221,way,supermarket,Lidl,,,Lidl,,,,54.0914865,18.7749808
223234088,way,supermarket,Netto,,,Netto,,,,51.3578848,21.5669661
223234834,way,supermarket,Lidl,,,Lidl,,,,54.1237261,17.9691143
223380799,way,supermarket,Netto,,,Netto,,,,54.708278,18.3946055
223436799,way,supermarket,Biedronka,,,Biedronka,,,,51.9428572,15.4779665
223490542,way,supermarket,Stokrotka,,,Stokrotka,,,,53.7254468,18.924071
223555314,way,supermarket,Biedronka,,,Biedronka,,,,53.736524,18.946623
223555315,way,supermarket,Biedronka,,,Biedronka,,,,53.7326155,18.9320385
223555319,way,supermarket,Intermarché,,,Intermarché,,,,53.7347651,18.94373
223555326,way,supermarket,Lidl,,,Lidl,,,,53.733276,18.9355457
223572313,way,supermarket,Biedronka,,,Biedronka,,,,53.7298591,18.9361351
223617088,way,supermarket,Lidl,,,Lidl,,,,51.9691183,17.5075211
223697081,way,supermarket,Biedronka,,,Biedronka,,,,50.2834167,19.1069436
223728239,way,supermarket,Biedronka,,,Biedronka,,,,50.059968,22.495574
223818818,way,supermarket,Biedronka,,,Biedronka,,,,50.7821493,17.0612133
223821629,way,supermarket,Lidl,,,Lidl,,,,50.3008163,19.0022157
223844188,way,supermarket,Kaufland,,,Kaufland,,,,52.2309728,19.366653
223867885,way,supermarket,Netto,,,Netto,,,,50.7786466,17.0670687
223881281,way,supermarket,Lidl,,,Lidl,,,,50.7829982,17.0644146
224179207,way,supermarket,Biedronka,,,Biedronka,,,,52.3130853,17.5554324
224483861,way,supermarket,Netto,,,Netto,,,,52.4121885,16.8325709
224561308,way,supermarket,Lidl,,,Lidl,,,,51.9578018,15.5184135
224628400,way,supermarket,Biedronka,,,Biedronka,,,,51.9331877,15.5029215
224660355,way,supermarket,Dino,,,Dino,,,,51.7065659,18.6185803
225026413,way,supermarket,Biedronka,,,Biedronka,,,,50.0601219,21.985065
225142989,way,supermarket,Biedronka,,,Biedronka,,,,50.1646285,23.1214059
225253652,way,supermarket,Biedronka,,,Biedronka,,,,51.1607207,17.1207209
225291188,way,supermarket,Dino,,,Dino,,,,50.1174058,20.8894576
225399445,way,supermarket,Lidl,,,Lidl,,,,52.2517842,21.2685151
225399468,way,supermarket,Netto,,,Netto,,,,52.2512207,21.2877187
225413314,way,supermarket,Biedronka,,,Biedronka,,,,50.4600232,17.009068
225414580,way,supermarket,Biedronka,,,Biedronka,,,,50.3097417,18.9748225
225437266,way,supermarket,Lidl,,,Lidl,,,,50.8959065,20.6613907
225487552,way,supermarket,Biedronka,,,Biedronka,,,,52.3358764,16.8057201
225555197,way,supermarket,Biedronka,,,Biedronka,,,,50.2969708,18.9339405
225555560,way,supermarket,Biedronka,,,Biedronka,,,,50.3018811,18.9444637
225618128,way,supermarket,Lidl,,,Lidl,,,,50.0169959,20.014171
225661233,way,supermarket,Netto,,,Netto,,,,50.8950791,20.6622964
225736781,way,supermarket,Lidl,,,Lidl,,,,50.8169477,19.0986834
225783205,way,supermarket,Biedronka,,,Biedronka,,,,50.1538643,18.6641228
225783207,way,supermarket,Netto,,,Netto,,,,50.1468243,18.6765799
225791024,way,supermarket,Biedronka,,,Biedronka,,,,49.9791671,21.2963085
225885123,way,supermarket,Stokrotka,,,Stokrotka,,,,53.1060961,18.023299
225978031,way,supermarket,Lidl,,,Lidl,,,,53.3502742,18.4436229
225978116,way,supermarket,Biedronka,,,Biedronka,,,,53.3478223,18.4429581
226081856,way,supermarket,Dino,,,Dino,,,,53.1621214,16.6195036
226112274,way,supermarket,Biedronka,,,Biedronka,,,,54.5483668,18.5143307
226231126,way,supermarket,Stokrotka,,,Stokrotka,,,,50.8907235,20.6558949
226516453,way,supermarket,Lidl,,,Lidl,,,,54.0278244,19.0459581
226565831,way,supermarket,Biedronka,,,Biedronka,,,,54.1216618,17.9645834
226590204,way,supermarket,Biedronka,,,Biedronka,,,,51.2666849,22.5556118
226739824,way,supermarket,Biedronka,,,Biedronka,,,,52.7535413,18.1085477
226929178,way,supermarket,Biedronka,,,Biedronka,,,,50.1428597,18.6341742
226981068,way,supermarket,Biedronka,,,Biedronka,,,,50.8899433,20.6677123
227019596,way,supermarket,Kaufland,,,Kaufland,,,,52.0275988,23.1349403
227071275,way,supermarket,Kaufland,,,Kaufland,,,,52.3218255,17.5625776
227136322,way,supermarket,Lidl,,,Lidl,,,,51.2663493,22.514535
227140618,way,supermarket,Carrefour Market,,,Carrefour Market,,,,52.2858934,21.0314285
227365895,way,supermarket,Lidl,,,Lidl,,,,50.7878706,16.0278899
227475389,way,supermarket,Intermarché,,,Intermarché,,,,51.7010712,17.4445796
227677120,way,supermarket,Dino,,,Dino,,,,51.824248,16.58127
227834458,way,supermarket,Kaufland,,,Kaufland,,,,51.6142191,16.8684711
227937872,way,supermarket,Biedronka,,,Biedronka,,,,49.6926912,19.2017329
227951715,way,supermarket,Lidl,,,Lidl,,,,49.6901097,19.2071107
228182616,way,supermarket,Netto,,,Netto,,,,49.8759283,19.2175149
228421052,way,supermarket,Lidl,,,Lidl,,,,50.580869,21.6861348
228439829,way,supermarket,Lidl,,,Lidl,,,,49.7933841,18.7880496
228502404,way,supermarket,Biedronka,,,Biedronka,,,,54.1239028,17.9876635
228556279,way,supermarket,Dino,,,Dino,,,,50.8443876,16.4624489
228556298,way,supermarket,Intermarché Super,,,Intermarché Super,,,,50.8421738,16.4638282
228597303,way,supermarket,Biedronka,,,Biedronka,,,,49.8626429,19.352642
228597314,way,supermarket,Kaufland,,,Kaufland,,,,49.8548092,19.3344448
228597331,way,supermarket,Netto,,,Netto,,,,49.8563508,19.3493011
228747879,way,supermarket,Lidl,,,Lidl,,,,50.3617301,18.8486006
228964614,way,supermarket,Lidl,,,Lidl,,,,50.7371043,16.6376511
229146513,way,supermarket,Biedronka,,,Biedronka,,,,52.2814522,21.0790469
229166540,way,supermarket,Netto,,,Netto,,,,50.7395661,16.6347324
229195930,way,supermarket,Intermarché,,,Intermarché,,,,50.7335413,16.6529602
229291537,way,supermarket,Kaufland,,,Kaufland,,,,51.217171,17.4044695
229322672,way,supermarket,Lidl,,,Lidl,,,,50.0138619,20.9678251
229322736,way,supermarket,Stokrotka,,,Stokrotka,,,,50.0160413,20.9771923
229350050,way,supermarket,Netto,,,Netto,,,,50.0176864,20.9968519
229350358,way,supermarket,Kaufland,,,Kaufland,,,,50.0127905,21.0065529
229350383,way,supermarket,Biedronka,,,Biedronka,,,,50.0138512,21.0086603
229386252,way,supermarket,Dino,,,Dino,,,,53.0339327,15.666813
229410791,way,supermarket,Lidl,,,Lidl,,,,50.0211991,20.9830509
229422896,way,supermarket,Biedronka,,,Biedronka,,,,50.0216538,20.9944963
229425214,way,supermarket,Auchan,,,Auchan,,,,50.024529,21.0115647
229425485,way,supermarket,Biedronka,,,Biedronka,,,,50.0301932,21.0075984
229425651,way,supermarket,Stokrotka,,,Stokrotka,,,,50.0208918,21.0055685
229436983,way,supermarket,Lidl,,,Lidl,,,,51.076436,17.7252875
229510489,way,supermarket,Biedronka,,,Biedronka,,,,49.9969971,20.9475282
229511075,way,supermarket,Stokrotka,,,Stokrotka,,,,49.9958807,20.9482667
229517793,way,supermarket,Biedronka,,,Biedronka,,,,50.012107,20.9238194
229524612,way,supermarket,Stokrotka,,,Stokrotka,,,,50.0404429,21.0026088
229550724,way,supermarket,Dino,,,Dino,,,,53.214461,15.7672076
229621114,way,supermarket,Biedronka,,,Biedronka,,,,52.0916756,21.049351
229788734,way,supermarket,Biedronka,,,Biedronka,,,,50.0251279,21.9743023
229962011,way,supermarket,Lidl,,,Lidl,,,,50.073491,20.0023895
229994058,way,supermarket,Intermarché,,,Intermarché,,,,53.1696734,15.4261274
229995382,way,supermarket,Biedronka,,,Biedronka,,,,53.1682778,15.4240527
229995771,way,supermarket,Lidl,,,Lidl,,,,53.1670607,15.4062668
230009688,way,supermarket,Netto,,,Netto,,,,50.2667815,20.4926288
230031743,way,supermarket,Netto,,,Netto,,,,52.5942646,14.6674128
230116994,way,supermarket,Dino,,,Dino,,,,51.5039746,15.2022531
230219212,way,supermarket,Biedronka,,,Biedronka,,,,51.9766776,15.4861444
230251572,way,supermarket,Biedronka,,,Biedronka,,,,52.2410755,15.5330654
230296293,way,supermarket,Lidl,,,Lidl,,,,51.616469,16.8600711
230533327,way,supermarket,Biedronka,,,Biedronka,,,,52.8845707,20.6002013
230544153,way,supermarket,Biedronka,,,Biedronka,,,,50.8562029,17.4741668
230547041,way,supermarket,Kaufland,,,Kaufland,,,,50.8546464,17.4779361
230556077,way,supermarket,Intermarché,,,Intermarché,,,,50.8633897,17.4590783
230576951,way,supermarket,Biedronka,,,Biedronka,,,,50.7814409,15.7636357
230577012,way,supermarket,Netto,,,Netto,,,,50.7816693,15.7626402
230602778,way,supermarket,Lidl,,,Lidl,,,,50.0499802,22.0004721
230604871,way,supermarket,Lidl,,,Lidl,,,,50.8510751,17.4569057
230675923,way,supermarket,Intermarché,,,Intermarché,,,,52.5989154,15.8906693
230722314,way,supermarket,Biedronka,,,Biedronka,,,,51.9306416,15.4805744
230877475,way,supermarket,Stokrotka,,,Stokrotka,,,,51.2619705,22.5967495
231071346,way,supermarket,Lidl,,,Lidl,,,,49.7819133,22.7920449
231134022,way,supermarket,Biedronka,,,Biedronka,,,,52.5606464,19.6896336
231213591,way,supermarket,Netto,,,Netto,,,,49.7853223,22.7615558
231231420,way,supermarket,Biedronka,,,Biedronka,,,,52.5530874,19.6863163
231297339,way,supermarket,Biedronka,,,Biedronka,,,,49.7815243,22.7820901
231303283,way,supermarket,Biedronka,,,Biedronka,,,,49.7899612,22.7744779
231307330,way,supermarket,Lidl,,,Lidl,,,,49.7940722,22.7734568
231309978,way,supermarket,Biedronka,,,Biedronka,,,,49.8006755,22.9410065
231316405,way,supermarket,Netto,,,Netto,,,,49.7971752,22.7561047
231320524,way,supermarket,Biedronka,,,Biedronka,,,,50.0982843,19.8890283
231347055,way,supermarket,Biedronka,,,Biedronka,,,,50.1000664,19.8903322
231371580,way,supermarket,Biedronka,,,Biedronka,,,,49.5537249,21.6806714
231777752,way,supermarket,Biedronka,,,Biedronka,,,,52.0816535,21.0088037
231798067,way,supermarket,Biedronka,,,Biedronka,,,,50.4345669,18.9450827
231816799,way,supermarket,Biedronka,,,Biedronka,,,,49.4757427,20.0503525
232050097,way,supermarket,Kaufland,,,Kaufland,,,,53.8386132,22.9718686
232240171,way,supermarket,Biedronka,,,Biedronka,,,,51.2030906,17.3801607
232240305,way,supermarket,Netto,,,Netto,,,,50.9116729,14.9535118
232244394,way,supermarket,Netto,,,Netto,,,,50.9079725,14.95695
232244415,way,supermarket,Lidl,,,Lidl,,,,50.905111,14.9563395
232246157,way,supermarket,Kaufland,,,Kaufland,,,,54.1036577,18.7767498
232342536,way,supermarket,Dino,,,Dino,,,,52.2157696,17.6277405
232358333,way,supermarket,Biedronka,,,Biedronka,,,,51.07182,17.7226893
232563934,way,supermarket,Biedronka,,,Biedronka,,,,51.3212199,17.7406547
232566848,way,supermarket,Netto,,,Netto,,,,51.3036527,17.7167162
232722687,way,supermarket,Lidl,,,Lidl,,,,51.1188795,15.9156137
232905484,way,supermarket,Biedronka,,,Biedronka,,,,51.3549127,19.3557492
232912460,way,supermarket,Biedronka,,,Biedronka,,,,54.2320941,18.6347312
232954224,way,supermarket,Dino,,,Dino,,,,51.4717721,16.9090233
233015694,way,supermarket,Biedronka,,,Biedronka,,,,54.1601439,19.4209011
233034272,way,supermarket,Biedronka,,,Biedronka,,,,51.5100959,15.205216
233042206,way,supermarket,Biedronka,,,Biedronka,,,,50.8283364,15.7932729
233052801,way,supermarket,Netto,,,Netto,,,,53.5022647,19.7386652
233072944,way,supermarket,Biedronka,,,Biedronka,,,,50.094294,19.998922
233191905,way,supermarket,Dino,,,Dino,,,,52.452773,16.1872755
233210805,way,supermarket,Biedronka,,,Biedronka,,,,50.8770225,18.4308985
233218689,way,supermarket,Biedronka,,,Biedronka,,,,52.0111183,18.5105743
233236942,way,supermarket,Lidl,,,Lidl,,,,52.0154977,18.515473
233250916,way,supermarket,Biedronka,,,Biedronka,,,,53.5253282,19.0805474
233274034,way,supermarket,Intermarché,,,Intermarché,,,,52.0190295,18.5067692
233274035,way,supermarket,Kaufland,,,Kaufland,,,,52.0192738,18.508919
233301783,way,supermarket,Intermarché,,,Intermarché,,,,51.0744758,17.7250624
233302400,way,supermarket,Kaufland,,,Kaufland,,,,51.0776822,17.7237188
233309551,way,supermarket,Dino,,,Dino,,,,51.6403483,17.7956628
233371382,way,supermarket,Kaufland,,,Kaufland,,,,50.029838,19.9113496
233382098,way,supermarket,Biedronka,,,Biedronka,,,,52.244417,15.8147089
233398681,way,supermarket,Biedronka,,,Biedronka,,,,50.306685,19.1922865
233629940,way,supermarket,Lidl,,,Lidl,,,,52.2458805,15.527195
233664458,way,supermarket,Dino,,,Dino,,,,52.2463902,15.5338961
233760077,way,supermarket,Biedronka,,,Biedronka,,,,52.2532088,15.5313752
234140471,way,supermarket,Lidl,,,Lidl,,,,53.1809625,18.6059353
234266296,way,supermarket,Biedronka,,,Biedronka,,,,52.2040834,18.6417627
234288116,way,supermarket,Biedronka,,,Biedronka,,,,51.0568904,17.1050321
234737867,way,supermarket,Dino,,,Dino,,,,51.7846607,18.089252
234752182,way,supermarket,Netto,,,Netto,,,,52.5985081,15.5071912
234778693,way,supermarket,Netto,,,Netto,,,,52.2779756,16.6898524
234785369,way,supermarket,Biedronka,,,Biedronka,,,,50.2217973,19.2465044
234804476,way,supermarket,Stokrotka,,,Stokrotka,,,,51.6407747,15.1265358
234819190,way,supermarket,Netto,,,Netto,,,,51.6339965,15.1246903
234827974,way,supermarket,Lidl,,,Lidl,,,,51.6349284,15.1208285
234868817,way,supermarket,Biedronka,,,Biedronka,,,,50.3192242,22.3473393
234878277,way,supermarket,Biedronka,,,Biedronka,,,,51.6376815,15.136364
234899521,way,supermarket,Biedronka,,,Biedronka,,,,52.5495482,19.6889832
234912699,way,supermarket,Carrefour Market,,,Carrefour Market,,,,51.8026644,15.6955041
234912704,way,supermarket,Intermarché,,,Intermarché,,,,51.8035291,15.7023677
235062017,way,supermarket,Stokrotka,,,Stokrotka,,,,53.1180938,23.2106385
235209443,way,supermarket,Biedronka,,,Biedronka,,,,51.1547885,21.65385
235210471,way,supermarket,Netto,,,Netto,,,,51.1644364,21.6532485
235246450,way,supermarket,Dino,,,Dino,,,,50.1431125,16.6627602
235320538,way,supermarket,Lidl,,,Lidl,,,,52.3966377,16.8704934
235377640,way,supermarket,Lidl,,,Lidl,,,,51.0957392,16.9341898
235490507,way,supermarket,Lidl,,,Lidl,,,,52.3668087,16.9930106
235643646,way,supermarket,Biedronka,,,Biedronka,,,,54.482259,18.43628
235735935,way,supermarket,Netto,,,Netto,,,,52.1311662,21.2238209
235769586,way,supermarket,Netto,,,Netto,,,,53.0340968,18.5855027
235823352,way,supermarket,Biedronka,,,Biedronka,,,,52.3387764,15.2999384
235862495,way,supermarket,Biedronka,,,Biedronka,,,,51.1174127,15.2950073
235885050,way,supermarket,Dino,,,Dino,,,,51.0280943,15.4234701
235939208,way,supermarket,Biedronka,,,Biedronka,,,,51.9675258,21.2150099
236012322,way,supermarket,Biedronka,,,Biedronka,,,,53.1237196,23.216629
236133453,way,supermarket,Biedronka,,,Biedronka,,,,50.8033738,20.4714324
236233493,way,supermarket,Biedronka,,,Biedronka,,,,51.5266826,17.2770781
236463869,way,supermarket,Biedronka,,,Biedronka,,,,53.9381454,21.536642
236527738,way,supermarket,Lidl,,,Lidl,,,,52.2286414,19.3780424
236749272,way,supermarket,Netto,,,Netto,,,,50.092704,18.51692
236904326,way,supermarket,Netto,,,Netto,,,,50.4876859,19.3357322
236904350,way,supermarket,Biedronka,,,Biedronka,,,,50.4874865,19.3410783
236981005,way,supermarket,Stokrotka,,,Stokrotka,,,,51.2096174,17.3788823
236987214,way,supermarket,Biedronka,,,Biedronka,,,,49.7779951,22.7819453
237003060,way,supermarket,Biedronka,,,Biedronka,,,,50.4912638,18.0241007
237005772,way,supermarket,Intermarché,,,Intermarché,,,,51.2113875,17.3950748
237005807,way,supermarket,Dino,,,Dino,,,,51.2137208,17.3992813
237037757,way,supermarket,Biedronka,,,Biedronka,,,,51.2146772,17.4030266
237135441,way,supermarket,Dino,,,Dino,,,,51.3601593,22.1171637
237171847,way,supermarket,Auchan,,,Auchan,,,,52.6413821,19.0714452
237318836,way,supermarket,Lidl,,,Lidl,,,,52.6368466,19.0484754
237327668,way,supermarket,Biedronka,,,Biedronka,,,,53.6630825,17.347456
237331691,way,supermarket,Biedronka,,,Biedronka,,,,50.8646859,16.3201622
237427006,way,supermarket,Dino,,,Dino,,,,52.7969904,16.7378446
237478244,way,supermarket,Biedronka,,,Biedronka,,,,50.712372,16.00389
237478495,way,supermarket,Biedronka,,,Biedronka,,,,54.6033764,18.3003883
237582340,way,supermarket,Lidl,,,Lidl,,,,51.7814087,22.6059564
237595816,way,supermarket,Biedronka,,,Biedronka,,,,50.7628147,16.2795747
237612399,way,supermarket,Dino,,,Dino,,,,52.6481885,19.0804514
237676034,way,supermarket,Dino,,,Dino,,,,50.395702,16.5210771
237723966,way,supermarket,Biedronka,,,Biedronka,,,,53.4129972,18.4527348
237750677,way,supermarket,Kaufland,,,Kaufland,,,,53.4066359,18.4402822
237771769,way,supermarket,Carrefour,,,Carrefour,,,,52.0501665,23.1108765
237885257,way,supermarket,Biedronka,,,Biedronka,,,,52.6482355,19.0598978
237902021,way,supermarket,Biedronka,,,Biedronka,,,,52.4112732,16.9396804
237972477,way,supermarket,Lidl,,,Lidl,,,,52.6435723,19.072912
237986439,way,supermarket,Dino,,,Dino,,,,51.8667842,17.5992658
238005302,way,supermarket,Intermarché,,,Intermarché,,,,50.8624967,16.3086602
238179744,way,supermarket,Biedronka,,,Biedronka,,,,49.7690541,18.6372115
238192256,way,supermarket,Lidl,,,Lidl,,,,52.5507627,19.6771622
238192257,way,supermarket,Netto,,,Netto,,,,52.5510185,19.6761204
238268708,way,supermarket,Biedronka,,,Biedronka,,,,54.4716604,17.0264532
238299266,way,supermarket,Lidl,,,Lidl,,,,52.1337226,21.0515247
238321480,way,supermarket,Biedronka,,,Biedronka,,,,50.8612702,16.3225037
238321481,way,supermarket,Biedronka,,,Biedronka,,,,50.8530779,16.3199526
238331843,way,supermarket,Carrefour,,,Carrefour,,,,51.0586662,19.4567705
238353908,way,supermarket,Biedronka,,,Biedronka,,,,49.5699822,22.1546924
238374359,way,supermarket,Netto,,,Netto,,,,52.8712515,18.781576
238502722,way,supermarket,Lidl,,,Lidl,,,,53.4059376,18.4338513
238645168,way,supermarket,Lidl,,,Lidl,,,,52.7226208,15.250745
238745465,way,supermarket,Biedronka,,,Biedronka,,,,52.5416249,19.7637863
238752715,way,supermarket,Lidl,,,Lidl,,,,50.5753064,19.3297859
238840939,way,supermarket,Dino,,,Dino,,,,52.0762958,16.0508651
238894051,way,supermarket,Intermarché,,,Intermarché,,,,52.8295419,15.8287563
238925972,way,supermarket,Lidl,,,Lidl,,,,50.472036,17.9621135
238942068,way,supermarket,Lidl,,,Lidl,,,,49.8780214,19.2226135
238949354,way,supermarket,Biedronka,,,Biedronka,,,,49.9594995,20.819259
238961324,way,supermarket,Biedronka,,,Biedronka,,,,49.4348872,22.5706865
239000551,way,supermarket,Biedronka,,,Biedronka,,,,51.0417262,16.9683141
239093980,way,supermarket,Dino,,,Dino,,,,51.1924663,15.3974697
239137749,way,supermarket,Netto,,,Netto,,,,51.2298226,20.8623514
239206866,way,supermarket,Lidl,,,Lidl,,,,54.180637,17.495615
239222229,way,supermarket,Biedronka,,,Biedronka,,,,53.4031232,18.4090231
239275489,way,supermarket,Biedronka,,,Biedronka,,,,50.481327,17.978684
239297998,way,supermarket,Biedronka,,,Biedronka,,,,51.831786,16.5366284
239310868,way,supermarket,Netto,,,Netto,,,,53.4584262,17.5438162
239425300,way,supermarket,Biedronka,,,Biedronka,,,,51.8103986,21.9104982
239436451,way,supermarket,Biedronka,,,Biedronka,,,,51.3623375,15.2843344
239473039,way,supermarket,Biedronka,,,Biedronka,,,,51.4750552,15.3865775
239977871,way,supermarket,Carrefour Market,,,Carrefour Market,,,,52.3197173,20.9659775
239989927,way,supermarket,Stokrotka,,,Stokrotka,,,,50.579156,19.3347078
240022210,way,supermarket,Biedronka,,,Biedronka,,,,50.9920497,22.143694
240027584,way,supermarket,Biedronka,,,Biedronka,,,,52.2296107,19.3707821
240037102,way,supermarket,Biedronka,,,Biedronka,,,,50.914147,15.7467163
240051423,way,supermarket,Carrefour,,,Carrefour,,,,52.2319078,19.3666198
240100863,way,supermarket,Biedronka,,,Biedronka,,,,49.7216195,18.9138502
240126363,way,supermarket,Dino,,,Dino,,,,50.7969645,21.2319266
240285320,way,supermarket,Netto,,,Netto,,,,49.8598045,19.3466659
240385174,way,supermarket,Biedronka,,,Biedronka,,,,52.3055036,20.9314252
240596131,way,supermarket,Biedronka,,,Biedronka,,,,51.3778935,20.2822735
240596132,way,supermarket,Carrefour,,,Carrefour,,,,51.3773364,20.2817972
240638875,way,supermarket,Biedronka,,,Biedronka,,,,50.09985,19.263359
240686966,way,supermarket,Lidl,,,Lidl,,,,52.053267,20.4382085
240704533,way,supermarket,Carrefour Market,,,Carrefour Market,,,,52.067393,20.4442175
240816490,way,supermarket,Biedronka,,,Biedronka,,,,49.8940054,21.0490841
240841741,way,supermarket,Biedronka,,,Biedronka,,,,53.4413365,14.5727932
240878013,way,supermarket,Dino,,,Dino,,,,51.1953697,16.7377756
241015069,way,supermarket,Netto,,,Netto,,,,51.3769369,20.2840677
241161604,way,supermarket,Biedronka,,,Biedronka,,,,54.072573,18.457392
241174242,way,supermarket,Lidl,,,Lidl,,,,51.1218071,16.962198
241276249,way,supermarket,Lidl,,,Lidl,,,,49.9758949,20.4331746
241279702,way,supermarket,Biedronka,,,Biedronka,,,,49.9603113,20.424834
241407087,way,supermarket,Lidl,,,Lidl,,,,52.3170502,17.5805704
241437544,way,supermarket,Biedronka,,,Biedronka,,,,52.0488988,23.1063384
241486562,way,supermarket,Netto,,,Netto,,,,49.9741205,18.9427081
242018188,way,supermarket,Biedronka,,,Biedronka,,,,52.4325616,16.832789
242049300,way,supermarket,Stokrotka,,,Stokrotka,,,,54.2021813,16.1898372
242144223,way,supermarket,Biedronka,,,Biedronka,,,,52.6068827,18.9025661
242192594,way,supermarket,Dino,,,Dino,,,,51.7164522,17.728691
242199279,way,supermarket,Netto,,,Netto,,,,49.7233545,18.7941418
242264522,way,supermarket,Biedronka,,,Biedronka,,,,51.1170127,20.8692792
242412413,way,supermarket,Netto,,,Netto,,,,52.6473236,19.0679772
242509042,way,supermarket,Intermarché,,,Intermarché,,,,54.0936091,18.7596063
242624726,way,supermarket,Biedronka,,,Biedronka,,,,52.995553,18.6030957
242633145,way,supermarket,Biedronka,,,Biedronka,,,,52.1816477,20.8871024
242672204,way,supermarket,Biedronka,,,Biedronka,,,,52.6628106,19.0539044
242726177,way,supermarket,Auchan,,,Auchan,,,,49.6043881,20.7266782
242841799,way,supermarket,Biedronka,,,Biedronka,,,,52.6179966,19.026064
243098147,way,supermarket,Lidl,,,Lidl,,,,52.4197336,16.9690638
243245624,way,supermarket,Biedronka,,,Biedronka,,,,52.8764841,18.7881539
243339154,way,supermarket,Dino,,,Dino,,,,51.9495792,21.7560615
243340302,way,supermarket,Biedronka,,,Biedronka,,,,50.0852974,18.0047281
243399519,way,supermarket,Netto,,,Netto,,,,52.5667011,17.8231958
243631269,way,supermarket,Biedronka,,,Biedronka,,,,52.2548949,18.9109341
243725576,way,supermarket,Lidl,,,Lidl,,,,52.4299876,22.8746912
243726487,way,supermarket,Biedronka,,,Biedronka,,,,52.4228245,22.8672228
243726490,way,supermarket,Biedronka,,,Biedronka,,,,52.4284108,22.869817
243727437,way,supermarket,Biedronka,,,Biedronka,,,,52.4363942,22.8545601
243819036,way,supermarket,Biedronka,,,Biedronka,,,,50.0418353,20.2203156
243892042,way,supermarket,Biedronka,,,Biedronka,,,,52.2490516,15.5201799
243907374,way,supermarket,Biedronka,,,Biedronka,,,,49.802007,18.7901558
244056677,way,supermarket,Lidl,,,Lidl,,,,52.416735,16.8902262
244396312,way,supermarket,Biedronka,,,Biedronka,,,,52.0696223,21.0265295
244452296,way,supermarket,Netto,,,Netto,,,,53.9852746,20.3849709
244629921,way,supermarket,Lidl,,,Lidl,,,,52.7762852,23.1849178
244632143,way,supermarket,Kaufland,,,Kaufland,,,,50.8977979,20.6636114
244635918,way,supermarket,Kaufland,,,Kaufland,,,,52.76929,23.1810207
244684742,way,supermarket,E. Leclerc,,,E. Leclerc,,,,51.6519466,17.8250294
244701673,way,supermarket,Biedronka,,,Biedronka,,,,52.0975672,20.9185375
244741897,way,supermarket,Dino,,,Dino,,,,51.2494126,21.067329
244741898,way,supermarket,Biedronka,,,Biedronka,,,,51.2504632,21.0705817
244746811,way,supermarket,Biedronka,,,Biedronka,,,,50.5896313,16.5097559
244823885,way,supermarket,Biedronka,,,Biedronka,,,,52.8784098,15.5293742
244823886,way,supermarket,Biedronka,,,Biedronka,,,,52.87537,15.5287257
244823895,way,supermarket,Intermarché,,,Intermarché,,,,52.8776022,15.5264496
244823901,way,supermarket,Stokrotka,,,Stokrotka,,,,52.8814203,15.5268954
244824276,way,supermarket,Netto,,,Netto,,,,52.8793137,15.5337533
244943738,way,supermarket,Biedronka,,,Biedronka,,,,49.9973818,20.9855156
244989999,way,supermarket,Biedronka,,,Biedronka,,,,51.9008785,21.6061986
245122163,way,supermarket,Netto,,,Netto,,,,53.9171432,19.0371765
245171293,way,supermarket,Lidl,,,Lidl,,,,53.8415916,22.9755095
245283495,way,supermarket,Biedronka,,,Biedronka,,,,50.1870302,19.1040948
245284926,way,supermarket,Biedronka,,,Biedronka,,,,51.6934655,15.7314776
245294427,way,supermarket,Biedronka,,,Biedronka,,,,53.6433658,22.4618922
245297206,way,supermarket,Biedronka,,,Biedronka,,,,52.7357887,23.5851331
245324643,way,supermarket,Lidl,,,Lidl,,,,50.0134294,20.999511
245415572,way,supermarket,Biedronka,,,Biedronka,,,,50.6626605,21.7508112
245503661,way,supermarket,Lidl,,,Lidl,,,,51.7551691,18.0614361
245946384,way,supermarket,Biedronka,,,Biedronka,,,,49.871858,19.6604707
246051061,way,supermarket,Biedronka,,,Biedronka,,,,52.45184,16.9227337
246332004,way,supermarket,Lidl,,,Lidl,,,,50.303378,18.6354099
246607344,way,supermarket,Biedronka,,,Biedronka,,,,50.0132468,19.9677309
246615875,way,supermarket,Biedronka,,,Biedronka,,,,53.1406503,23.109947
247515284,way,supermarket,Lidl,,,Lidl,,,,53.113473,23.132521
248218043,way,supermarket,Biedronka,,,Biedronka,,,,51.6036417,16.8564594
248288848,way,supermarket,Intermarché,,,Intermarché,,,,49.9677841,18.9508431
248289042,way,supermarket,Carrefour,,,Carrefour,,,,49.9691777,18.946146
248801680,way,supermarket,Biedronka,,,Biedronka,,,,51.1745844,16.1704822
248976831,way,supermarket,Biedronka,,,Biedronka,,,,54.2023212,16.1595547
249099048,way,supermarket,Biedronka,,,Biedronka,,,,54.2422377,20.8096492
249207573,way,supermarket,Stokrotka,,,Stokrotka,,,,51.9026824,21.6096749
249294202,way,supermarket,Dino,,,Dino,,,,51.030052,18.4222843
249304941,way,supermarket,Biedronka,,,Biedronka,,,,53.0874446,23.1095555
249443057,way,supermarket,Biedronka,,,Biedronka,,,,52.1985339,20.6981913
249687686,way,supermarket,Lidl,,,Lidl,,,,54.388789,19.8342088
249871579,way,supermarket,Lidl,,,Lidl,,,,49.9786639,19.8329478
249887117,way,supermarket,Biedronka,,,Biedronka,,,,51.71036,18.6221322
249905434,way,supermarket,Biedronka,,,Biedronka,,,,51.2157305,18.5813942
249980569,way,supermarket,Biedronka,,,Biedronka,,,,50.2155026,19.1579432
250034990,way,supermarket,Dino,,,Dino,,,,51.2365114,18.5351609
250058442,way,supermarket,Lidl,,,Lidl,,,,52.8415611,15.8332787
250059503,way,supermarket,Stokrotka,,,Stokrotka,,,,52.8383689,15.8307553
250312293,way,supermarket,Lidl,,,Lidl,,,,52.7978734,18.2695974
250319584,way,supermarket,Biedronka,,,Biedronka,,,,54.5694485,18.3903664
250463977,way,supermarket,Dino,,,Dino,,,,52.8115028,15.8750542
250473557,way,supermarket,Kaufland,,,Kaufland,,,,50.1429481,19.4145581
250491855,way,supermarket,Kaufland,,,Kaufland,,,,52.6559734,19.0619147
250508045,way,supermarket,Biedronka,,,Biedronka,,,,51.5060969,16.0642442
250508046,way,supermarket,Lidl,,,Lidl,,,,51.4973508,16.068376
250516301,way,supermarket,Biedronka,,,Biedronka,,,,50.0184205,21.9761654
250528922,way,supermarket,Netto,,,Netto,,,,51.9431556,15.4793239
250636266,way,supermarket,Kaufland,,,Kaufland,,,,52.0811147,21.0277539
250868787,way,supermarket,Stokrotka,,,Stokrotka,,,,53.5845056,16.5411776
251079844,way,supermarket,Dino,,,Dino,,,,51.1390905,18.5168974
251399710,way,supermarket,Biedronka,,,Biedronka,,,,52.2330956,19.3513418
251706125,way,supermarket,Netto,,,Netto,,,,51.0471933,20.8284326
251819822,way,supermarket,Lidl,,,Lidl,,,,51.0614504,21.0675747
251829298,way,supermarket,Stokrotka Market,,,Stokrotka Market,,,,51.4954101,21.2338614
251859733,way,supermarket,Biedronka,,,Biedronka,,,,51.4041288,19.7207134
251861853,way,supermarket,Biedronka,,,Biedronka,,,,51.2822566,18.7940578
251889797,way,supermarket,Biedronka,,,Biedronka,,,,51.4120246,19.7063051
252071394,way,supermarket,Biedronka,,,Biedronka,,,,51.5276512,20.009115
252134480,way,supermarket,Netto,,,Netto,,,,50.7253161,16.6530824
252178787,way,supermarket,Biedronka,,,Biedronka,,,,52.3316908,20.9461978
252809271,way,supermarket,Lidl,,,Lidl,,,,50.0082305,22.6754131
252809276,way,supermarket,Biedronka,,,Biedronka,,,,50.0198568,22.692454
253052216,way,supermarket,Dino,,,Dino,,,,51.2333153,15.6632154
253085152,way,supermarket,Biedronka,,,Biedronka,,,,53.2713301,18.9519578
253119347,way,supermarket,Biedronka,,,Biedronka,,,,52.0560547,15.1129233
253119351,way,supermarket,Dino,,,Dino,,,,52.0556564,15.1118443
253120296,way,supermarket,Netto,,,Netto,,,,52.0535573,15.115076
253126430,way,supermarket,Biedronka,,,Biedronka,,,,50.0818154,19.8631239
253174828,way,supermarket,Biedronka,,,Biedronka,,,,51.9273101,15.5084118
253227959,way,supermarket,Biedronka,,,Biedronka,,,,50.045698,19.2092625
253622999,way,supermarket,Biedronka,,,Biedronka,,,,49.429866,20.4435265
253718651,way,supermarket,Dino,,,Dino,,,,51.2035999,18.6674019
253832707,way,supermarket,Lidl,,,Lidl,,,,52.2221799,21.2234775
253841287,way,supermarket,Intermarché,,,Intermarché,,,,51.5682755,15.5466785
253841293,way,supermarket,Lidl,,,Lidl,,,,51.563794,15.5485229
253848999,way,supermarket,Biedronka,,,Biedronka,,,,53.0389815,18.600366
253895226,way,supermarket,Lidl,,,Lidl,,,,53.0308531,18.6764845
253895227,way,supermarket,Netto,,,Netto,,,,53.0309427,18.675294
254014270,way,supermarket,Biedronka,,,Biedronka,,,,49.8816978,19.2133442
254070091,way,supermarket,Dino,,,Dino,,,,51.6702411,17.7870621
254099301,way,supermarket,Biedronka,,,Biedronka,,,,51.1102849,15.584382
254148898,way,supermarket,Biedronka,,,Biedronka,,,,52.3359367,20.9634548
254150575,way,supermarket,Dino,,,Dino,,,,51.6562277,17.7916888
254262558,way,supermarket,Biedronka,,,Biedronka,,,,52.2174207,20.8931339
254268634,way,supermarket,Netto,,,Netto,,,,51.7942444,19.592819
254276150,way,supermarket,Dino,,,Dino,,,,52.7545129,15.1133908
254305156,way,supermarket,Biedronka,,,Biedronka,,,,53.6870138,16.9357337
254343506,way,supermarket,Biedronka,,,Biedronka,,,,52.459121,16.8955464
254385974,way,supermarket,Dino,,,Dino,,,,50.6724399,18.9104017
254408502,way,supermarket,Biedronka,,,Biedronka,,,,50.5888748,19.0550151
254430034,way,supermarket,Biedronka,,,Biedronka,,,,50.6346906,18.8467817
254492052,way,supermarket,Biedronka,,,Biedronka,,,,50.3940397,18.6354162
254499074,way,supermarket,Biedronka,,,Biedronka,,,,50.8639274,15.6905348
254501516,way,supermarket,Netto,,,Netto,,,,52.8574447,17.9444329
254503576,way,supermarket,Carrefour Market,,,Carrefour Market,,,,50.6696937,18.6866114
254511595,way,supermarket,Biedronka,,,Biedronka,,,,50.6672203,18.6872562
254511827,way,supermarket,Lidl,,,Lidl,,,,50.6705805,18.6789453
254515053,way,supermarket,Kaufland,,,Kaufland,,,,50.6665823,18.6731273
254538939,way,supermarket,Dino,,,Dino,,,,50.7086383,18.7504569
254576699,way,supermarket,Biedronka,,,Biedronka,,,,53.2393529,20.1740956
254629134,way,supermarket,Biedronka,,,Biedronka,,,,51.6557595,17.782481
254708220,way,supermarket,Biedronka,,,Biedronka,,,,52.8585134,17.9413051
254733222,way,supermarket,Lidl,,,Lidl,,,,54.035721,21.7789596
254765458,way,supermarket,Biedronka,,,Biedronka,,,,54.1812715,16.1842713
254791953,way,supermarket,Netto,,,Netto,,,,50.1360502,19.4002559
254816613,way,supermarket,Biedronka,,,Biedronka,,,,54.1227939,20.5726612
254937777,way,supermarket,Lidl,,,Lidl,,,,54.5339647,17.7551428
255049154,way,supermarket,Dino,,,Dino,,,,52.8557524,15.6631132
255064216,way,supermarket,Dino,,,Dino,,,,51.1909965,21.0325343
255130457,way,supermarket,Biedronka,,,Biedronka,,,,53.1958007,23.2013475
255184737,way,supermarket,Biedronka,,,Biedronka,,,,50.1058831,19.3289747
255221593,way,supermarket,Biedronka,,,Biedronka,,,,50.0196428,22.6588509
255287559,way,supermarket,Lidl,,,Lidl,,,,51.7921162,19.4557507
255289040,way,supermarket,Biedronka,,,Biedronka,,,,53.1668731,18.1647211
255492103,way,supermarket,Lidl,,,Lidl,,,,52.6638769,19.0586716
255512101,way,supermarket,Netto,,,Netto,,,,51.332886,16.6368685
255512102,way,supermarket,Dino,,,Dino,,,,51.336626,16.6384976
255512105,way,supermarket,Biedronka,,,Biedronka,,,,51.3395936,16.6454318
255577458,way,supermarket,Biedronka,,,Biedronka,,,,49.2886463,19.9596779
255618807,way,supermarket,Biedronka,,,Biedronka,,,,49.7294147,19.6725769
255706855,way,supermarket,Lidl,,,Lidl,,,,50.1008374,18.5175639
255729409,way,supermarket,Biedronka,,,Biedronka,,,,54.0389242,21.7753614
255770223,way,supermarket,Intermarché,,,Intermarché,,,,50.1068447,19.3344649
255770671,way,supermarket,Lidl,,,Lidl,,,,50.1080149,19.3360338
255814947,way,supermarket,Biedronka,,,Biedronka,,,,51.0502398,17.058269
255913020,way,supermarket,Lidl,,,Lidl,,,,54.3324066,18.6366258
256088959,way,supermarket,Biedronka,,,Biedronka,,,,50.0923486,19.9611845
256129456,way,supermarket,Kaufland,,,Kaufland,,,,54.0430667,21.7907244
256150539,way,supermarket,Kaufland,,,Kaufland,,,,50.2812011,19.1201314
256216410,way,supermarket,Lidl,,,Lidl,,,,50.1743321,18.8984846
256262436,way,supermarket,Biedronka,,,Biedronka,,,,54.1807597,15.577709
256295008,way,supermarket,Stokrotka,,,Stokrotka,,,,50.8574224,16.4888198
256295627,way,supermarket,Biedronka,,,Biedronka,,,,50.8559906,16.4851653
256315665,way,supermarket,Netto,,,Netto,,,,49.8787413,19.4969018
256331485,way,supermarket,Kaufland,,,Kaufland,,,,52.2790876,21.11584
256336039,way,supermarket,Intermarché,,,Intermarché,,,,54.0458213,21.7832938
256336046,way,supermarket,Biedronka,,,Biedronka,,,,54.0467718,21.7787734
256353266,way,supermarket,Biedronka,,,Biedronka,,,,50.264971,18.7639362
256361593,way,supermarket,Kaufland,,,Kaufland,,,,50.4864145,17.97902
256416339,way,supermarket,Lidl,,,Lidl,,,,54.0763587,18.7923307
256520099,way,supermarket,Biedronka,,,Biedronka,,,,54.0425907,21.7630112
256747761,way,supermarket,Biedronka,,,Biedronka,,,,53.0030981,18.6999245
256761431,way,supermarket,Biedronka,,,Biedronka,,,,51.7839223,19.4607735
256873367,way,supermarket,Biedronka,,,Biedronka,,,,52.2070445,20.2199607
256975436,way,supermarket,Biedronka,,,Biedronka,,,,54.5496545,17.747629
257053581,way,supermarket,E.Leclerc,,,E.Leclerc,,,,50.8525466,16.4752842
257107508,way,supermarket,Lidl,,,Lidl,,,,51.640754,17.8146289
257178890,way,supermarket,Dino,,,Dino,,,,51.655837,17.8173625
257254195,way,supermarket,Netto,,,Netto,,,,53.9191208,19.3471374
257366716,way,supermarket,Biedronka,,,Biedronka,,,,51.3332007,16.6591429
257418379,way,supermarket,Biedronka,,,Biedronka,,,,50.8499105,16.4742703
257483982,way,supermarket,Biedronka,,,Biedronka,,,,49.8827683,19.2286048
257528149,way,supermarket,Netto,,,Netto,,,,50.8488318,16.4879653
257766969,way,supermarket,Biedronka,,,Biedronka,,,,51.6359005,17.8027921
257808396,way,supermarket,Lidl,,,Lidl,,,,50.0544498,21.4128316
257900501,way,supermarket,Biedronka,,,Biedronka,,,,51.3883724,22.1855124
258080835,way,supermarket,Dino,,,Dino,,,,51.521386,20.0190101
258152299,way,supermarket,Biedronka,,,Biedronka,,,,51.8338329,15.7095437
258507499,way,supermarket,Biedronka,,,Biedronka,,,,52.2520935,20.8154547
258510847,way,supermarket,Biedronka,,,Biedronka,,,,51.8000888,15.7042877
258560626,way,supermarket,Lidl,,,Lidl,,,,53.7968694,17.9662979
258561518,way,supermarket,Dino,,,Dino,,,,51.1122673,20.9023938
258601519,way,supermarket,Biedronka,,,Biedronka,,,,54.5746073,18.3825393
258657161,way,supermarket,Kaufland,,,Kaufland,,,,51.8075387,15.6949441
258677102,way,supermarket,Biedronka,,,Biedronka,,,,54.0360947,19.0613096
258694521,way,supermarket,Biedronka,,,Biedronka,,,,53.1509735,23.1124071
258751689,way,supermarket,Dino,,,Dino,,,,52.2420626,19.3589452
258776031,way,supermarket,Dino,,,Dino,,,,51.8376382,15.7110727
258822632,way,supermarket,Biedronka,,,Biedronka,,,,50.2980185,21.4435435
258870213,way,supermarket,Netto,,,Netto,,,,52.0556379,19.2043688
258870367,way,supermarket,Biedronka,,,Biedronka,,,,52.0575568,19.2058776
258901459,way,supermarket,Lidl,,,Lidl,,,,50.3566389,20.034377
258911982,way,supermarket,Netto,,,Netto,,,,50.3555106,20.0431127
258937137,way,supermarket,Biedronka,,,Biedronka,,,,50.2435865,19.16128
259084727,way,supermarket,Netto,,,Netto,,,,53.7989116,17.9747147
259192166,way,supermarket,Biedronka,,,Biedronka,,,,53.0117483,18.578892
259217896,way,supermarket,Biedronka,,,Biedronka,,,,51.4239975,17.9347876
259327663,way,supermarket,Netto,,,Netto,,,,52.0803362,21.0229598
259538837,way,supermarket,Biedronka,,,Biedronka,,,,53.4668299,18.7745408
259757688,way,supermarket,Biedronka,,,Biedronka,,,,51.2954274,18.1611027
259767275,way,supermarket,Netto,,,Netto,,,,51.6708284,16.5359273
259767277,way,supermarket,Biedronka,,,Biedronka,,,,51.6707495,16.5328836
259772918,way,supermarket,Biedronka,,,Biedronka,,,,54.1852456,16.149865
259777581,way,supermarket,Lidl,,,Lidl,,,,50.294484,21.4299203
259998062,way,supermarket,Biedronka,,,Biedronka,,,,51.6132033,16.8671758
260193096,way,supermarket,Netto,,,Netto,,,,53.0162991,18.6073952
260262149,way,supermarket,Dino,,,Dino,,,,52.2339389,19.3738938
260331553,way,supermarket,Lidl,,,Lidl,,,,53.9598761,18.5309123
260333094,way,supermarket,Lidl,,,Lidl,,,,54.2641595,18.6655057
260420988,way,supermarket,Lidl,,,Lidl,,,,54.565782,18.4223717
260497117,way,supermarket,Netto,,,Netto,,,,51.5237179,17.2710969
260735644,way,supermarket,Biedronka,,,Biedronka,,,,50.8680897,16.2979392
260941874,way,supermarket,Lidl,,,Lidl,,,,52.3861155,16.9606735
261133506,way,supermarket,Biedronka,,,Biedronka,,,,54.1042284,23.349523
261192918,way,supermarket,Biedronka,,,Biedronka,,,,52.0836171,15.6249908
261281061,way,supermarket,Biedronka,,,Biedronka,,,,50.78331,19.0982107
261294658,way,supermarket,Dino,,,Dino,,,,52.2185222,19.3705155
261450253,way,supermarket,Biedronka,,,Biedronka,,,,54.5924205,18.3604655
261499557,way,supermarket,Biedronka,,,Biedronka,,,,51.0365329,21.0619494
261513932,way,supermarket,Kaufland,,,Kaufland,,,,54.0337595,19.0312008
261527375,way,supermarket,Biedronka,,,Biedronka,,,,54.0280017,19.0354034
261527379,way,supermarket,Netto,,,Netto,,,,54.0326486,19.0408605
261813874,way,supermarket,Biedronka,,,Biedronka,,,,51.2705167,22.4910213
261815292,way,supermarket,Stokrotka,,,Stokrotka,,,,51.255994,22.4647731
261846690,way,supermarket,Biedronka,,,Biedronka,,,,54.1905161,19.4255519
262127892,way,supermarket,Lidl,,,Lidl,,,,49.5567232,22.2055559
262300691,way,supermarket,Biedronka,,,Biedronka,,,,50.7514902,17.6153754
262385389,way,supermarket,Netto,,,Netto,,,,51.0722939,17.7210999
262386958,way,supermarket,Biedronka,,,Biedronka,,,,51.228319,20.868421
262391063,way,supermarket,Dino,,,Dino,,,,50.6416788,17.6307444
262391297,way,supermarket,Biedronka,,,Biedronka,,,,50.6410173,17.6290219
262391907,way,supermarket,Netto,,,Netto,,,,50.6413444,17.6257059
262406410,way,supermarket,Netto,,,Netto,,,,50.8525761,17.4660313
262558607,way,supermarket,Lidl,,,Lidl,,,,51.8981673,21.6041558
262681164,way,supermarket,Biedronka,,,Biedronka,,,,50.6922792,17.3838622
262731134,way,supermarket,Dino,,,Dino,,,,50.9787417,18.2074332
262731781,way,supermarket,Biedronka,,,Biedronka,,,,50.9728081,18.2033099
262733266,way,supermarket,Lidl,,,Lidl,,,,50.9763969,18.207084
262733296,way,supermarket,Dino,,,Dino,,,,50.9734893,18.1918031
262735212,way,supermarket,Biedronka,,,Biedronka,,,,50.9751203,18.2192411
262735621,way,supermarket,Netto,,,Netto,,,,50.9858805,18.2084597
262748442,way,supermarket,Intermarché,,,Intermarché,,,,54.3916399,19.8347647
262748443,way,supermarket,Netto,,,Netto,,,,54.3869734,19.8331507
262941550,way,supermarket,Biedronka,,,Biedronka,,,,50.8527252,15.5931774
262988782,way,supermarket,Kaufland,,,Kaufland,,,,50.3205971,19.1724477
263022919,way,supermarket,Netto,,,Netto,,,,50.2896505,19.082522
263091169,way,supermarket,Biedronka,,,Biedronka,,,,53.102768,23.1376921
263136209,way,supermarket,Biedronka,,,Biedronka,,,,50.0559245,21.4526666
263223475,way,supermarket,Biedronka,,,Biedronka,,,,54.3844033,19.8266331
263473794,way,supermarket,Dino,,,Dino,,,,50.5648954,18.8841159
263812670,way,supermarket,Biedronka,,,Biedronka,,,,54.378876,19.8205758
264058129,way,supermarket,Lidl,,,Lidl,,,,50.8116952,16.291284
264890792,way,supermarket,Lidl,,,Lidl,,,,50.3223551,18.7716532
264898348,way,supermarket,Biedronka,,,Biedronka,,,,51.6427895,20.9580881
265136107,way,supermarket,Biedronka,,,Biedronka,,,,53.1228039,23.0919348
265228497,way,supermarket,Netto,,,Netto,,,,53.7060787,16.6993858
265361340,way,supermarket,Biedronka,,,Biedronka,,,,52.5151282,16.5840489
265428406,way,supermarket,Dino,,,Dino,,,,51.9623755,16.8221115
265627738,way,supermarket,Stokrotka,,,Stokrotka,,,,53.6967453,16.7052036
265627746,way,supermarket,Netto,,,Netto,,,,53.722751,16.6803421
265627749,way,supermarket,Biedronka,,,Biedronka,,,,53.721204,16.670775
265700005,way,supermarket,Intermarché,,,Intermarché,,,,53.7213441,16.6769331
266077863,way,supermarket,Biedronka,,,Biedronka,,,,53.151565,23.0539675
266138894,way,supermarket,Biedronka,,,Biedronka,,,,51.0744608,19.4465617
266553053,way,supermarket,Kaufland,,,Kaufland,,,,50.7347959,16.6443325
266906695,way,supermarket,Kaufland,,,Kaufland,,,,50.0147104,20.0225293
267007365,way,supermarket,Netto,,,Netto,,,,52.7326624,14.6955009
267236006,way,supermarket,Biedronka,,,Biedronka,,,,53.3410686,15.0022469
267489942,way,supermarket,Biedronka,,,Biedronka,,,,50.0767656,18.6185366
267818977,way,supermarket,Auchan,,,Auchan,,,,50.2200364,18.9696596
268922632,way,supermarket,Biedronka,,,Biedronka,,,,54.2086506,21.7451533
269071710,way,supermarket,Biedronka,,,Biedronka,,,,50.2408971,21.7647166
269306277,way,supermarket,Lidl,,,Lidl,,,,53.7103719,16.6914243
269436178,way,supermarket,Lidl,,,Lidl,,,,53.3620847,20.4174622
269482364,way,supermarket,Biedronka,,,Biedronka,,,,53.363933,20.4129138
269791523,way,supermarket,Biedronka,,,Biedronka,,,,53.1794507,22.0767062
269796147,way,supermarket,Biedronka,,,Biedronka,,,,50.1434311,21.9699761
269945806,way,supermarket,Biedronka,,,Biedronka,,,,52.1886072,20.899032
270299525,way,supermarket,Lidl,,,Lidl,,,,54.5759444,16.8519681
270299841,way,supermarket,Biedronka,,,Biedronka,,,,54.5722843,16.8506014
270428489,way,supermarket,Lidl,,,Lidl,,,,52.9869925,22.246214
270805639,way,supermarket,Biedronka,,,Biedronka,,,,51.1152182,15.909536
270819184,way,supermarket,Netto,,,Netto,,,,51.1263544,15.9209899
270898136,way,supermarket,Stokrotka,,,Stokrotka,,,,50.643,20.2868689
271142586,way,supermarket,Biedronka,,,Biedronka,,,,54.5826601,16.8677658
271253914,way,supermarket,Dino,,,Dino,,,,51.722421,19.442858
271360626,way,supermarket,Biedronka,,,Biedronka,,,,49.8221518,19.0823546
271644075,way,supermarket,Biedronka,,,Biedronka,,,,50.6929137,16.6290063
271793413,way,supermarket,Netto,,,Netto,,,,53.0784724,18.2215268
271987258,way,supermarket,Auchan,,,Auchan,,,,50.7616218,19.0615039
272111994,way,supermarket,Dino,,,Dino,,,,50.5752452,18.0921905
272626067,way,supermarket,Biedronka,,,Biedronka,,,,50.3558288,20.0208211
272742511,way,supermarket,Dino,,,Dino,,,,51.6052806,18.9321213
272746453,way,supermarket,Biedronka,,,Biedronka,,,,54.2454605,22.0374416
272819803,way,supermarket,Netto,,,Netto,,,,49.7393133,19.586391
272828345,way,supermarket,Biedronka,,,Biedronka,,,,49.7415191,19.5948933
272837122,way,supermarket,Biedronka,,,Biedronka,,,,54.35336,18.4968465
272837123,way,supermarket,Netto,,,Netto,,,,54.3505135,18.513262
273414573,way,supermarket,Biedronka,,,Biedronka,,,,53.0972476,21.6072724
273581663,way,supermarket,Biedronka,,,Biedronka,,,,50.242873,19.1238734
273652602,way,supermarket,Biedronka,,,Biedronka,,,,50.7224283,16.3477965
273700775,way,supermarket,Biedronka,,,Biedronka,,,,52.377492,16.8721169
273730241,way,supermarket,Lidl,,,Lidl,,,,54.3471767,18.6701701
273852170,way,supermarket,Biedronka,,,Biedronka,,,,50.0596716,21.6030607
273993958,way,supermarket,Biedronka,,,Biedronka,,,,51.9558279,20.1541773
274014205,way,supermarket,Biedronka,,,Biedronka,,,,51.9565849,20.1471904
274347159,way,supermarket,Biedronka,,,Biedronka,,,,52.4033076,22.02246
275048144,way,supermarket,Stokrotka,,,Stokrotka,,,,52.8043758,21.8991538
275053896,way,supermarket,Biedronka,,,Biedronka,,,,52.7977391,21.8872747
275053897,way,supermarket,Lidl,,,Lidl,,,,52.797246,21.8852529
275447474,way,supermarket,Stokrotka,,,Stokrotka,,,,54.2061193,16.1944065
275447490,way,supermarket,Biedronka,,,Biedronka,,,,54.2293782,16.2945063
275558163,way,supermarket,Intermarché Super,,,Intermarché Super,,,,50.5430309,16.5544423
275733450,way,supermarket,Biedronka,,,Biedronka,,,,53.1782924,22.0620845
275855147,way,supermarket,Biedronka,,,Biedronka,,,,53.0282036,18.6066867
276274494,way,supermarket,Netto,,,Netto,,,,52.4481301,15.577235
276475840,way,supermarket,Kaufland,,,Kaufland,,,,51.7362404,19.480383
276709713,way,supermarket,Biedronka,,,Biedronka,,,,50.3281549,18.929414
276773455,way,supermarket,Biedronka,,,Biedronka,,,,53.8352659,22.3405969
277007376,way,supermarket,Intermarché,,,Intermarché,,,,52.0762626,15.6140664
277291917,way,supermarket,Biedronka,,,Biedronka,,,,53.1680238,22.0849534
277431080,way,supermarket,Biedronka,,,Biedronka,,,,50.1207787,18.8150903
277621231,way,supermarket,Stokrotka,,,Stokrotka,,,,50.4271618,21.2828852
277641968,way,supermarket,Biedronka,,,Biedronka,,,,54.6129165,18.1768751
277822649,way,supermarket,Netto,,,Netto,,,,52.9891396,16.9082813
277830529,way,supermarket,Lidl,,,Lidl,,,,52.9874923,16.9192215
278009539,way,supermarket,Intermarché,,,Intermarché,,,,51.0355178,17.3398466
278609497,way,supermarket,Netto,,,Netto,,,,51.0665083,17.1890743
278833709,way,supermarket,Netto,,,Netto,,,,51.3172792,17.0630391
278916865,way,supermarket,Dino,,,Dino,,,,51.4254303,15.8898371
278951678,way,supermarket,Netto,,,Netto,,,,52.2223608,16.3722893
278963196,way,supermarket,Biedronka,,,Biedronka,,,,50.7679739,16.2845416
279111633,way,supermarket,Lidl,,,Lidl,,,,54.0291787,22.502462
279314230,way,supermarket,Biedronka,,,Biedronka,,,,50.0492676,18.382941
279385608,way,supermarket,Netto,,,Netto,,,,51.3011618,17.0591299
279611059,way,supermarket,Intermarché,,,Intermarché,,,,52.2545461,15.9145635
279947633,way,supermarket,Biedronka,,,Biedronka,,,,50.1492947,23.1088606
280025879,way,supermarket,Biedronka,,,Biedronka,,,,52.2531242,15.9203068
280115599,way,supermarket,Stokrotka,,,Stokrotka,,,,51.743846,19.3881315
280261991,way,supermarket,Dino,,,Dino,,,,52.44305,17.7632823
280266299,way,supermarket,Biedronka,,,Biedronka,,,,52.5978089,21.4437621
280477931,way,supermarket,Biedronka,,,Biedronka,,,,53.1489159,23.0784085
280503378,way,supermarket,Biedronka,,,Biedronka,,,,53.1591068,23.11526
280613537,way,supermarket,Biedronka,,,Biedronka,,,,52.2126016,22.7075839
280614742,way,supermarket,Biedronka,,,Biedronka,,,,50.5331283,22.7089473
280614743,way,supermarket,Lidl,,,Lidl,,,,50.5331195,22.7114638
280926037,way,supermarket,Biedronka,,,Biedronka,,,,53.0978274,23.2297453
281195610,way,supermarket,Biedronka,,,Biedronka,,,,52.4779351,17.2790008
281246300,way,supermarket,Biedronka,,,Biedronka,,,,49.8147781,18.9204629
281271565,way,supermarket,Lidl,,,Lidl,,,,53.4553145,14.5456637
281283106,way,supermarket,Biedronka,,,Biedronka,,,,53.4579083,14.5447273
281283108,way,supermarket,Biedronka,,,Biedronka,,,,53.4473236,14.5744508
281327343,way,supermarket,Dino,,,Dino,,,,52.257127,15.9049601
281478300,way,supermarket,Dino,,,Dino,,,,50.8749155,15.8062853
281556341,way,supermarket,Biedronka,,,Biedronka,,,,51.817048,19.4409196
282071094,way,supermarket,Biedronka,,,Biedronka,,,,50.5244967,22.7116239
282345265,way,supermarket,Stokrotka,,,Stokrotka,,,,50.5434241,22.7277153
282368543,way,supermarket,Biedronka,,,Biedronka,,,,50.1247705,18.5246333
282501841,way,supermarket,Lidl,,,Lidl,,,,51.9653126,20.1548535
282855334,way,supermarket,Netto,,,Netto,,,,50.5742843,19.3307203
282875344,way,supermarket,Biedronka,,,Biedronka,,,,50.1198344,20.8913661
282991073,way,supermarket,Biedronka,,,Biedronka,,,,51.6461415,17.8563324
283099582,way,supermarket,Biedronka,,,Biedronka,,,,52.7373966,14.6956719
283099583,way,supermarket,Biedronka,,,Biedronka,,,,52.7407334,14.7092222
283131672,way,supermarket,Biedronka,,,Biedronka,,,,54.4916245,18.5086655
283208336,way,supermarket,Biedronka,,,Biedronka,,,,51.0277598,15.2634397
283424554,way,supermarket,Dino,,,Dino,,,,51.8112442,19.3400639
283590098,way,supermarket,Dino,,,Dino,,,,53.845722,19.6134489
284222661,way,supermarket,Biedronka,,,Biedronka,,,,53.1136682,17.9850219
284339307,way,supermarket,Dino,,,Dino,,,,50.1849542,18.7599495
284592686,way,supermarket,Biedronka,,,Biedronka,,,,52.4196847,20.7395132
284635011,way,supermarket,Biedronka,,,Biedronka,,,,52.7747712,23.1920574
284689880,way,supermarket,Biedronka,,,Biedronka,,,,50.4650413,19.6555356
284842320,way,supermarket,Kaufland,,,Kaufland,,,,52.2423838,21.1607273
285113029,way,supermarket,Biedronka,,,Biedronka,,,,52.3471526,14.8311704
285209756,way,supermarket,Biedronka,,,Biedronka,,,,52.3671194,15.8785334
285540908,way,supermarket,Biedronka,,,Biedronka,,,,50.3399317,18.1385042
285540916,way,supermarket,Lidl,,,Lidl,,,,50.3398003,18.1405068
285624685,way,supermarket,Lidl,,,Lidl,,,,52.7020471,21.0867606
285826437,way,supermarket,Biedronka,,,Biedronka,,,,51.1012967,17.1588059
285978089,way,supermarket,Biedronka,,,Biedronka,,,,51.2668353,18.448313
286295322,way,supermarket,Biedronka,,,Biedronka,,,,50.0399646,18.3973924
286374351,way,supermarket,Dino,,,Dino,,,,51.2648588,18.4557657
286467781,way,supermarket,Netto,,,Netto,,,,49.7330081,19.6585892
286608714,way,supermarket,Biedronka,,,Biedronka,,,,51.1573344,15.0183889
286809551,way,supermarket,Biedronka,,,Biedronka,,,,54.2503852,20.8140654
286809554,way,supermarket,Stokrotka,,,Stokrotka,,,,54.2505925,20.8127519
286880322,way,supermarket,Stokrotka,,,Stokrotka,,,,53.5896393,19.568214
287465017,way,supermarket,Netto,,,Netto,,,,51.5900483,19.1303832
287592398,way,supermarket,Dino,,,Dino,,,,51.7734732,16.9766331
287677795,way,supermarket,Biedronka,,,Biedronka,,,,50.096769,19.964647
287781017,way,supermarket,Biedronka,,,Biedronka,,,,50.087737,20.006517
287870861,way,supermarket,Biedronka,,,Biedronka,,,,50.0396942,19.9913429
287870862,way,supermarket,Lidl,,,Lidl,,,,50.0394114,19.9959567
287909503,way,supermarket,Netto,,,Netto,,,,52.7838138,18.2386225
287956334,way,supermarket,Lidl,,,Lidl,,,,52.1664821,22.2963271
288068438,way,supermarket,Kaufland,,,Kaufland,,,,51.9066126,21.6053195
288182116,way,supermarket,Biedronka,,,Biedronka,,,,50.7795108,18.9637744
288243584,way,supermarket,Dino,,,Dino,,,,52.6441051,19.0398669
288382015,way,supermarket,Kaufland,,,Kaufland,,,,49.8353131,19.9511938
288915309,way,supermarket,Biedronka,,,Biedronka,,,,50.5780151,21.6855177
288935501,way,supermarket,Biedronka,,,Biedronka,,,,52.228766,21.0025171
288962154,way,supermarket,Biedronka,,,Biedronka,,,,50.6642182,16.1889804
289064621,way,supermarket,Carrefour Market,,,Carrefour Market,,,,49.7188587,18.808233
289550769,way,supermarket,Biedronka,,,Biedronka,,,,53.7331675,20.4917028
289940924,way,supermarket,Dino,,,Dino,,,,50.2878772,18.7283672
289942952,way,supermarket,Stokrotka Market,,,Stokrotka Market,,,,51.5578821,22.5084187
290149990,way,supermarket,Dino,,,Dino,,,,52.3137709,15.0790899
290333724,way,supermarket,Biedronka,,,Biedronka,,,,54.1144652,17.9512737
290375649,way,supermarket,Biedronka,,,Biedronka,,,,50.9473405,21.4050482
290387476,way,supermarket,Netto,,,Netto,,,,50.4884701,19.4164086
290397906,way,supermarket,Biedronka,,,Biedronka,,,,53.1580941,22.0780367
290763297,way,supermarket,Biedronka,,,Biedronka,,,,49.5896941,20.725629
290819526,way,supermarket,Lidl,,,Lidl,,,,51.1386213,23.488318
290920866,way,supermarket,Biedronka,,,Biedronka,,,,51.2262083,22.4792085
291349391,way,supermarket,Biedronka,,,Biedronka,,,,50.5873607,22.0486519
291375941,way,supermarket,Biedronka,,,Biedronka,,,,50.0127332,19.0979363
291384230,way,supermarket,Biedronka,,,Biedronka,,,,51.5618905,21.8649255
291386569,way,supermarket,Lidl,,,Lidl,,,,51.5617113,21.8437751
291396128,way,supermarket,Kaufland,,,Kaufland,,,,52.1729347,21.563156
291467952,way,supermarket,Biedronka,,,Biedronka,,,,53.7241415,18.9361985
291725365,way,supermarket,Biedronka,,,Biedronka,,,,53.3823331,18.9402916
291741456,way,supermarket,Dino,,,Dino,,,,50.8738974,15.9206134
291982045,way,supermarket,Netto,,,Netto,,,,52.0735925,23.6144826
292019368,way,supermarket,Biedronka,,,Biedronka,,,,52.6701819,19.037968
292019601,way,supermarket,Biedronka,,,Biedronka,,,,52.6619411,19.0421644
292210858,way,supermarket,Biedronka,,,Biedronka,,,,50.8175792,19.1058752
292400299,way,supermarket,Biedronka,,,Biedronka,,,,52.589562,21.4315294
292401871,way,supermarket,Kaufland,,,Kaufland,,,,52.5982898,21.4399327
292453448,way,supermarket,Biedronka,,,Biedronka,,,,49.955562,18.3765086
292474136,way,supermarket,Lidl,,,Lidl,,,,54.4606807,17.0283673
292485595,way,supermarket,Lidl,,,Lidl,,,,54.4642545,17.0465571
292485596,way,supermarket,Netto,,,Netto,,,,54.4661848,17.0401164
292485780,way,supermarket,Biedronka,,,Biedronka,,,,54.4649117,17.0461421
292557933,way,supermarket,Biedronka,,,Biedronka,,,,50.2477705,21.7825228
292624063,way,supermarket,Biedronka,,,Biedronka,,,,50.106008,18.9726109
292629973,way,supermarket,Lidl,,,Lidl,,,,50.1146475,18.9779708
292899158,way,supermarket,Biedronka,,,Biedronka,,,,51.775548,16.9850765
292930939,way,supermarket,Dino,,,Dino,,,,51.5730695,17.6714348
292986093,way,supermarket,Intermarché,,,Intermarché,,,,50.0469518,18.4867443
293229298,way,supermarket,Stokrotka,,,Stokrotka,,,,54.4618696,16.9904405
293232678,way,supermarket,Dino,,,Dino,,,,51.8068905,16.3280299
293233106,way,supermarket,Lidl,,,Lidl,,,,51.8050892,16.3276323
293277179,way,supermarket,Stokrotka,,,Stokrotka,,,,54.1998288,16.1848625
293282904,way,supermarket,Biedronka,,,Biedronka,,,,54.3658465,18.562682
293283236,way,supermarket,Biedronka,,,Biedronka,,,,54.3410763,18.6599415
293403411,way,supermarket,Biedronka,,,Biedronka,,,,50.1147364,18.9768226
293455046,way,supermarket,Biedronka,,,Biedronka,,,,50.8338739,15.6826435
293580571,way,supermarket,Biedronka,,,Biedronka,,,,49.9490864,22.8223857
293592723,way,supermarket,Biedronka,,,Biedronka,,,,53.8995949,14.233903
293602752,way,supermarket,Intermarché,,,Intermarché,,,,52.0948448,17.0264831
293664228,way,supermarket,Biedronka,,,Biedronka,,,,53.7567313,17.1139174
293770087,way,supermarket,Biedronka,,,Biedronka,,,,50.019016,19.9272688
293959745,way,supermarket,Netto,,,Netto,,,,53.2740898,18.9479898
294011401,way,supermarket,Netto,,,Netto,,,,54.6058345,18.2267462
294256619,way,supermarket,Biedronka,,,Biedronka,,,,52.4336187,21.4437013
294263352,way,supermarket,Biedronka,,,Biedronka,,,,50.9109669,15.8287296
294344286,way,supermarket,Biedronka,,,Biedronka,,,,52.6932183,22.0497349
294394110,way,supermarket,Biedronka,,,Biedronka,,,,54.4458432,17.0049025
294394264,way,supermarket,Biedronka,,,Biedronka,,,,54.7069711,18.6534094
294759004,way,supermarket,Lidl,,,Lidl,,,,51.1336053,17.0611221
294869461,way,supermarket,Dino,,,Dino,,,,52.8596065,22.7169619
295025700,way,supermarket,Biedronka,,,Biedronka,,,,51.7389277,19.5019902
295212178,way,supermarket,Biedronka,,,Biedronka,,,,52.3026121,21.0894568
295236866,way,supermarket,Biedronka,,,Biedronka,,,,51.1285877,17.5381796
295297796,way,supermarket,Netto,,,Netto,,,,52.3981452,17.2086737
295297798,way,supermarket,Netto,,,Netto,,,,52.394238,17.2244111
295413536,way,supermarket,Biedronka,,,Biedronka,,,,53.1121458,20.3733603
295413538,way,supermarket,Lidl,,,Lidl,,,,53.1130302,20.3736042
296464491,way,supermarket,Stokrotka,,,Stokrotka,,,,52.6910963,22.0497164
296573027,way,supermarket,Dino,,,Dino,,,,52.0440571,17.7662936
296707577,way,supermarket,Biedronka,,,Biedronka,,,,53.2632004,19.4013331
296868801,way,supermarket,Biedronka,,,Biedronka,,,,50.5991954,17.6474052
296985867,way,supermarket,Dino,,,Dino,,,,51.1465318,18.6090818
297061091,way,supermarket,Biedronka,,,Biedronka,,,,53.8063167,20.3984108
297340664,way,supermarket,Netto,,,Netto,,,,52.0834697,15.6207914
297348714,way,supermarket,Biedronka,,,Biedronka,,,,54.402202,18.6321931
297569352,way,supermarket,Dino,,,Dino,,,,50.4598244,17.3452541
297641270,way,supermarket,Lidl,,,Lidl,,,,53.1488785,17.9136741
297685281,way,supermarket,Biedronka,,,Biedronka,,,,53.1518716,17.9073959
297696678,way,supermarket,Biedronka,,,Biedronka,,,,51.4069573,21.1187967
297697299,way,supermarket,Biedronka,,,Biedronka,,,,52.3749052,20.9244295
297760525,way,supermarket,Biedronka,,,Biedronka,,,,53.2979186,23.2776364
297768133,way,supermarket,Biedronka,,,Biedronka,,,,49.5781806,21.859916
297917694,way,supermarket,Biedronka,,,Biedronka,,,,53.2527051,19.4011091
297965236,way,supermarket,Biedronka,,,Biedronka,,,,53.2597273,19.3889449
298000830,way,supermarket,Biedronka,,,Biedronka,,,,52.2002088,21.1209693
298071898,way,supermarket,Biedronka,,,Biedronka,,,,53.1369144,17.9573688
298340668,way,supermarket,Stokrotka,,,Stokrotka,,,,53.9091561,14.2477719
298386243,way,supermarket,Lidl,,,Lidl,,,,53.9114524,14.2324149
298386340,way,supermarket,Kaufland,,,Kaufland,,,,53.9073619,14.237079
298422869,way,supermarket,Netto,,,Netto,,,,53.1481359,17.9208138
298476407,way,supermarket,Lidl,,,Lidl,,,,53.2522376,19.4129712
298526187,way,supermarket,Biedronka,,,Biedronka,,,,49.4403916,19.8612087
298531229,way,supermarket,Lidl,,,Lidl,,,,53.0772115,18.2231031
298531680,way,supermarket,Lidl,,,Lidl,,,,52.2077316,18.252811
298532310,way,supermarket,Biedronka,,,Biedronka,,,,52.2068455,18.2636111
298580941,way,supermarket,Biedronka,,,Biedronka,,,,52.532145,19.6835793
298680382,way,supermarket,Biedronka,,,Biedronka,,,,50.0383689,18.7009531
298693747,way,supermarket,Intermarché,,,Intermarché,,,,53.8231645,22.361148
298749451,way,supermarket,Biedronka,,,Biedronka,,,,50.0290728,22.0410803
298757469,way,supermarket,Biedronka,,,Biedronka,,,,50.2368163,22.1247243
298757775,way,supermarket,Stokrotka,,,Stokrotka,,,,51.1921425,22.066753
298795704,way,supermarket,Biedronka,,,Biedronka,,,,51.050387,21.0619523
298992224,way,supermarket,Biedronka,,,Biedronka,,,,52.5439549,19.7200712
299015159,way,supermarket,Kaufland,,,Kaufland,,,,52.2053415,18.6264002
299017203,way,supermarket,Biedronka,,,Biedronka,,,,54.1536085,19.389805
299026985,way,supermarket,Biedronka,,,Biedronka,,,,54.4154297,16.4114542
299059116,way,supermarket,Biedronka,,,Biedronka,,,,52.3959631,22.0194085
299135345,way,supermarket,Kaufland,,,Kaufland,,,,51.1187211,23.4765729
299137107,way,supermarket,Carrefour,,,Carrefour,,,,51.123858,23.4689083
299141032,way,supermarket,Netto,,,Netto,,,,51.5769961,17.6726946
299143379,way,supermarket,Biedronka,,,Biedronka,,,,52.3118841,17.8153855
299182071,way,supermarket,Dino,,,Dino,,,,51.6578468,16.1087531
299209844,way,supermarket,Netto,,,Netto,,,,49.849028,19.0497343
299209851,way,supermarket,Biedronka,,,Biedronka,,,,49.8536264,19.0451824
299357535,way,supermarket,Kaufland,,,Kaufland,,,,51.6504542,17.8067996
299370506,way,supermarket,Biedronka,,,Biedronka,,,,52.5879556,14.646324
299542510,way,supermarket,Biedronka,,,Biedronka,,,,50.0619445,21.3991268
299564477,way,supermarket,Biedronka,,,Biedronka,,,,50.5093957,18.3072102
299665420,way,supermarket,Biedronka,,,Biedronka,,,,51.7398095,19.5697451
299677181,way,supermarket,Netto,,,Netto,,,,53.1478999,16.7188946
299745390,way,supermarket,Biedronka,,,Biedronka,,,,52.6927434,21.0824105
299860324,way,supermarket,Biedronka,,,Biedronka,,,,51.1112794,15.5753832
299867867,way,supermarket,Lidl,,,Lidl,,,,50.3362373,18.6428386
300119971,way,supermarket,Biedronka,,,Biedronka,,,,50.8170603,19.1282486
300174948,way,supermarket,Dino,,,Dino,,,,50.8213018,16.2809363
300190797,way,supermarket,Netto,,,Netto,,,,54.2789444,18.5935471
300211010,way,supermarket,Biedronka,,,Biedronka,,,,52.2369675,20.9119866
300243414,way,supermarket,Auchan,,,Auchan,,,,52.1963164,20.8665435
300330527,way,supermarket,Biedronka,,,Biedronka,,,,52.0285818,23.137845
300427511,way,supermarket,Auchan,,,Auchan,,,,49.7002879,20.4161623
300468247,way,supermarket,Biedronka,,,Biedronka,,,,52.1275683,19.0106554
300548571,way,supermarket,Lidl,,,Lidl,,,,50.7235644,23.2473221
300608157,way,supermarket,Lidl,,,Lidl,,,,52.3934084,22.0147411
300614873,way,supermarket,Biedronka,,,Biedronka,,,,53.038709,23.6022409
300692001,way,supermarket,Netto,,,Netto,,,,50.389523,18.9513175
300765025,way,supermarket,Netto,,,Netto,,,,51.6526643,16.1040157
300785889,way,supermarket,Lidl,,,Lidl,,,,54.1719238,15.5597336
300825694,way,supermarket,Netto,,,Netto,,,,53.1100236,20.3723541
300845422,way,supermarket,Intermarché,,,Intermarché,,,,50.3934457,18.9634244
300852553,way,supermarket,Biedronka,,,Biedronka,,,,50.5808545,16.4971835
300922949,way,supermarket,Stokrotka,,,Stokrotka,,,,51.1214617,23.4820747
300931576,way,supermarket,Biedronka,,,Biedronka,,,,51.1274147,23.4829361
300946646,way,supermarket,Biedronka,,,Biedronka,,,,51.1257987,23.4817175
300956224,way,supermarket,Biedronka,,,Biedronka,,,,53.1227437,20.3692328
301005213,way,supermarket,Lidl,,,Lidl,,,,51.1206649,23.4675836
301015789,way,supermarket,Biedronka,,,Biedronka,,,,51.4577607,22.6087854
301048060,way,supermarket,Biedronka,,,Biedronka,,,,51.1310661,23.4645126
301173443,way,supermarket,Stokrotka,,,Stokrotka,,,,50.0060233,19.8972031
301210129,way,supermarket,Dino,,,Dino,,,,52.2412153,15.8157491
301279563,way,supermarket,Biedronka,,,Biedronka,,,,51.2793872,22.6598605
301331464,way,supermarket,Biedronka,,,Biedronka,,,,53.1072932,20.3800792
301348245,way,supermarket,Biedronka,,,Biedronka,,,,51.6104459,19.926567
301367292,way,supermarket,Biedronka,,,Biedronka,,,,50.2890034,18.6388252
301399850,way,supermarket,Kaufland,,,Kaufland,,,,53.1208325,20.36359
301476482,way,supermarket,Dino,,,Dino,,,,51.3405161,18.2516534
301608921,way,supermarket,Dino,,,Dino,,,,51.7383621,18.2078987
301614986,way,supermarket,Netto,,,Netto,,,,54.5407534,17.7517596
301727803,way,supermarket,Biedronka,,,Biedronka,,,,51.1404082,23.4931431
301768661,way,supermarket,Stokrotka,,,Stokrotka,,,,50.8034232,23.8999741
301810341,way,supermarket,Netto,,,Netto,,,,53.361588,17.0456136
301947130,way,supermarket,Dino,,,Dino,,,,50.5798022,16.4975602
301947723,way,supermarket,Dino,,,Dino,,,,50.8768224,18.412133
301989929,way,supermarket,Kaufland,,,Kaufland,,,,50.5736165,19.3177529
302201111,way,supermarket,Biedronka,,,Biedronka,,,,52.108462,20.995589
302223386,way,supermarket,Intermarché,,,Intermarché,,,,50.2469778,21.7666197
302237037,way,supermarket,Intermarché,,,Intermarché,,,,52.5927401,15.4937466
302340424,way,supermarket,Kaufland,,,Kaufland,,,,51.6166686,15.3134114
302487885,way,supermarket,Biedronka,,,Biedronka,,,,51.7094745,19.4392748
302712994,way,supermarket,Lidl,,,Lidl,,,,50.2592171,19.036983
302718762,way,supermarket,Biedronka,,,Biedronka,,,,53.4255831,14.4860454
302745129,way,supermarket,Biedronka,,,Biedronka,,,,50.8095301,19.1191211
302763232,way,supermarket,Biedronka,,,Biedronka,,,,50.5772939,19.3404251
302776261,way,supermarket,Biedronka,,,Biedronka,,,,51.1745462,17.181722
302831232,way,supermarket,Netto,,,Netto,,,,50.1535426,18.8436578
302885935,way,supermarket,Biedronka,,,Biedronka,,,,52.0588949,15.0839557
302942282,way,supermarket,Netto,,,Netto,,,,54.536586,17.7421877
302942825,way,supermarket,Biedronka,,,Biedronka,,,,54.5329745,17.7440645
302961068,way,supermarket,Biedronka,,,Biedronka,,,,54.5435068,17.7516614
303244415,way,supermarket,Lidl,,,Lidl,,,,53.551991,14.5437165
303305165,way,supermarket,Biedronka,,,Biedronka,,,,51.1303291,23.4745881
303469980,way,supermarket,Biedronka,,,Biedronka,,,,51.4109111,16.4203724
303590518,way,supermarket,Lidl,,,Lidl,,,,53.1438787,18.0204943
303691138,way,supermarket,Netto,,,Netto,,,,51.8785765,16.995861
303834769,way,supermarket,Carrefour,,,Carrefour,,,,50.1407037,19.1262946
303834770,way,supermarket,Netto,,,Netto,,,,50.1393391,19.1212225
303894874,way,supermarket,Dino,,,Dino,,,,51.9751124,17.5078547
304158418,way,supermarket,Biedronka,,,Biedronka,,,,51.4933919,22.8479885
304291927,way,supermarket,Biedronka,,,Biedronka,,,,54.3373081,18.5711996
304432101,way,supermarket,Stokrotka,,,Stokrotka,,,,50.2822024,18.6564239
304482729,way,supermarket,Biedronka,,,Biedronka,,,,50.7838943,16.045857
304656911,way,supermarket,Lidl,,,Lidl,,,,50.0623044,18.4138523
304680123,way,supermarket,Biedronka,,,Biedronka,,,,50.008879,22.70586
304764006,way,supermarket,Lidl,,,Lidl,,,,50.801829,19.1164197
304799144,way,supermarket,Netto,,,Netto,,,,53.1638452,16.7608264
304860740,way,supermarket,Stokrotka,,,Stokrotka,,,,51.7473126,19.4675361
304914033,way,supermarket,Lidl,,,Lidl,,,,53.1538444,16.7555895
304968659,way,supermarket,Lidl,,,Lidl,,,,53.1220369,23.2113268
305119822,way,supermarket,Netto,,,Netto,,,,50.0453809,18.4849043
305181318,way,supermarket,Biedronka,,,Biedronka,,,,51.4321862,17.9209559
305230558,way,supermarket,Biedronka,,,Biedronka,,,,50.2767798,18.9561985
305338572,way,supermarket,Netto,,,Netto,,,,51.882252,17.0133776
305565960,way,supermarket,Stokrotka,,,Stokrotka,,,,51.1891094,22.0655968
305720693,way,supermarket,Dino,,,Dino,,,,54.0504155,15.6527756
305766768,way,supermarket,Dino,,,Dino,,,,51.2483247,15.2224671
305798130,way,supermarket,Biedronka,,,Biedronka,,,,51.2488823,15.0430388
305862295,way,supermarket,Stokrotka,,,Stokrotka,,,,50.8107175,16.2864435
305909545,way,supermarket,Dino,,,Dino,,,,50.8965075,15.7177879
305921816,way,supermarket,Kaufland,,,Kaufland,,,,53.0748603,21.5783123
305922664,way,supermarket,Dino,,,Dino,,,,51.4668398,16.6094335
305972770,way,supermarket,Biedronka,,,Biedronka,,,,50.0532937,21.6186014
306053696,way,supermarket,Dino,,,Dino,,,,51.2980643,18.1430156
306295815,way,supermarket,Dino,,,Dino,,,,51.4146779,16.4178139
306309137,way,supermarket,Lidl,,,Lidl,,,,54.1872113,19.4233446
306309449,way,supermarket,Stokrotka,,,Stokrotka,,,,54.1868515,19.4204906
306372249,way,supermarket,Biedronka,,,Biedronka,,,,51.1178223,16.9452786
306376296,way,supermarket,Intermarché,,,Intermarché,,,,53.7324105,20.4907771
306493670,way,supermarket,Stokrotka,,,Stokrotka,,,,50.847977,16.1924835
306754822,way,supermarket,Dino,,,Dino,,,,53.5430312,14.4666656
306954652,way,supermarket,Dino,,,Dino,,,,51.1319616,16.5682032
307125938,way,supermarket,Biedronka,,,Biedronka,,,,53.2017247,23.2076716
307440867,way,supermarket,Biedronka,,,Biedronka,,,,50.024051,19.906396
307801789,way,supermarket,Biedronka,,,Biedronka,,,,52.31782,21.051903
308618688,way,supermarket,Biedronka,,,Biedronka,,,,53.6081943,19.2657796
308870078,way,supermarket,Biedronka,,,Biedronka,,,,51.7486634,15.5975472
308921277,way,supermarket,Lidl,,,Lidl,,,,51.656666,17.7997337
309125278,way,supermarket,Biedronka,,,Biedronka,,,,52.6245094,20.3873071
309172858,way,supermarket,Dino,,,Dino,,,,51.5805576,18.7437976
309300669,way,supermarket,Lidl,,,Lidl,,,,52.4773936,16.8691233
309400961,way,supermarket,Biedronka,,,Biedronka,,,,51.6530422,17.8146208
309429575,way,supermarket,Netto,,,Netto,,,,52.4330822,19.4618496
309654355,way,supermarket,Biedronka,,,Biedronka,,,,51.7733318,20.2611617
309654434,way,supermarket,Netto,,,Netto,,,,51.7707804,20.2637953
309655074,way,supermarket,Biedronka,,,Biedronka,,,,52.229978,20.8959623
310490285,way,supermarket,Biedronka,,,Biedronka,,,,50.1705654,18.9119754
310598368,way,supermarket,Biedronka,,,Biedronka,,,,51.063328,17.0328175
311101717,way,supermarket,Intermarché,,,Intermarché,,,,52.3491191,16.8822026
311123034,way,supermarket,Netto,,,Netto,,,,52.2312785,18.2579451
311156208,way,supermarket,Biedronka,,,Biedronka,,,,50.0627717,21.2515521
311250093,way,supermarket,Biedronka,,,Biedronka,,,,49.9675789,22.0281788
311267422,way,supermarket,Dino,,,Dino,,,,51.0178995,15.6729665
311307022,way,supermarket,Biedronka,,,Biedronka,,,,54.3213545,22.2966866
311307024,way,supermarket,Lidl,,,Lidl,,,,54.3025779,22.2986776
311368511,way,supermarket,Intermarché,,,Intermarché,,,,50.1406611,18.6341211
311406700,way,supermarket,Biedronka,,,Biedronka,,,,53.7108175,19.3319253
311432041,way,supermarket,Biedronka,,,Biedronka,,,,54.1660601,21.1378386
311441825,way,supermarket,Netto,,,Netto,,,,51.1470575,17.1236008
311474709,way,supermarket,Dino,,,Dino,,,,51.7635657,19.4793382
311568386,way,supermarket,Biedronka,,,Biedronka,,,,50.9037024,15.7454896
311619956,way,supermarket,Dino,,,Dino,,,,51.5354827,17.2711798
311841861,way,supermarket,Biedronka,,,Biedronka,,,,51.1372704,15.0128291
311975440,way,supermarket,Intermarché,,,Intermarché,,,,51.4352515,17.9177387
312008318,way,supermarket,Stokrotka,,,Stokrotka,,,,50.2032888,18.984754
312110715,way,supermarket,Netto,,,Netto,,,,49.9614186,18.701467
312117232,way,supermarket,Biedronka,,,Biedronka,,,,49.9609305,18.7093882
312123428,way,supermarket,Biedronka,,,Biedronka,,,,51.5784704,17.6693881
312216762,way,supermarket,Kaufland,,,Kaufland,,,,51.2707357,15.5661289
312311284,way,supermarket,Biedronka,,,Biedronka,,,,50.288245,21.4630633
312312353,way,supermarket,Netto,,,Netto,,,,50.928287,22.2215215
312892792,way,supermarket,Biedronka,,,Biedronka,,,,50.2185599,18.9691795
312903516,way,supermarket,Netto,,,Netto,,,,49.975889,19.830462
312978507,way,supermarket,Auchan,,,Auchan,,,,52.1081218,21.1148236
312987045,way,supermarket,Lidl,,,Lidl,,,,52.0979626,21.1182125
312991976,way,supermarket,Carrefour Market,,,Carrefour Market,,,,52.1123044,21.1096639
313272687,way,supermarket,Kaufland,,,Kaufland,,,,52.7804942,18.2583316
313272701,way,supermarket,Netto,,,Netto,,,,52.7850952,18.2546093
313299231,way,supermarket,Intermarché,,,Intermarché,,,,51.5626298,21.8685378
313375003,way,supermarket,Kaufland,,,Kaufland,,,,54.5329998,17.7531248
313599638,way,supermarket,Biedronka,,,Biedronka,,,,52.4654202,16.9822086
313729040,way,supermarket,Lidl,,,Lidl,,,,51.7424993,19.5533189
313818627,way,supermarket,Biedronka,,,Biedronka,,,,51.1235763,16.9257173
313965639,way,supermarket,Stokrotka,,,Stokrotka,,,,50.9844049,23.1650096
314358220,way,supermarket,Stokrotka,,,Stokrotka,,,,52.1370104,21.2333838
314579499,way,supermarket,Biedronka,,,Biedronka,,,,51.5522866,23.55116
314707646,way,supermarket,Dino,,,Dino,,,,51.9567301,17.5024508
314803361,way,supermarket,Biedronka,,,Biedronka,,,,53.1329414,23.0877628
315356781,way,supermarket,Lidl,,,Lidl,,,,50.099832,19.262476
315518993,way,supermarket,Biedronka,,,Biedronka,,,,52.7960953,18.2662436
315740453,way,supermarket,Netto,,,Netto,,,,51.5477595,23.5412591
316115960,way,supermarket,Biedronka,,,Biedronka,,,,51.3611148,22.6298226
316216245,way,supermarket,Biedronka,,,Biedronka,,,,52.5075605,21.0647991
316301237,way,supermarket,Kaufland,,,Kaufland,,,,51.3983255,21.1628684
316457710,way,supermarket,Dino,,,Dino,,,,52.2541763,15.5205359
316785003,way,supermarket,Biedronka,,,Biedronka,,,,53.0602636,21.626333
317103229,way,supermarket,Biedronka,,,Biedronka,,,,52.1754411,21.5799119
317183251,way,supermarket,Lidl,,,Lidl,,,,52.6316654,20.3786741
317659784,way,supermarket,Biedronka,,,Biedronka,,,,53.53438,16.8510118
317840877,way,supermarket,Biedronka,,,Biedronka,,,,52.5336355,19.7615831
317861034,way,supermarket,Biedronka,,,Biedronka,,,,50.060214,22.479975
318245563,way,supermarket,Dino,,,Dino,,,,52.5534689,16.8377012
318295550,way,supermarket,Lidl,,,Lidl,,,,53.7488554,20.5031087
318309371,way,supermarket,Biedronka,,,Biedronka,,,,52.5990959,15.5036838
318469757,way,supermarket,Stokrotka,,,Stokrotka,,,,51.6427098,22.902712
318659746,way,supermarket,Biedronka,,,Biedronka,,,,52.3197354,21.0677961
318703395,way,supermarket,Biedronka,,,Biedronka,,,,50.8135986,19.1299644
318750843,way,supermarket,Biedronka,,,Biedronka,,,,51.6102778,16.8512926
318812125,way,supermarket,Biedronka,,,Biedronka,,,,52.1077843,19.9535254
319230722,way,supermarket,Netto,,,Netto,,,,52.3454176,16.8771888
319276243,way,supermarket,Biedronka,,,Biedronka,,,,53.6379057,21.5316779
319479869,way,supermarket,Biedronka,,,Biedronka,,,,54.1749837,18.5290255
319913284,way,supermarket,Stokrotka,,,Stokrotka,,,,51.7281314,19.4979021
319943350,way,supermarket,Biedronka,,,Biedronka,,,,50.3313044,19.1956359
320103789,way,supermarket,Biedronka,,,Biedronka,,,,51.7856647,21.1967825
320105386,way,supermarket,Dino,,,Dino,,,,50.5311796,23.7047897
320306844,way,supermarket,Dino,,,Dino,,,,51.0570457,21.0557755
320433743,way,supermarket,Biedronka,,,Biedronka,,,,51.7843915,21.1849979
320539756,way,supermarket,Biedronka,,,Biedronka,,,,51.1070628,15.593387
320798005,way,supermarket,Netto,,,Netto,,,,52.8091815,17.2105358
321034208,way,supermarket,Netto,,,Netto,,,,51.8246376,19.4355252
321062173,way,supermarket,Biedronka,,,Biedronka,,,,50.8546497,16.5119393
321354821,way,supermarket,Biedronka,,,Biedronka,,,,51.9861648,21.2048045
321384469,way,supermarket,Biedronka,,,Biedronka,,,,53.0310525,18.0186443
321607931,way,supermarket,Biedronka,,,Biedronka,,,,50.5097238,21.6574995
321662122,way,supermarket,Biedronka,,,Biedronka,,,,53.1250088,23.1854211
321792499,way,supermarket,Biedronka,,,Biedronka,,,,52.1852894,22.2734381
321801230,way,supermarket,Kaufland,,,Kaufland,,,,52.180206,22.2671012
322110700,way,supermarket,Biedronka,,,Biedronka,,,,53.624516,21.7998907
322463149,way,supermarket,Biedronka,,,Biedronka,,,,50.6263307,19.8158708
322498518,way,supermarket,Biedronka,,,Biedronka,,,,51.2405551,22.5895631
322549159,way,supermarket,Netto,,,Netto,,,,51.0799304,19.4498419
322575603,way,supermarket,Biedronka,,,Biedronka,,,,51.359137,19.8706904
322767811,way,supermarket,Netto,,,Netto,,,,51.6168565,21.9270834
323107559,way,supermarket,Biedronka,,,Biedronka,,,,50.2759168,18.9079071
324132543,way,supermarket,Biedronka,,,Biedronka,,,,54.4229089,16.4121111
324229624,way,supermarket,Intermarché,,,Intermarché,,,,49.399889,20.9548992
324885849,way,supermarket,Biedronka,,,Biedronka,,,,54.0751672,21.3818064
325053076,way,supermarket,Dino,,,Dino,,,,52.1196231,16.3466476
325226134,way,supermarket,Biedronka,,,Biedronka,,,,52.2507694,20.9145823
325290380,way,supermarket,Biedronka,,,Biedronka,,,,54.1286671,15.7246716
325327903,way,supermarket,Netto,,,Netto,,,,54.4192563,16.4166092
325327986,way,supermarket,Lidl,,,Lidl,,,,50.3998476,18.6168869
325345502,way,supermarket,Biedronka,,,Biedronka,,,,52.4192286,20.9648153
325801172,way,supermarket,Carrefour Express,,,Carrefour Express,,,,51.9746075,20.5186017
325871039,way,supermarket,Biedronka,,,Biedronka,,,,50.0188881,19.9443373
326046288,way,supermarket,Biedronka,,,Biedronka,,,,54.6753891,18.4110468
326056693,way,supermarket,Dino,,,Dino,,,,53.0516509,21.6379289
326083017,way,supermarket,Dino,,,Dino,,,,52.1332426,16.2074706
326301584,way,supermarket,Stokrotka,,,Stokrotka,,,,49.5522034,21.852655
326730025,way,supermarket,Dino,,,Dino,,,,53.0384253,16.4635007
326760846,way,supermarket,Kaufland,,,Kaufland,,,,49.7533663,21.4841732
327309476,way,supermarket,Biedronka,,,Biedronka,,,,50.1507737,16.6695895
327545523,way,supermarket,Biedronka,,,Biedronka,,,,51.8299719,16.5784416
327546939,way,supermarket,Lidl,,,Lidl,,,,51.6483219,16.0745924
327550247,way,supermarket,Dino,,,Dino,,,,52.744159,18.2513362
327581884,way,supermarket,Biedronka,,,Biedronka,,,,51.7696165,16.810692
327581886,way,supermarket,Dino,,,Dino,,,,51.7623686,16.8071286
327849179,way,supermarket,Lidl,,,Lidl,,,,53.1389438,14.8932263
327860698,way,supermarket,Netto,,,Netto,,,,53.1411933,14.8928345
327880496,way,supermarket,Netto,,,Netto,,,,53.1502116,14.8871184
327881364,way,supermarket,Biedronka,,,Biedronka,,,,53.1497354,14.8875683
328057018,way,supermarket,Biedronka,,,Biedronka,,,,49.46892,19.6910584
328461326,way,supermarket,Biedronka,,,Biedronka,,,,49.2965929,19.9622597
328478685,way,supermarket,Dino,,,Dino,,,,50.4404476,16.2415829
328491162,way,supermarket,Biedronka,,,Biedronka,,,,50.0125285,20.0843515
328833739,way,supermarket,Dino,,,Dino,,,,50.4178105,16.4468284
328838850,way,supermarket,Lidl,,,Lidl,,,,51.3135767,17.0632142
329098939,way,supermarket,Biedronka,,,Biedronka,,,,50.7476835,16.2951075
329100984,way,supermarket,Biedronka,,,Biedronka,,,,49.6316831,20.6998811
329105139,way,supermarket,Biedronka,,,Biedronka,,,,49.6282249,20.7151309
329105255,way,supermarket,Lidl,,,Lidl,,,,49.6248392,20.7183809
329106859,way,supermarket,Biedronka,,,Biedronka,,,,50.1892668,20.2962852
329202229,way,supermarket,Biedronka,,,Biedronka,,,,53.4487437,14.3935284
329294114,way,supermarket,Biedronka,,,Biedronka,,,,52.4302998,16.9340996
329302777,way,supermarket,Netto,,,Netto,,,,52.2020061,18.6302828
329369128,way,supermarket,Biedronka,,,Biedronka,,,,50.302351,16.8761304
329378917,way,supermarket,Netto,,,Netto,,,,51.6168149,15.3086333
329384410,way,supermarket,Biedronka,,,Biedronka,,,,54.0474838,21.1544824
329464783,way,supermarket,Kaufland,,,Kaufland,,,,51.7509988,19.5330035
329635833,way,supermarket,Dino,,,Dino,,,,51.5069552,18.1075303
329740651,way,supermarket,Biedronka,,,Biedronka,,,,50.0239851,20.9778575
329763522,way,supermarket,Lidl,,,Lidl,,,,52.03985,23.1092606
329764845,way,supermarket,Biedronka,,,Biedronka,,,,50.0166315,18.3306265
329856191,way,supermarket,Netto,,,Netto,,,,50.2847027,18.8776985
330257160,way,supermarket,Dino,,,Dino,,,,53.9487093,15.5358069
330348271,way,supermarket,Biedronka,,,Biedronka,,,,49.7162026,20.4168239
330409690,way,supermarket,Biedronka,,,Biedronka,,,,51.1569533,14.9999887
330520584,way,supermarket,Biedronka,,,Biedronka,,,,52.5358217,16.9444956
330681472,way,supermarket,Biedronka,,,Biedronka,,,,50.9104023,18.9406491
330842458,way,supermarket,Intermarché,,,Intermarché,,,,51.8142158,16.3077264
331304334,way,supermarket,Lidl,,,Lidl,,,,52.6054413,16.584533
331307502,way,supermarket,Biedronka,,,Biedronka,,,,52.4391367,16.9485077
331447931,way,supermarket,Netto,,,Netto,,,,53.3914628,14.4840004
331451989,way,supermarket,Biedronka,,,Biedronka,,,,50.5203876,16.4929644
331756798,way,supermarket,Netto,,,Netto,,,,53.5540255,16.23679
331758240,way,supermarket,Biedronka,,,Biedronka,,,,53.5592959,16.2311704
331793282,way,supermarket,Carrefour Express,,,Carrefour Express,,,,52.2559909,20.8376927
331807305,way,supermarket,Lidl,,,Lidl,,,,53.527561,15.8160341
331807665,way,supermarket,Biedronka,,,Biedronka,,,,53.5359198,15.8098947
331811284,way,supermarket,Netto,,,Netto,,,,53.5308887,15.8064045
331812523,way,supermarket,Intermarché Super,,,Intermarché Super,,,,53.5323732,15.8070411
331823006,way,supermarket,Biedronka,,,Biedronka,,,,53.2909858,15.9003155
331829727,way,supermarket,Netto,,,Netto,,,,53.5364315,16.0143153
331830770,way,supermarket,Biedronka,,,Biedronka,,,,53.5312182,16.0138554
331908830,way,supermarket,Lidl,,,Lidl,,,,51.2689552,22.5739639
331985759,way,supermarket,Biedronka,,,Biedronka,,,,52.7967869,21.8946958
332333585,way,supermarket,Dino,,,Dino,,,,51.5129738,20.5499321
332387868,way,supermarket,Biedronka,,,Biedronka,,,,52.8078638,17.2018593
332485841,way,supermarket,Auchan,,,Auchan,,,,50.0970977,19.0896472
332486998,way,supermarket,Auchan,,,Auchan,,,,51.8608654,20.8674204
332596849,way,supermarket,Stokrotka,,,Stokrotka,,,,52.0238547,23.1287792
332733919,way,supermarket,Biedronka,,,Biedronka,,,,50.3155287,19.269182
332945996,way,supermarket,Dino,,,Dino,,,,52.6800035,15.3052455
333057200,way,supermarket,Biedronka,,,Biedronka,,,,50.3772681,18.806815
333295214,way,supermarket,Lidl,,,Lidl,,,,50.3139973,18.6914727
333334364,way,supermarket,Biedronka,,,Biedronka,,,,53.7730075,15.7720294
333334435,way,supermarket,Lidl,,,Lidl,,,,53.7801719,15.775877
333340324,way,supermarket,Netto,,,Netto,,,,53.7714438,15.7722173
333340455,way,supermarket,Biedronka,,,Biedronka,,,,53.7739117,15.7772084
333340811,way,supermarket,Intermarché,,,Intermarché,,,,53.7694823,15.7878104
333445694,way,supermarket,Netto,,,Netto,,,,53.7696367,16.0942322
333470454,way,supermarket,Biedronka,,,Biedronka,,,,53.8901028,15.7140759
333572270,way,supermarket,Netto,,,Netto,,,,52.5517083,19.7101471
333582451,way,supermarket,Netto,,,Netto,,,,52.5583462,19.7019222
333618242,way,supermarket,Lidl,,,Lidl,,,,50.4752985,20.7175409
333988217,way,supermarket,Biedronka,,,Biedronka,,,,50.3216216,19.215513
334008577,way,supermarket,Biedronka,,,Biedronka,,,,51.8277412,17.4521862
334195738,way,supermarket,Dino,,,Dino,,,,51.6487513,17.1717883
334492352,way,supermarket,Lidl,,,Lidl,,,,50.2239097,19.1514806
334603682,way,supermarket,Netto,,,Netto,,,,52.4186451,16.7899622
334927800,way,supermarket,Dino,,,Dino,,,,51.5862622,17.1501265
335237515,way,supermarket,Dino,,,Dino,,,,50.7303482,16.0696499
335822032,way,supermarket,Biedronka,,,Biedronka,,,,53.1142169,17.9692813
335880851,way,supermarket,Netto,,,Netto,,,,50.9016071,15.7471208
336127133,way,supermarket,Dino,,,Dino,,,,53.2260529,17.917715
336661870,way,supermarket,Biedronka,,,Biedronka,,,,50.2314037,19.1443036
336744142,way,supermarket,Netto,,,Netto,,,,53.9184472,14.4364647
337044070,way,supermarket,Biedronka,,,Biedronka,,,,51.0178325,18.0449512
337074252,way,supermarket,Dino,,,Dino,,,,50.3772706,19.2649086
337468093,way,supermarket,Dino,,,Dino,,,,53.8261557,14.9765661
337559665,way,supermarket,Biedronka,,,Biedronka,,,,50.9313641,22.2253311
337620053,way,supermarket,Netto,,,Netto,,,,53.9671703,14.7751077
337625098,way,supermarket,Biedronka,,,Biedronka,,,,53.9677599,14.779971
337642004,way,supermarket,Biedronka,,,Biedronka,,,,53.8458763,14.6106982
337642326,way,supermarket,Biedronka,,,Biedronka,,,,49.981689,19.8355715
338032725,way,supermarket,Biedronka,,,Biedronka,,,,51.9024464,19.6075137
338093069,way,supermarket,Dino,,,Dino,,,,51.3811273,17.834964
338096473,way,supermarket,Biedronka,,,Biedronka,,,,53.9231714,19.3416591
338176904,way,supermarket,Stokrotka,,,Stokrotka,,,,50.9601512,22.1624627
338365658,way,supermarket,Lidl,,,Lidl,,,,50.209279,19.2623075
338374794,way,supermarket,Biedronka,,,Biedronka,,,,51.9321721,16.3572492
338505689,way,supermarket,Netto,,,Netto,,,,50.7986344,15.8260864
338632365,way,supermarket,Dino,,,Dino,,,,51.8237768,17.228782
339130200,way,supermarket,Dino,,,Dino,,,,53.2643534,18.1413958
339374010,way,supermarket,Biedronka,,,Biedronka,,,,51.2739661,15.9363264
339499859,way,supermarket,Dino,,,Dino,,,,53.6141935,17.1872402
339939717,way,supermarket,Biedronka,,,Biedronka,,,,49.7967794,22.715414
340063363,way,supermarket,Biedronka,,,Biedronka,,,,52.8050033,17.2276109
340254812,way,supermarket,Biedronka,,,Biedronka,,,,51.8792359,16.0679526
340646218,way,supermarket,Biedronka,,,Biedronka,,,,50.8215378,19.0938636
340671278,way,supermarket,Biedronka,,,Biedronka,,,,51.1123154,20.7479564
340960969,way,supermarket,Biedronka,,,Biedronka,,,,50.2314689,18.9630667
341248795,way,supermarket,Dino,,,Dino,,,,51.9143739,17.239503
341282203,way,supermarket,Biedronka,,,Biedronka,,,,50.4495297,23.4137528
341330175,way,supermarket,Dino,,,Dino,,,,52.588218,15.4845839
341544446,way,supermarket,Biedronka,,,Biedronka,,,,50.3573885,20.0431498
342053638,way,supermarket,Biedronka,,,Biedronka,,,,52.5114418,15.2439135
342552492,way,supermarket,Dino,,,Dino,,,,51.7827056,17.5033838
342593954,way,supermarket,Lidl,,,Lidl,,,,49.6092331,20.7135957
342626207,way,supermarket,Biedronka,,,Biedronka,,,,50.0652662,20.0161814
342763521,way,supermarket,Netto,,,Netto,,,,49.8867852,19.4918332
342771755,way,supermarket,Biedronka,,,Biedronka,,,,49.4807517,22.3242557
342949452,way,supermarket,Stokrotka,,,Stokrotka,,,,52.1100007,21.2763296
343224302,way,supermarket,Biedronka,,,Biedronka,,,,52.1113086,16.1100386
343283819,way,supermarket,Biedronka,,,Biedronka,,,,50.2980129,18.995988
343381167,way,supermarket,Netto,,,Netto,,,,49.4729985,22.3241614
343457131,way,supermarket,Biedronka,,,Biedronka,,,,51.2019004,16.1403247
343962666,way,supermarket,Biedronka,,,Biedronka,,,,51.7491361,19.4831302
343973281,way,supermarket,Dino,,,Dino,,,,51.7513373,19.4487204
343979396,way,supermarket,Biedronka,,,Biedronka,,,,50.3605092,19.0490767
344158693,way,supermarket,Biedronka,,,Biedronka,,,,52.7928469,18.2550237
344337808,way,supermarket,Biedronka,,,Biedronka,,,,50.3288228,19.0371447
344665604,way,supermarket,Biedronka,,,Biedronka,,,,50.0168424,19.9877163
344730375,way,supermarket,Biedronka,,,Biedronka,,,,50.3957119,18.8956258
345346778,way,supermarket,Lidl,,,Lidl,,,,52.2300162,21.0842088
345487876,way,supermarket,Netto,,,Netto,,,,49.9208913,19.0053231
345615506,way,supermarket,Biedronka,,,Biedronka,,,,50.5340675,23.7293146
346526219,way,supermarket,Kaufland,,,Kaufland,,,,50.0718885,18.4081991
346616282,way,supermarket,Auchan,,,Auchan,,,,49.6075015,19.9475825
347632646,way,supermarket,Biedronka,,,Biedronka,,,,50.3471482,19.1348926
347902880,way,supermarket,Dino,,,Dino,,,,52.1660167,17.6869965
347982494,way,supermarket,Lidl,,,Lidl,,,,50.3580953,18.9324624
348339980,way,supermarket,Stokrotka,,,Stokrotka,,,,51.9661878,17.5023002
348507500,way,supermarket,Biedronka,,,Biedronka,,,,51.1381032,17.0736756
349224318,way,supermarket,Biedronka,,,Biedronka,,,,51.9469352,20.1543652
349866099,way,supermarket,Dino,,,Dino,,,,52.4766088,15.7730857
349920539,way,supermarket,Biedronka,,,Biedronka,,,,50.7809121,19.1462612
350201139,way,supermarket,Biedronka,,,Biedronka,,,,53.2497401,14.4861727
350207126,way,supermarket,Lidl,,,Lidl,,,,53.2425721,14.4876511
350213733,way,supermarket,Intermarché,,,Intermarché,,,,53.2527804,14.4951403
350213734,way,supermarket,Netto,,,Netto,,,,53.2538805,14.496631
350285022,way,supermarket,Intermarché,,,Intermarché,,,,53.0419277,18.5984073
351217045,way,supermarket,Biedronka,,,Biedronka,,,,51.6658673,19.7763307
351230357,way,supermarket,Biedronka,,,Biedronka,,,,49.8338257,19.9520559
351245355,way,supermarket,Biedronka,,,Biedronka,,,,52.5742468,17.0101179
351252922,way,supermarket,Lidl,,,Lidl,,,,51.7425793,19.4532576
351386011,way,supermarket,Biedronka,,,Biedronka,,,,51.6598355,19.3400973
351447683,way,supermarket,Biedronka,,,Biedronka,,,,53.7543859,19.2070845
351477364,way,supermarket,Dino,,,Dino,,,,51.1380253,17.0731123
351676633,way,supermarket,Dino,,,Dino,,,,50.791515,20.0320648
351714102,way,supermarket,Biedronka,,,Biedronka,,,,49.7343645,18.7380476
351714732,way,supermarket,Biedronka,,,Biedronka,,,,50.2398433,19.1547933
351864638,way,supermarket,Intermarché,,,Intermarché,,,,51.1480185,18.9919566
351914499,way,supermarket,Biedronka,,,Biedronka,,,,54.7490347,17.5609123
351946811,way,supermarket,Biedronka,,,Biedronka,,,,49.714038,21.812605
351962250,way,supermarket,Biedronka,,,Biedronka,,,,50.8069991,20.281852
352242749,way,supermarket,Intermarché,,,Intermarché,,,,49.7432971,18.6392299
352469424,way,supermarket,Biedronka,,,Biedronka,,,,50.272171,18.9266124
352572004,way,supermarket,Dino,,,Dino,,,,51.1902747,19.8509621
352587693,way,supermarket,Biedronka,,,Biedronka,,,,50.8802631,20.4864077
352641270,way,supermarket,Dino,,,Dino,,,,54.2353699,16.8910481
352677246,way,supermarket,Dino,,,Dino,,,,50.9906817,20.6232666
352963072,way,supermarket,Dino,,,Dino,,,,52.0654561,19.4852047
352995635,way,supermarket,Biedronka,,,Biedronka,,,,53.7415,16.3528278
353172124,way,supermarket,Biedronka,,,Biedronka,,,,52.6714595,14.8886391
353939062,way,supermarket,Dino,,,Dino,,,,52.3274514,17.5753574
354076309,way,supermarket,Biedronka,,,Biedronka,,,,49.7394862,21.4666492
354608185,way,supermarket,Biedronka,,,Biedronka,,,,50.4646173,20.7193131
354612624,way,supermarket,Intermarché Super,,,Intermarché Super,,,,50.0669056,22.4895132
354681331,way,supermarket,Biedronka,,,Biedronka,,,,50.4775319,20.7194341
354690982,way,supermarket,Dino,,,Dino,,,,53.2854492,14.7801191
355155272,way,supermarket,Intermarché,,,Intermarché,,,,51.6182843,21.9400563
355461463,way,supermarket,Netto,,,Netto,,,,52.6509889,16.8143149
355982100,way,supermarket,Netto,,,Netto,,,,50.1540297,18.6667304
356104237,way,supermarket,Biedronka,,,Biedronka,,,,50.1469356,18.6812618
356610029,way,supermarket,Dino,,,Dino,,,,53.091271,16.1228143
356611632,way,supermarket,Dino,,,Dino,,,,50.3941021,21.0413662
356627383,way,supermarket,Stokrotka,,,Stokrotka,,,,50.4401679,20.9404575
356639224,way,supermarket,Biedronka,,,Biedronka,,,,53.3426484,16.0920242
356767819,way,supermarket,Biedronka,,,Biedronka,,,,54.1703725,17.4908491
356801501,way,supermarket,Biedronka,,,Biedronka,,,,53.2751645,16.4632595
356801502,way,supermarket,Biedronka,,,Biedronka,,,,53.2643449,16.4603851
356801506,way,supermarket,Intermarché,,,Intermarché,,,,53.2771573,16.4775875
356801507,way,supermarket,Kaufland,,,Kaufland,,,,53.2753815,16.4873231
356801514,way,supermarket,Lidl,,,Lidl,,,,53.2767943,16.4870607
356801517,way,supermarket,Netto,,,Netto,,,,53.2668644,16.4628254
356801660,way,supermarket,Biedronka,,,Biedronka,,,,53.2766874,16.4722903
356816135,way,supermarket,Kaufland,,,Kaufland,,,,54.1833673,17.4943589
357227773,way,supermarket,Kaufland,,,Kaufland,,,,50.3320096,19.2163476
357280762,way,supermarket,Netto,,,Netto,,,,53.1382318,17.5919378
357282468,way,supermarket,Lidl,,,Lidl,,,,53.1405564,17.6032397
357482147,way,supermarket,Biedronka,,,Biedronka,,,,50.2446818,20.0810106
357502236,way,supermarket,Dino,,,Dino,,,,51.1989425,19.5003105
357522478,way,supermarket,Stokrotka,,,Stokrotka,,,,51.8193002,20.9436897
357551121,way,supermarket,Dino,,,Dino,,,,52.9616338,14.6098935
357807276,way,supermarket,Stokrotka,,,Stokrotka,,,,50.3154429,19.1163041
357824170,way,supermarket,Lidl,,,Lidl,,,,50.2042426,17.822858
357846259,way,supermarket,Netto,,,Netto,,,,53.1368805,17.5893593
357901523,way,supermarket,Biedronka,,,Biedronka,,,,53.1382646,17.5989849
357976656,way,supermarket,Intermarché,,,Intermarché,,,,54.3567969,16.6747918
358043008,way,supermarket,Biedronka,,,Biedronka,,,,53.5373297,17.235468
358202627,way,supermarket,Biedronka,,,Biedronka,,,,50.3413437,16.8730236
358243901,way,supermarket,Biedronka,,,Biedronka,,,,54.6006053,18.2314907
358272684,way,supermarket,Biedronka,,,Biedronka,,,,53.1390401,17.6096391
358292487,way,supermarket,Biedronka,,,Biedronka,,,,50.2404756,23.1316855
358302973,way,supermarket,Biedronka,,,Biedronka,,,,51.6821808,19.4036186
358304629,way,supermarket,Biedronka,,,Biedronka,,,,52.1102328,21.2754384
358351530,way,supermarket,Netto,,,Netto,,,,52.3634747,17.0095559
358562577,way,supermarket,Dino,,,Dino,,,,50.37755,19.0966138
358663396,way,supermarket,Netto,,,Netto,,,,53.424665,16.8236647
358674662,way,supermarket,Biedronka,,,Biedronka,,,,52.6289043,18.1723436
358709817,way,supermarket,Dino,,,Dino,,,,51.6587429,16.9668974
358718185,way,supermarket,Stokrotka,,,Stokrotka,,,,51.148835,21.9696495
358916899,way,supermarket,Biedronka,,,Biedronka,,,,50.176707,20.9960489
359199557,way,supermarket,Stokrotka Market,,,Stokrotka Market,,,,51.5571541,22.1347824
359232650,way,supermarket,Stokrotka Market,,,Stokrotka Market,,,,51.5275144,22.3238915
359333641,way,supermarket,Biedronka,,,Biedronka,,,,50.5742387,22.0552432
359453688,way,supermarket,Biedronka,,,Biedronka,,,,51.2083961,22.5712499
359562227,way,supermarket,Biedronka,,,Biedronka,,,,54.0088797,16.979346
359654652,way,supermarket,Lidl,,,Lidl,,,,50.3187351,17.3872355
359654653,way,supermarket,Netto,,,Netto,,,,50.3176742,17.3896625
359673653,way,supermarket,Stokrotka Market,,,Stokrotka,,,,51.6386148,22.103395
359878905,way,supermarket,Dino,,,Dino,,,,51.5922022,22.1017716
359885041,way,supermarket,Dino,,,Dino,,,,51.6726038,22.634918
360063935,way,supermarket,Netto,,,Netto,,,,51.5669144,21.8320585
360163922,way,supermarket,Stokrotka,,,Stokrotka,,,,51.7253487,19.7226694
360208939,way,supermarket,Biedronka,,,Biedronka,,,,52.3097271,16.4247823
360232860,way,supermarket,Lidl,,,Lidl,,,,52.4303485,19.4575544
360315625,way,supermarket,Biedronka,,,Biedronka,,,,50.4681437,19.2358338
360357418,way,supermarket,Dino,,,Dino,,,,51.3262878,21.8787156
360369322,way,supermarket,Dino,,,Dino,,,,52.168392,17.9105213
360412551,way,supermarket,Biedronka,,,Biedronka,,,,51.8034469,15.7161289
360527481,way,supermarket,Biedronka,,,Biedronka,,,,50.9539441,21.3670976
360632059,way,supermarket,Dino,,,Dino,,,,51.1134161,22.1384561
360827937,way,supermarket,Biedronka,,,Biedronka,,,,50.2822787,18.8577913
360943197,way,supermarket,Lidl,,,Lidl,,,,50.4063031,21.7543494
360997649,way,supermarket,Biedronka,,,Biedronka,,,,53.6455281,18.7236509
361008224,way,supermarket,Biedronka,,,Biedronka,,,,52.08177,16.6264993
361053966,way,supermarket,Biedronka,,,Biedronka,,,,52.9266035,14.8739371
361248703,way,supermarket,Biedronka,,,Biedronka,,,,51.7925779,19.408366
361274494,way,supermarket,Dino,,,Dino,,,,51.6923196,17.4492733
361320517,way,supermarket,Dino,,,Dino,,,,52.8547643,14.3933586
361480519,way,supermarket,Biedronka,,,Biedronka,,,,52.786985,14.4926004
361480535,way,supermarket,Dino,,,Dino,,,,52.7884994,14.4992822
361498348,way,supermarket,Biedronka,,,Biedronka,,,,54.0991937,17.7836063
361577809,way,supermarket,Stokrotka,,,Stokrotka,,,,53.4137254,21.9224613
361595836,way,supermarket,Biedronka,,,Biedronka,,,,53.9084647,14.2558678
361622373,way,supermarket,Biedronka,,,Biedronka,,,,52.9599426,14.4430672
361857190,way,supermarket,Biedronka,,,Biedronka,,,,50.5669124,21.6771904
361925105,way,supermarket,Biedronka,,,Biedronka,,,,52.5090388,16.2580482
361950949,way,supermarket,Biedronka,,,Biedronka,,,,50.7809178,16.0312805
361970780,way,supermarket,Stokrotka,,,Stokrotka,,,,50.9842666,23.1595201
362024249,way,supermarket,Kaufland,,,Kaufland,,,,50.9480091,21.4006354
362067895,way,supermarket,Dino,,,Dino,,,,50.7742504,16.0394123
362193041,way,supermarket,Dino,,,Dino,,,,51.6738521,16.5329951
362194290,way,supermarket,Dino,,,Dino,,,,51.6686564,16.5440586
362228166,way,supermarket,Biedronka,,,Biedronka,,,,52.0868194,21.2591585
362299837,way,supermarket,Stokrotka,,,Stokrotka,,,,51.6002034,19.5446424
362300029,way,supermarket,Dino,,,Dino,,,,52.5411213,16.9457295
362351075,way,supermarket,Dino,,,Dino,,,,50.6850851,16.365136
362369261,way,supermarket,Netto,,,Netto,,,,52.5590907,16.9994302
362376172,way,supermarket,Biedronka,,,Biedronka,,,,50.3883175,19.7608995
362378079,way,supermarket,Netto,,,Netto,,,,51.7611413,19.5393862
362417885,way,supermarket,Biedronka,,,Biedronka,,,,52.8862463,20.5882402
362456623,way,supermarket,Biedronka,,,Biedronka,,,,51.1819573,23.7713704
362477681,way,supermarket,Biedronka,,,Biedronka,,,,49.7896264,19.1942248
362504796,way,supermarket,Biedronka,,,Biedronka,,,,51.1180164,23.2473935
362620402,way,supermarket,Biedronka,,,Biedronka,,,,51.4644478,19.2180266
362642914,way,supermarket,Biedronka,,,Biedronka,,,,51.4704158,21.4389665
362667316,way,supermarket,Biedronka,,,Biedronka,,,,52.0972323,16.6592566
362760176,way,supermarket,Lidl,,,Lidl,,,,52.2531765,17.0844212
362915635,way,supermarket,Biedronka,,,Biedronka,,,,54.3629868,16.6745147
363205764,way,supermarket,Kaufland,,,Kaufland,,,,54.1178865,17.9777875
363297641,way,supermarket,Stokrotka,,,Stokrotka,,,,52.9294613,21.9226083
363354607,way,supermarket,Kaufland,,,Kaufland,,,,49.6908463,19.1908779
363430141,way,supermarket,Dino,,,Dino,,,,53.6752939,17.3774468
363465790,way,supermarket,Stokrotka,,,Stokrotka,,,,51.2058899,22.6312768
363494352,way,supermarket,Dino,,,Dino,,,,52.5072399,18.0149958
363564274,way,supermarket,Dino,,,Dino,,,,52.388281,18.5121688
363572781,way,supermarket,Stokrotka,,,Stokrotka,,,,54.1700717,21.1388083
363603060,way,supermarket,Lidl,,,Lidl,,,,52.8698357,21.1016754
363608029,way,supermarket,Biedronka,,,Biedronka,,,,51.8762314,17.0170628
363916511,way,supermarket,Biedronka,,,Biedronka,,,,50.2732221,19.1135842
363947069,way,supermarket,Lidl,,,Lidl,,,,51.1443272,17.0322202
364020081,way,supermarket,Biedronka,,,Biedronka,,,,53.1376562,16.7532888
364219336,way,supermarket,Biedronka,,,Biedronka,,,,51.4114341,19.6697179
364492693,way,supermarket,Dino,,,Dino,,,,50.155078,17.9865535
364636085,way,supermarket,Biedronka,,,Biedronka,,,,54.3262535,18.1957607
364643944,way,supermarket,Lidl,,,Lidl,,,,51.4053691,19.6670437
364930851,way,supermarket,Netto,,,Netto,,,,50.2797783,18.9491725
364999870,way,supermarket,Biedronka,,,Biedronka,,,,51.4062804,19.6816708
365163748,way,supermarket,Stokrotka,,,Stokrotka,,,,50.7192518,22.673081
365345554,way,supermarket,Dino,,,Dino,,,,50.3439147,16.8774675
365470621,way,supermarket,Biedronka,,,Biedronka,,,,50.8885241,21.5239562
365893744,way,supermarket,Biedronka,,,Biedronka,,,,51.7374449,19.4775803
366073860,way,supermarket,Stokrotka,,,Stokrotka,,,,50.9840272,23.732985
366309131,way,supermarket,Kaufland,,,Kaufland,,,,52.4087155,17.0830656
366716684,way,supermarket,Biedronka,,,Biedronka,,,,53.1107487,23.1915489
366804166,way,supermarket,Biedronka,,,Biedronka,,,,51.993868,21.2084119
366837791,way,supermarket,Biedronka,,,Biedronka,,,,50.0643734,22.0100801
366949818,way,supermarket,Biedronka,,,Biedronka,,,,50.925235,21.3977715
367019405,way,supermarket,Stokrotka,,,Stokrotka,,,,50.8046912,23.8920782
367126647,way,supermarket,Dino,,,Dino,,,,51.7842735,14.975463
367297348,way,supermarket,Dino,,,Dino,,,,52.465863,17.0202422
367331765,way,supermarket,Stokrotka Market,,,Stokrotka Market,,,,50.7539741,23.7631332
367354246,way,supermarket,Stokrotka Market,,,Stokrotka Market,,,,50.8133587,23.8813512
367560260,way,supermarket,Stokrotka,,,Stokrotka,,,,50.4146587,23.2231048
367676701,way,supermarket,Lidl,,,Lidl,,,,53.140539,23.0997017
367698515,way,supermarket,Biedronka,,,Biedronka,,,,50.7938666,15.8317534
367747556,way,supermarket,Netto,,,Netto,,,,50.2816363,18.6758085
367990658,way,supermarket,Biedronka,,,Biedronka,,,,52.4835493,15.774527
368342310,way,supermarket,Netto,,,Netto,,,,53.5863006,17.8642772
368346112,way,supermarket,Biedronka,,,Biedronka,,,,50.293444,19.241277
368536587,way,supermarket,Biedronka,,,Biedronka,,,,52.4437291,16.9161588
368751564,way,supermarket,Dino,,,Dino,,,,51.0242618,15.0627537
368770292,way,supermarket,Biedronka,,,Biedronka,,,,51.6557227,16.0606167
368793208,way,supermarket,Biedronka,,,Biedronka,,,,53.4439155,14.7423002
368811057,way,supermarket,Biedronka,,,Biedronka,,,,50.2401455,19.1411264
368823906,way,supermarket,Biedronka,,,Biedronka,,,,49.6909555,22.4603791
369215596,way,supermarket,Dino,,,Dino,,,,51.5387753,15.7572363
369238392,way,supermarket,Netto,,,Netto,,,,52.3742836,16.8955706
369352597,way,supermarket,Intermarché,,,Intermarché,,,,54.4178196,16.416809
369908117,way,supermarket,Lidl,,,Lidl,,,,50.2191909,18.6776178
370085911,way,supermarket,Biedronka,,,Biedronka,,,,54.154937,19.442194
370089015,way,supermarket,Lidl,,,Lidl,,,,54.1464231,19.4326741
370292361,way,supermarket,Biedronka,,,Biedronka,,,,50.3954698,19.016176
370384417,way,supermarket,Lidl,,,Lidl,,,,49.4779837,22.3229797
370536279,way,supermarket,Biedronka,,,Biedronka,,,,53.9177174,19.9250891
370613269,way,supermarket,Dino,,,Dino,,,,51.6528715,19.3863026
370862171,way,supermarket,Lidl,,,Lidl,,,,50.0140571,19.9637594
371700725,way,supermarket,Biedronka,,,Biedronka,,,,52.1463386,21.1902194
371721667,way,supermarket,Biedronka,,,Biedronka,,,,53.1569196,16.7492699
372075229,way,supermarket,Stokrotka,,,Stokrotka,,,,51.7879393,21.1838935
372226605,way,supermarket,Lidl,,,Lidl,,,,50.303036,19.191218
372269471,way,supermarket,Dino,,,Dino,,,,52.4533939,16.9913644
372282849,way,supermarket,Biedronka,,,Biedronka,,,,51.4073707,19.6657441
372505214,way,supermarket,Lidl,,,Lidl,,,,52.2159547,16.3646695
372627588,way,supermarket,Netto,,,Netto,,,,50.2532085,18.9076032
373167914,way,supermarket,Dino,,,Dino,,,,54.2084818,15.7461029
373174141,way,supermarket,Dino,,,Dino,,,,51.5885776,17.8244001
373295595,way,supermarket,Lidl,,,Lidl,,,,50.8634167,15.6606424
373295596,way,supermarket,Netto,,,Netto,,,,50.8637839,15.6624294
373731031,way,supermarket,Lidl,,,Lidl,,,,51.7419601,19.4240048
373764977,way,supermarket,Stokrotka,,,Stokrotka,,,,50.4572616,23.4049982
373787516,way,supermarket,Lidl,,,Lidl,,,,50.3365292,18.7845657
373871011,way,supermarket,Biedronka,,,Biedronka,,,,53.1438755,23.1989319
374166424,way,supermarket,Netto,,,Netto,,,,50.6680431,18.6922631
374186100,way,supermarket,Biedronka,,,Biedronka,,,,51.9375547,15.4800239
374536986,way,supermarket,Dino,,,Dino,,,,51.8681098,16.844707
374559973,way,supermarket,Dino,,,Dino,,,,50.2746896,18.8491905
374736754,way,supermarket,Dino,,,Dino,,,,51.8886059,15.3836445
374833585,way,supermarket,Dino,,,Dino,,,,50.1012333,18.2283878
374865805,way,supermarket,Dino,,,Dino,,,,51.3886457,19.6756947
374982204,way,supermarket,Biedronka,,,Biedronka,,,,51.2860587,17.992073
375284498,way,supermarket,Netto,,,Netto,,,,52.4239549,19.4608226
375396241,way,supermarket,Lidl,,,Lidl,,,,51.1466783,16.8642497
375448944,way,supermarket,Biedronka,,,Biedronka,,,,53.7508251,21.342676
375471632,way,supermarket,Netto,,,Netto,,,,50.1114662,18.9617622
375471954,way,supermarket,Kaufland,,,Kaufland,,,,50.1044162,18.9891989
375547520,way,supermarket,Biedronka,,,Biedronka,,,,53.8048223,21.572449
375588518,way,supermarket,Biedronka,,,Biedronka,,,,52.4203491,19.4581224
375772088,way,supermarket,Biedronka,,,Biedronka,,,,52.4320189,19.4654812
375871273,way,supermarket,Biedronka,,,Biedronka,,,,53.8633884,21.2978619
375871274,way,supermarket,Biedronka,,,Biedronka,,,,53.8616865,21.3065485
375871275,way,supermarket,Biedronka,,,Biedronka,,,,53.8663578,21.2906665
375871289,way,supermarket,Kaufland,,,Kaufland,,,,53.878856,21.3059213
375871297,way,supermarket,Lidl,,,Lidl,,,,53.8640248,21.299788
375873231,way,supermarket,Netto,,,Netto,,,,53.8608969,21.2858299
376043536,way,supermarket,Biedronka,,,Biedronka,,,,51.2492199,22.5761466
376243937,way,supermarket,Biedronka,,,Biedronka,,,,51.1449843,21.9789552
376494527,way,supermarket,Biedronka,,,Biedronka,,,,51.2125191,16.1664568
376502774,way,supermarket,Biedronka,,,Biedronka,,,,52.3914502,20.1855038
376695201,way,supermarket,Biedronka,,,Biedronka,,,,52.6338159,20.3637344
376723313,way,supermarket,Biedronka,,,Biedronka,,,,54.2665058,18.6287373
376827563,way,supermarket,Dino,,,Dino,,,,53.5585024,21.0022848
377154618,way,supermarket,Netto,,,Netto,,,,53.487645,14.3896514
377200830,way,supermarket,Dino,,,Dino,,,,52.2486131,18.9101872
377374019,way,supermarket,Netto,,,Netto,,,,52.6019314,21.4341171
377595060,way,supermarket,Dino,,,Dino,,,,49.942638,19.2992157
377598195,way,supermarket,Biedronka,,,Biedronka,,,,52.309214,21.153293
377604752,way,supermarket,Biedronka,,,Biedronka,,,,52.3137165,21.1928009
377655701,way,supermarket,Lidl,,,Lidl,,,,50.8286481,15.5168689
377692179,way,supermarket,Dino,,,Dino,,,,50.7088717,16.8294025
377957242,way,supermarket,Biedronka,,,Biedronka,,,,52.2189116,21.2237688
378210712,way,supermarket,Biedronka,,,Biedronka,,,,53.9256457,16.2514045
378313718,way,supermarket,Kaufland,,,Kaufland,,,,50.3213973,17.5873614
378346577,way,supermarket,Dino,,,Dino,,,,54.0387218,15.8811452
378346578,way,supermarket,Biedronka,,,Biedronka,,,,54.0421015,15.8818689
378351644,way,supermarket,Dino,,,Dino,,,,49.8040453,18.6653936
378430375,way,supermarket,Biedronka,,,Biedronka,,,,51.2750942,16.7098143
378543743,way,supermarket,Biedronka,,,Biedronka,,,,54.0104855,15.9900092
378543947,way,supermarket,Netto,,,Netto,,,,54.0076444,15.9781205
378552029,way,supermarket,Biedronka,,,Biedronka,,,,54.0033965,15.9806368
378676174,way,supermarket,Biedronka,,,Biedronka,,,,50.2879487,19.1747972
379116236,way,supermarket,Dino,,,Dino,,,,51.1748128,17.0220857
379309624,way,supermarket,Dino,,,Dino,,,,52.0845547,17.3998608
380341410,way,supermarket,Biedronka,,,Biedronka,,,,51.9744853,20.8345781
380370900,way,supermarket,Biedronka,,,Biedronka,,,,50.438491,16.6387584
381576019,way,supermarket,Dino,,,Dino,,,,52.3168457,15.6723186
381581719,way,supermarket,Netto,,,Netto,,,,54.098117,18.7846195
381671780,way,supermarket,Kaufland,,,Kaufland,,,,50.0502241,21.9898066
381784737,way,supermarket,Lidl,,,Lidl,,,,51.2731318,15.9436995
381929217,way,supermarket,Netto,,,Netto,,,,50.2245238,19.1537431
382027392,way,supermarket,Intermarché,,,Intermarché,,,,53.561563,14.8290936
382276770,way,supermarket,Stokrotka,,,Stokrotka,,,,53.1486163,23.120013
382372204,way,supermarket,Biedronka,,,Biedronka,,,,53.9138823,15.2071349
382372208,way,supermarket,Biedronka,,,Biedronka,,,,53.9133625,15.1960865
382372213,way,supermarket,Biedronka,,,Biedronka,,,,53.9117399,15.1949656
382372225,way,supermarket,Kaufland,,,Kaufland,,,,53.9097495,15.1977968
382372241,way,supermarket,Lidl,,,Lidl,,,,53.9157091,15.2048349
382380701,way,supermarket,Intermarché,,,Intermarché,,,,53.9149721,15.21249
382668405,way,supermarket,Dino,,,Dino,,,,50.8812977,16.9958584
382743765,way,supermarket,Lidl,,,Lidl,,,,53.0354306,18.6948162
382743817,way,supermarket,Stokrotka,,,Stokrotka,,,,53.0028115,18.7003769
382942474,way,supermarket,Biedronka,,,Biedronka,,,,54.0638487,15.25914
382942619,way,supermarket,Netto,,,Netto,,,,54.0652528,15.273357
382942912,way,supermarket,Intermarché,,,Intermarché,,,,54.0647217,15.2747991
383305219,way,supermarket,Stokrotka,,,Stokrotka,,,,51.9392147,15.4809677
383364700,way,supermarket,Stokrotka,,,Stokrotka,,,,50.721944,16.349371
383404337,way,supermarket,Biedronka,,,Biedronka,,,,51.9530771,15.4856756
383767733,way,supermarket,Dino,,,Dino,,,,52.0599141,17.2452292
384032155,way,supermarket,Biedronka,,,Biedronka,,,,52.6280124,20.3722535
384035820,way,supermarket,Dino,,,Dino,,,,52.6226817,20.3572337
384042289,way,supermarket,Biedronka,,,Biedronka,,,,52.6169326,20.3859886
384051052,way,supermarket,Biedronka,,,Biedronka,,,,52.6227774,20.3723754
384091200,way,supermarket,Dino,,,Dino,,,,50.7959301,16.313156
384303209,way,supermarket,Dino,,,Dino,,,,51.7953143,19.5723221
384313138,way,supermarket,Lidl,,,Lidl,,,,50.2886429,18.7236603
384592914,way,supermarket,Stokrotka,,,Stokrotka,,,,51.7596221,21.385312
384689726,way,supermarket,Biedronka,,,Biedronka,,,,54.1842893,19.4328204
384828964,way,supermarket,Auchan,,,Auchan,,,,49.7232898,20.4004237
384994909,way,supermarket,Biedronka,,,Biedronka,,,,52.6304731,18.530284
385006271,way,supermarket,Kaufland,,,Kaufland,,,,52.6297359,20.3826725
385271374,way,supermarket,Dino,,,Dino,,,,50.111476,20.319719
385387017,way,supermarket,Stokrotka,,,Stokrotka,,,,51.8108622,19.3753729
385473318,way,supermarket,Biedronka,,,Biedronka,,,,49.5517337,20.4518106
385487483,way,supermarket,Netto,,,Netto,,,,49.5533257,20.4466099
385502932,way,supermarket,Dino,,,Dino,,,,51.6068923,17.5249864
385879389,way,supermarket,Biedronka,,,Biedronka,,,,52.4580398,14.8787161
385998630,way,supermarket,Intermarché,,,Intermarché,,,,50.2675536,19.4638417
386065899,way,supermarket,Dino,,,Dino,,,,51.2663149,16.4681107
386088785,way,supermarket,Dino,,,Dino,,,,50.2972455,19.4808755
386634316,way,supermarket,Biedronka,,,Biedronka,,,,50.3063174,18.7502472
386801082,way,supermarket,Biedronka,,,Biedronka,,,,50.2861559,18.9684874
386843014,way,supermarket,Intermarché,,,Intermarché,,,,49.8180382,19.0564422
386974992,way,supermarket,Lidl,,,Lidl,,,,50.2840908,21.4305115
387600562,way,supermarket,Dino,,,Dino,,,,51.5304617,17.9682009
388142740,way,supermarket,Biedronka,,,Biedronka,,,,52.1449952,20.8488952
388506051,way,supermarket,Biedronka,,,Biedronka,,,,52.583471,15.0047416
388688587,way,supermarket,Dino,,,Dino,,,,50.7907809,16.841941
388871459,way,supermarket,Stokrotka,,,Stokrotka,,,,51.4128989,21.1613721
389129167,way,supermarket,Dino,,,Dino,,,,51.6132325,17.0571131
389130258,way,supermarket,Dino,,,Dino,,,,53.150643,17.2701938
389163985,way,supermarket,Stokrotka,,,Stokrotka,,,,51.7296814,19.4618083
389597611,way,supermarket,Dino,,,Dino,,,,50.0347667,18.7715174
389625805,way,supermarket,Biedronka,,,Biedronka,,,,50.3194371,17.3766608
389680350,way,supermarket,Biedronka,,,Biedronka,,,,50.7799692,16.0183023
389858743,way,supermarket,Netto,,,Netto,,,,52.3784826,16.8240541
389907933,way,supermarket,Biedronka,,,Biedronka,,,,49.7755212,19.6728411
390611425,way,supermarket,Biedronka,,,Biedronka,,,,52.2668294,21.0599954
390957495,way,supermarket,Dino,,,Dino,,,,51.6351239,16.906428
391231786,way,supermarket,Lidl,,,Lidl,,,,50.8414154,16.5024638
391275001,way,supermarket,Dino,,,Dino,,,,52.4830238,19.0127698
391436526,way,supermarket,Biedronka,,,Biedronka,,,,50.6822157,16.7509439
391520844,way,supermarket,Biedronka,,,Biedronka,,,,52.4424523,16.9297573
391735927,way,supermarket,Stokrotka,,,Stokrotka,,,,51.5621514,16.6907986
391820359,way,supermarket,Dino,,,Dino,,,,51.5667944,16.6966655
391833509,way,supermarket,Dino,,,Dino,,,,50.0121061,19.0980541
392181423,way,supermarket,Biedronka,,,Biedronka,,,,52.1549363,20.8037167
392318648,way,supermarket,Dino,,,Dino,,,,51.1894655,16.176356
392330849,way,supermarket,Biedronka,,,Biedronka,,,,54.4700761,17.100599
392348158,way,supermarket,Biedronka,,,Biedronka,,,,53.5023863,15.0571814
392856213,way,supermarket,Biedronka,,,Biedronka,,,,50.0823094,19.9455915
393186750,way,supermarket,Biedronka,,,Biedronka,,,,49.9096194,22.5118784
393281429,way,supermarket,Biedronka,,,Biedronka,,,,50.0235973,20.0424796
393926491,way,supermarket,Biedronka,,,Biedronka,,,,50.6771738,16.6038026
393931235,way,supermarket,Biedronka,,,Biedronka,,,,49.7163927,18.8011465
394199786,way,supermarket,Dino,,,Dino,,,,51.7689501,18.104915
394494956,way,supermarket,Biedronka,,,Biedronka,,,,49.8677933,18.7480354
394512424,way,supermarket,Biedronka,,,Biedronka,,,,49.8874319,20.081586
394730773,way,supermarket,Biedronka,,,Biedronka,,,,50.684967,16.3721005
395075173,way,supermarket,Biedronka,,,Biedronka,,,,51.7484899,19.3843904
395440915,way,supermarket,Biedronka,,,Biedronka,,,,51.8662208,20.8713122
395718934,way,supermarket,Biedronka,,,Biedronka,,,,49.9106992,20.1977612
395889953,way,supermarket,Biedronka,,,Biedronka,,,,51.5688525,15.550271
396045554,way,supermarket,Dino,,,Dino,,,,50.718959,16.3448625
396073834,way,supermarket,Dino,,,Dino,,,,51.3157621,17.1962193
396092862,way,supermarket,Dino,,,Dino,,,,51.1267577,17.5359897
396152205,way,supermarket,Lidl,,,Lidl,,,,50.5960136,16.8111672
396169684,way,supermarket,Biedronka,,,Biedronka,,,,50.5954968,16.8049548
396236497,way,supermarket,Biedronka,,,Biedronka,,,,50.765868,16.254958
396316386,way,supermarket,Lidl,,,Lidl,,,,50.0284076,20.2014038
396357548,way,supermarket,Dino,,,Dino,,,,51.2166732,16.493616
396462045,way,supermarket,Dino,,,Dino,,,,52.5759574,15.6664525
396504925,way,supermarket,Dino,,,Dino,,,,50.4323294,16.6515519
396514171,way,supermarket,Netto,,,Netto,,,,53.6937799,17.5442253
396535283,way,supermarket,Carrefour Market,,,Carrefour Market,,,,50.7859481,17.0689159
396566556,way,supermarket,Biedronka,,,Biedronka,,,,50.9373397,16.4944654
396688973,way,supermarket,Dino,,,Dino,,,,51.3395967,19.5845615
396748904,way,supermarket,Biedronka,,,Biedronka,,,,51.6160644,15.3044622
396778765,way,supermarket,Dino,,,Dino,,,,51.5086156,17.2782526
396782792,way,supermarket,Biedronka,,,Biedronka,,,,51.5350716,17.2710995
396919572,way,supermarket,Biedronka,,,Biedronka,,,,50.7971688,16.2521362
396994106,way,supermarket,Stokrotka,,,Stokrotka,,,,50.0865155,19.634964
397107914,way,supermarket,Stokrotka,,,Stokrotka,,,,54.2578927,18.6349961
397170822,way,supermarket,Biedronka,,,Biedronka,,,,52.5545683,16.0833456
397550180,way,supermarket,Dino,,,Dino,,,,52.135194,16.2698082
397609842,way,supermarket,Biedronka,,,Biedronka,,,,50.7765787,16.2996933
397682907,way,supermarket,Biedronka,,,Biedronka,,,,51.6480345,16.0994205
397739863,way,supermarket,Biedronka,,,Biedronka,,,,51.658067,16.0952537
397896083,way,supermarket,Biedronka,,,Biedronka,,,,52.0789826,17.0063437
397896636,way,supermarket,Lidl,,,Lidl,,,,52.0808746,17.016151
398003387,way,supermarket,Carrefour Market,,,Carrefour Market,,,,50.7943358,15.8365734
398048871,way,supermarket,Dino,,,Dino,,,,52.0900247,16.9963486
398104454,way,supermarket,Dino,,,Dino,,,,50.8591095,15.6842496
398319347,way,supermarket,Biedronka,,,Biedronka,,,,52.1437984,16.2754823
398422471,way,supermarket,Dino,,,Dino,,,,52.0238742,17.4630046
398556697,way,supermarket,Biedronka,,,Biedronka,,,,50.3149368,17.5773502
398556698,way,supermarket,Biedronka,,,Biedronka,,,,50.3214837,17.5754262
398556699,way,supermarket,Biedronka,,,Biedronka,,,,50.3217125,17.5933395
398556706,way,supermarket,Lidl,,,Lidl,,,,50.3233218,17.5885
398560831,way,supermarket,Biedronka,,,Biedronka,,,,50.1248112,19.8711456
398795786,way,supermarket,Dino,,,Dino,,,,52.0064714,17.4825133
399016880,way,supermarket,Dino,,,Dino,,,,50.6688275,16.064211
399020623,way,supermarket,Kaufland,,,Kaufland,,,,52.0824189,16.6447126
399020625,way,supermarket,Lidl,,,Lidl,,,,52.0803988,16.6307888
399020626,way,supermarket,Netto,,,Netto,,,,52.0807072,16.638505
399188242,way,supermarket,Biedronka,,,Biedronka,,,,49.661925,22.0745814
399235555,way,supermarket,Biedronka,,,Biedronka,,,,51.7923605,19.438624
399367692,way,supermarket,Biedronka,,,Biedronka,,,,53.7640772,19.8355999
399432655,way,supermarket,Netto,,,Netto,,,,51.2690023,15.9478327
399438591,way,supermarket,Biedronka,,,Biedronka,,,,51.2675026,15.9473988
399654750,way,supermarket,Biedronka,,,Biedronka,,,,53.2660771,15.5552619
399732232,way,supermarket,Netto,,,Netto,,,,52.7967534,18.2752172
399751950,way,supermarket,Intermarché Super,,,Intermarché Super,,,,52.8758478,18.7725326
399896391,way,supermarket,Biedronka,,,Biedronka,,,,54.601859,18.2606166
399955282,way,supermarket,Lidl,,,Lidl,,,,50.8333905,19.1052796
400055739,way,supermarket,Lidl,,,Lidl,,,,51.7508627,19.4688843
400109652,way,supermarket,Netto,,,Netto,,,,50.8032886,19.0913932
400593311,way,supermarket,Dino,,,Dino,,,,52.0615736,15.0778554
402463498,way,supermarket,Dino,,,Dino,,,,51.41859,18.6085757
402469761,way,supermarket,Biedronka,,,Biedronka,,,,51.4187719,18.6101033
402763342,way,supermarket,Biedronka,,,Biedronka,,,,51.2088073,16.1820524
402764076,way,supermarket,Biedronka,,,Biedronka,,,,51.2040663,16.1805534
403447678,way,supermarket,Netto,,,Netto,,,,52.143482,20.7190755
403452211,way,supermarket,Dino,,,Dino,,,,51.0610953,15.1693759
403696838,way,supermarket,Netto,,,Netto,,,,50.1475842,19.1339771
404114534,way,supermarket,Biedronka,,,Biedronka,,,,50.9259198,21.3826733
404592936,way,supermarket,Biedronka,,,Biedronka,,,,51.6493437,16.1092803
404647800,way,supermarket,Lidl,,,Lidl,,,,52.3841508,20.9231884
404805996,way,supermarket,Stokrotka,,,Stokrotka,,,,50.7233665,23.1286575
405214055,way,supermarket,Dino,,,Dino,,,,51.8987557,17.7584253
405246699,way,supermarket,Dino,,,Dino,,,,52.7990248,17.1917086
405319236,way,supermarket,Biedronka,,,Biedronka,,,,50.847339,15.6431408
405330093,way,supermarket,Biedronka,,,Biedronka,,,,51.0539618,18.4516342
405605173,way,supermarket,Biedronka,,,Biedronka,,,,49.7524318,21.4729347
405606669,way,supermarket,Biedronka,,,Biedronka,,,,49.7680538,21.4200609
405609702,way,supermarket,Carrefour,,,Carrefour,,,,49.7385668,21.4617728
405642208,way,supermarket,Biedronka,,,Biedronka,,,,49.7281023,21.4512263
405752464,way,supermarket,Intermarché,,,Intermarché,,,,52.8964367,16.5521338
405753480,way,supermarket,Biedronka,,,Biedronka,,,,52.907292,16.564101
405995720,way,supermarket,Biedronka,,,Biedronka,,,,50.1419578,19.1924587
406199333,way,supermarket,Biedronka,,,Biedronka,,,,52.3876741,18.5100826
406613155,way,supermarket,Biedronka,,,Biedronka,,,,51.0227981,18.4245182
406669818,way,supermarket,Dino,,,Dino,,,,51.7770014,18.1201199
406669821,way,supermarket,Dino,,,Dino,,,,51.7165578,18.0018682
406908090,way,supermarket,Netto,,,Netto,,,,51.0605036,18.454465
407208420,way,supermarket,Dino,,,Dino,,,,51.3676289,17.4626413
407297980,way,supermarket,Biedronka,,,Biedronka,,,,51.1417929,17.1662995
407466312,way,supermarket,Biedronka,,,Biedronka,,,,51.7248759,19.4428268
408036802,way,supermarket,Biedronka,,,Biedronka,,,,53.77325,15.4066168
408301941,way,supermarket,Biedronka,,,Biedronka,,,,53.5425326,15.5602142
408349581,way,supermarket,Biedronka,,,Biedronka,,,,53.6339775,15.6187995
409085186,way,supermarket,Biedronka,,,Biedronka,,,,51.2888731,15.2067146
409448946,way,supermarket,Lidl,,,Lidl,,,,52.2463037,20.8545478
409551381,way,supermarket,Biedronka,,,Biedronka,,,,50.1018738,19.9295531
411048337,way,supermarket,Dino,,,Dino,,,,51.4776991,17.3489732
411161920,way,supermarket,Dino,,,Dino,,,,50.8516544,19.9842588
411297329,way,supermarket,Dino,,,Dino,,,,52.3449482,18.6592818
411472941,way,supermarket,Dino,,,Dino,,,,51.5712707,17.6908866
411637571,way,supermarket,Netto,,,Netto,,,,52.4610479,16.6760757
411637575,way,supermarket,Dino,,,Dino,,,,52.4337559,16.6441678
411903878,way,supermarket,Biedronka,,,Biedronka,,,,50.3514553,17.8645128
411936104,way,supermarket,Biedronka,,,Biedronka,,,,49.9616769,21.969653
412504590,way,supermarket,Biedronka,,,Biedronka,,,,52.1254449,20.6904416
412538593,way,supermarket,Netto,,,Netto,,,,52.1745927,20.8002752
413021542,way,supermarket,Biedronka,,,Biedronka,,,,50.0634275,19.453611
413079580,way,supermarket,Biedronka,,,Biedronka,,,,50.8516147,21.0836431
413098749,way,supermarket,Dino,,,Dino,,,,51.2546286,16.0616598
413179378,way,supermarket,Biedronka,,,Biedronka,,,,50.1532314,19.2600332
413546662,way,supermarket,Biedronka,,,Biedronka,,,,53.1776597,18.060296
413600326,way,supermarket,Biedronka,,,Biedronka,,,,51.7184664,19.4960219
413725731,way,supermarket,Netto,,,Netto,,,,50.1063256,19.324711
413799283,way,supermarket,Dino,,,Dino,,,,51.8891428,16.0758986
413934390,way,supermarket,Dino,,,Dino,,,,51.9309241,16.370422
414225823,way,supermarket,Biedronka,,,Biedronka,,,,53.2637767,20.8983079
414258441,way,supermarket,Intermarché Super,,,Intermarché Super,,,,50.3195843,17.3909632
414750765,way,supermarket,Dino,,,Dino,,,,51.3567852,16.1718319
414792781,way,supermarket,Dino,,,Dino,,,,51.5068152,16.2676826
415486668,way,supermarket,Biedronka,,,Biedronka,,,,52.3122122,15.0878166
415492717,way,supermarket,Dino,,,Dino,,,,51.4032191,16.1915572
415523986,way,supermarket,Biedronka,,,Biedronka,,,,53.5864875,17.875021
415524021,way,supermarket,Dino,,,Dino,,,,53.5785612,17.87627
415747259,way,supermarket,Biedronka,,,Biedronka,,,,53.3834633,22.1526223
415957574,way,supermarket,Biedronka,,,Biedronka,,,,52.2036456,21.1640262
416220167,way,supermarket,Lidl,,,Lidl,,,,50.0050681,19.9449007
416550791,way,supermarket,Dino,,,Dino,,,,51.7414133,16.0454278
416592899,way,supermarket,Netto,,,Netto,,,,51.7803209,18.0902417
417100330,way,supermarket,Biedronka,,,Biedronka,,,,49.8805461,18.946788
417307955,way,supermarket,Dino,,,Dino,,,,51.0230935,18.0296446
417409203,way,supermarket,Dino,,,Dino,,,,51.6430903,17.3741751
417416684,way,supermarket,Dino,,,Dino,,,,51.6490985,17.381445
417535295,way,supermarket,Biedronka,,,Biedronka,,,,50.5665718,21.6667213
417971000,way,supermarket,Dino,,,Dino,,,,50.7144495,19.9824137
418075249,way,supermarket,Biedronka,,,Biedronka,,,,50.6645475,21.8444084
418278427,way,supermarket,Biedronka,,,Biedronka,,,,51.2837925,18.0064788
418606897,way,supermarket,Auchan,,,Auchan,,,,51.2649497,17.3483787
419055812,way,supermarket,Stokrotka Market,,,Stokrotka Market,,,,51.4028685,16.2079666
419083343,way,supermarket,Dino,,,Dino,,,,51.1466466,17.8502158
419856533,way,supermarket,Biedronka,,,Biedronka,,,,52.6738838,18.332986
420469412,way,supermarket,Biedronka,,,Biedronka,,,,50.7549861,20.6199878
421267333,way,supermarket,Biedronka,,,Biedronka,,,,51.8857286,17.0118509
421330571,way,supermarket,Dino,,,Dino,,,,52.2081348,19.5789653
421616778,way,supermarket,Dino,,,Dino,,,,51.9027722,16.6683191
421771756,way,supermarket,Biedronka,,,Biedronka,,,,50.8707212,20.6480594
421951243,way,supermarket,Netto,,,Netto,,,,52.3447133,20.8722705
421954903,way,supermarket,Biedronka,,,Biedronka,,,,50.102457,19.3177133
422002479,way,supermarket,Biedronka,,,Biedronka,,,,52.4005846,16.9368752
422075503,way,supermarket,Dino,,,Dino,,,,54.0927301,15.0742635
422287596,way,supermarket,Biedronka,,,Biedronka,,,,51.1684342,17.0257393
422484582,way,supermarket,Biedronka,,,Biedronka,,,,50.2005014,19.1323785
422588693,way,supermarket,Biedronka,,,Biedronka,,,,50.522263,22.1331648
422594397,way,supermarket,Biedronka,,,Biedronka,,,,49.3557464,20.8944086
422637767,way,supermarket,Biedronka,,,Biedronka,,,,50.4448423,22.2543013
422869320,way,supermarket,Netto,,,Netto,,,,50.516471,20.5352595
422869325,way,supermarket,Biedronka,,,Biedronka,,,,50.5161903,20.5329487
423108630,way,supermarket,Lidl,,,Lidl,,,,50.0024368,18.4700572
423114956,way,supermarket,Biedronka,,,Biedronka,,,,52.8570705,19.6658122
423357959,way,supermarket,Dino,,,Dino,,,,50.9975434,18.0510497
423558477,way,supermarket,Dino,,,Dino,,,,52.9737716,17.0964818
423637714,way,supermarket,Netto,,,Netto,,,,50.7536467,17.8528888
423966721,way,supermarket,Biedronka,,,Biedronka,,,,52.5250736,17.6015758
424307189,way,supermarket,Biedronka,,,Biedronka,,,,52.3912341,16.8673948
424323161,way,supermarket,Stokrotka,,,Stokrotka,,,,53.577114,23.1083528
424589984,way,supermarket,Dino,,,Dino,,,,51.1082604,20.7570409
424618472,way,supermarket,Dino,,,Dino,,,,52.0783458,19.1962448
424763322,way,supermarket,Dino,,,Dino,,,,50.7983281,18.5806821
424936681,way,supermarket,Lidl,,,Lidl,,,,50.0937804,18.569767
424950046,way,supermarket,Biedronka,,,Biedronka,,,,50.8521372,20.6311016
425051530,way,supermarket,Dino,,,Dino,,,,51.2170089,18.1440037
425288511,way,supermarket,Dino,,,Dino,,,,50.5968239,17.6512787
425470487,way,supermarket,Dino,,,Dino,,,,50.9047933,17.8361146
425582561,way,supermarket,Dino,,,Dino,,,,50.8833364,18.6914928
425776706,way,supermarket,Lidl,,,Lidl,,,,49.5941015,20.6793445
425934385,way,supermarket,Biedronka,,,Biedronka,,,,49.5620415,20.612051
426036164,way,supermarket,Dino,,,Dino,,,,52.990881,18.5448313
426714113,way,supermarket,Biedronka,,,Biedronka,,,,50.5079196,18.3136475
427022780,way,supermarket,Dino,,,Dino,,,,50.6558476,18.3860479
427367874,way,supermarket,Biedronka,,,Biedronka,,,,50.2053609,17.8177883
427375946,way,supermarket,Biedronka,,,Biedronka,,,,50.1952211,17.8335116
427386234,way,supermarket,Intermarché Super,,,Intermarché Super,,,,50.1961781,17.8359757
427395850,way,supermarket,Kaufland,,,Kaufland,,,,50.598287,16.8062952
427460205,way,supermarket,Biedronka,,,Biedronka,,,,51.6403907,17.8378961
427468324,way,supermarket,Biedronka,,,Biedronka,,,,52.2587818,21.1553762
427606340,way,supermarket,Biedronka,,,Biedronka,,,,52.410499,16.9230016
427652498,way,supermarket,Stokrotka,,,Stokrotka,,,,50.0512471,17.7924259
427700424,way,supermarket,Biedronka,,,Biedronka,,,,50.8862656,21.850848
427750281,way,supermarket,Biedronka,,,Biedronka,,,,50.4903492,17.9705338
427973717,way,supermarket,Biedronka,,,Biedronka,,,,52.8952412,18.406287
428039465,way,supermarket,Dino,,,Dino,,,,50.9603248,17.7637918
428150422,way,supermarket,Netto,,,Netto,,,,52.2439704,20.8659172
428211638,way,supermarket,Dino,,,Dino,,,,52.6047554,15.9136187
428452501,way,supermarket,Biedronka,,,Biedronka,,,,49.7980566,18.7998864
428534305,way,supermarket,Netto,,,Netto,,,,52.1787627,20.8826919
428767946,way,supermarket,Biedronka,,,Biedronka,,,,49.8596534,19.7949839
429238181,way,supermarket,Biedronka,,,Biedronka,,,,50.4843619,17.5980356
429420685,way,supermarket,Dino,,,Dino,,,,50.5946677,17.3826723
429993303,way,supermarket,Dino,,,Dino,,,,50.714884,17.994556
430108095,way,supermarket,Dino,,,Dino,,,,53.609107,15.0099617
430231511,way,supermarket,Biedronka,,,Biedronka,,,,50.0162295,20.8640805
430763567,way,supermarket,Stokrotka,,,Stokrotka,,,,52.3146364,21.0599072
430793695,way,supermarket,Dino,,,Dino,,,,50.3788316,17.9983148
430932632,way,supermarket,Netto,,,Netto,,,,53.3595904,17.0528517
431226775,way,supermarket,Biedronka,,,Biedronka,,,,52.371456,16.8158754
431463857,way,supermarket,Lidl,,,Lidl,,,,50.3527571,18.2354402
431565529,way,supermarket,Netto,,,Netto,,,,52.9262934,14.8739316
431568776,way,supermarket,Biedronka,,,Biedronka,,,,52.9234393,14.8650994
431627838,way,supermarket,Dino,,,Dino,,,,53.4621396,14.7718051
431828930,way,supermarket,Biedronka,,,Biedronka,,,,53.5659653,14.8292887
431831104,way,supermarket,Intermarché,,,Intermarché,,,,52.9241594,14.8783157
431831106,way,supermarket,Lidl,,,Lidl,,,,52.9223061,14.8800914
432835463,way,supermarket,Dino,,,Dino,,,,50.0016148,18.9865636
432861951,way,supermarket,Kaufland,,,Kaufland,,,,53.4414998,14.5559518
433213769,way,supermarket,Biedronka,,,Biedronka,,,,53.1073112,17.9894439
433834564,way,supermarket,Biedronka,,,Biedronka,,,,50.7992623,19.0630369
434313868,way,supermarket,Biedronka,,,Biedronka,,,,49.934822,19.946943
434817538,way,supermarket,Stokrotka,,,Stokrotka,,,,53.7981532,20.4275941
435039021,way,supermarket,Netto,,,Netto,,,,50.6066788,18.4827206
435055903,way,supermarket,Biedronka,,,Biedronka,,,,54.3558938,18.6171619
435073822,way,supermarket,Kaufland,,,Kaufland,,,,49.6872812,21.7680771
435109983,way,supermarket,Biedronka,,,Biedronka,,,,52.9905789,15.212293
435293308,way,supermarket,Dino,,,Dino,,,,51.9789458,17.8622779
435312365,way,supermarket,Biedronka,,,Biedronka,,,,50.0969709,19.9127177
435499098,way,supermarket,Lidl,,,Lidl,,,,52.3676054,16.8097084
435640644,way,supermarket,Lidl,,,Lidl,,,,52.9912307,15.210281
435857523,way,supermarket,Netto,,,Netto,,,,49.4324394,20.706072
436025799,way,supermarket,Lidl,,,Lidl,,,,53.9091359,14.2574997
436218482,way,supermarket,Stokrotka,,,Stokrotka,,,,51.2210344,22.4309971
436374109,way,supermarket,Biedronka,,,Biedronka,,,,52.861608,21.0986392
436451797,way,supermarket,Netto,,,Netto,,,,50.2871003,18.9499511
436535466,way,supermarket,Biedronka,,,Biedronka,,,,50.2767611,18.7954322
436540435,way,supermarket,Biedronka,,,Biedronka,,,,51.1681408,21.2335462
436606449,way,supermarket,Dino,,,Dino,,,,53.4943494,18.4543741
437003980,way,supermarket,Biedronka,,,Biedronka,,,,52.4390032,20.6117018
437294654,way,supermarket,Dino,,,Dino,,,,50.6767712,21.0473957
437345244,way,supermarket,Lidl,,,Lidl,,,,52.3346684,21.1136554
437450405,way,supermarket,Biedronka,,,Biedronka,,,,52.1940258,14.8010248
437720188,way,supermarket,Dino,,,Dino,,,,50.6694991,18.072762
437720192,way,supermarket,Netto,,,Netto,,,,50.6692344,18.0706688
437889366,way,supermarket,Biedronka,,,Biedronka,,,,53.9796855,22.0302558
438057309,way,supermarket,Biedronka,,,Biedronka,,,,52.3262558,21.1035145
438083938,way,supermarket,Dino,,,Dino,,,,50.6360281,17.8149834
438163656,way,supermarket,Biedronka,,,Biedronka,,,,54.499635,18.4340192
438212841,way,supermarket,Biedronka,,,Biedronka,,,,50.0477083,21.3994382
438403106,way,supermarket,Biedronka,,,Biedronka,,,,52.8617371,19.6731
438507541,way,supermarket,Biedronka,,,Biedronka,,,,52.2806442,17.041635
438625206,way,supermarket,Biedronka,,,Biedronka,,,,54.4736456,18.3798977
438736457,way,supermarket,Biedronka,,,Biedronka,,,,50.6036797,18.4875491
438804189,way,supermarket,Biedronka,,,Biedronka,,,,53.7354416,23.4025868
439050198,way,supermarket,Biedronka,,,Biedronka,,,,53.8510927,18.399256
439259310,way,supermarket,Biedronka,,,Biedronka,,,,51.9221725,22.3791255
439273456,way,supermarket,Lidl,,,Lidl,,,,52.6456709,16.8161201
439325569,way,supermarket,Biedronka,,,Biedronka,,,,52.644277,16.814559
439961592,way,supermarket,Biedronka,,,Biedronka,,,,52.2474893,21.1973315
440018635,way,supermarket,Biedronka,,,Biedronka,,,,53.0021589,15.2056446
440051693,way,supermarket,Biedronka,,,Biedronka,,,,50.7090534,22.4193041
440641836,way,supermarket,Netto,,,Netto,,,,52.3242375,21.064792
440644095,way,supermarket,Stokrotka,,,Stokrotka,,,,53.6826124,23.0965223
440734788,way,supermarket,Biedronka,,,Biedronka,,,,54.4996941,18.4564869
440855672,way,supermarket,Intermarché,,,Intermarché,,,,52.853206,19.1809808
441257096,way,supermarket,Stokrotka Optima,,,Stokrotka Optima,,,,51.2458427,22.5127228
441277912,way,supermarket,Biedronka,,,Biedronka,,,,52.204415,18.6232219
441506516,way,supermarket,Stokrotka,,,Stokrotka,,,,51.2474857,22.5017735
441519780,way,supermarket,Biedronka,,,Biedronka,,,,52.2363035,21.2548445
441742544,way,supermarket,Biedronka,,,Biedronka,,,,51.6620387,19.3297969
442603962,way,supermarket,Lidl,,,Lidl,,,,50.0201755,21.9787467
442938307,way,supermarket,Biedronka,,,Biedronka,,,,51.0394617,18.5973615
442941542,way,supermarket,Dino,,,Dino,,,,51.474738,16.9050353
442995817,way,supermarket,Dino,,,Dino,,,,50.0815822,18.001627
443066895,way,supermarket,Biedronka,,,Biedronka,,,,50.9933246,21.7159758
443217752,way,supermarket,Dino,,,Dino,,,,50.2418113,18.047355
443343822,way,supermarket,Biedronka,,,Biedronka,,,,51.1343074,21.0563629
443346632,way,supermarket,Biedronka,,,Biedronka,,,,52.370199,21.0305162
443809518,way,supermarket,Lidl,,,Lidl,,,,50.2662739,19.0505755
444423887,way,supermarket,Biedronka,,,Biedronka,,,,51.3752372,20.2682865
444709663,way,supermarket,Biedronka,,,Biedronka,,,,54.0083435,17.7725721
444963488,way,supermarket,Biedronka,,,Biedronka,,,,53.7911327,20.5059391
445025641,way,supermarket,Biedronka,,,Biedronka,,,,49.9878031,21.9416396
445093105,way,supermarket,Biedronka,,,Biedronka,,,,50.4483752,18.8175489
445266800,way,supermarket,Dino,,,Dino,,,,52.5554256,16.0845583
445347680,way,supermarket,Kaufland,,,Kaufland,,,,51.8716596,20.8660925
445567859,way,supermarket,Biedronka,,,Biedronka,,,,51.478034,22.5946856
445640733,way,supermarket,Biedronka,,,Biedronka,,,,53.4098535,21.921905
446546942,way,supermarket,Dino,,,Dino,,,,52.9955395,15.2036261
446594756,way,supermarket,Dino,,,Dino,,,,51.4377714,21.0086242
446825264,way,supermarket,Netto,,,Netto,,,,50.6483961,20.2918015
446863827,way,supermarket,Dino,,,Dino,,,,50.3171451,18.1310187
446874586,way,supermarket,Dino,,,Dino,,,,51.3734566,18.4338855
446913695,way,supermarket,Dino,,,Dino,,,,52.6205375,21.0191623
446968859,way,supermarket,Dino,,,Dino,,,,52.1800973,18.6342625
447727017,way,supermarket,Dino,,,Dino,,,,51.9605042,14.7258392
447727796,way,supermarket,Biedronka,,,Biedronka,,,,51.9628297,14.7221204
447918397,way,supermarket,Biedronka,,,Biedronka,,,,51.9570809,21.5381783
447936597,way,supermarket,Dino,,,Dino,,,,51.6113598,15.1041732
447956337,way,supermarket,Dino,,,Dino,,,,51.6013273,15.1674538
447966094,way,supermarket,Biedronka,,,Biedronka,,,,51.6302544,15.1283786
448175978,way,supermarket,Dino,,,Dino,,,,51.1786642,18.4849727
448510567,way,supermarket,Dino,,,Dino,,,,51.0778733,16.8921762
448510573,way,supermarket,Biedronka,,,Biedronka,,,,51.076763,16.8920825
448654840,way,supermarket,Dino,,,Dino,,,,51.6500149,16.1196177
449030971,way,supermarket,Dino,,,Dino,,,,51.5865314,19.145492
449034028,way,supermarket,Biedronka,,,Biedronka,,,,51.5923827,19.1574944
449036958,way,supermarket,Dino,,,Dino,,,,51.5863727,19.1618735
449441229,way,supermarket,Kaufland,,,Kaufland,,,,50.6436181,20.2949513
449508722,way,supermarket,Dino,,,Dino,,,,51.1711703,18.2871539
449970786,way,supermarket,Lidl,,,Lidl,,,,53.3846949,14.4791859
450108360,way,supermarket,Dino,,,Dino,,,,52.3699758,16.8759287
450490506,way,supermarket,Netto,,,Netto,,,,51.6076946,19.5344409
451065976,way,supermarket,Netto,,,Netto,,,,50.2265381,19.2205313
451088434,way,supermarket,Biedronka,,,Biedronka,,,,49.9812378,19.9094399
451127497,way,supermarket,Biedronka,,,Biedronka,,,,50.8468864,18.9197617
451327233,way,supermarket,Biedronka,,,Biedronka,,,,53.8003262,20.43764
451417289,way,supermarket,Dino,,,Dino,,,,52.5136955,16.5741613
451417815,way,supermarket,Lidl,,,Lidl,,,,50.0286411,19.9354325
451479674,way,supermarket,Dino,,,Dino,,,,52.5827577,15.0072099
451770087,way,supermarket,Biedronka,,,Biedronka,,,,49.7097653,19.6871336
451853236,way,supermarket,Biedronka,,,Biedronka,,,,52.5497414,18.4945889
451975778,way,supermarket,Biedronka,,,Biedronka,,,,49.9719395,18.983603
452040025,way,supermarket,Dino,,,Dino,,,,51.1210514,15.8166234
452087619,way,supermarket,Lidl,,,Lidl,,,,54.2728776,18.6111976
452142785,way,supermarket,Biedronka,,,Biedronka,,,,53.3823005,14.4779209
452240379,way,supermarket,Lidl,,,Lidl,,,,54.17532,19.3921018
452291785,way,supermarket,Stokrotka,,,Stokrotka,,,,50.6000531,16.7462023
453117587,way,supermarket,Biedronka,,,Biedronka,,,,50.9890687,23.1815509
453491701,way,supermarket,Biedronka,,,Biedronka,,,,51.7795325,19.3910621
453515821,way,supermarket,Lidl,,,Lidl,,,,50.3173604,18.8134044
453723641,way,supermarket,Biedronka,,,Biedronka,,,,53.1413206,17.962317
453896043,way,supermarket,Dino,,,Dino,,,,51.8926522,17.0093367
453898219,way,supermarket,Dino,,,Dino,,,,51.8975058,17.0097833
453906164,way,supermarket,Dino,,,Dino,,,,52.0112325,16.5152006
454382929,way,supermarket,Dino,,,Dino,,,,51.2090874,20.8618039
454644714,way,supermarket,Dino,,,Dino,,,,52.4520989,16.4003929
454658522,way,supermarket,Biedronka,,,Biedronka,,,,52.649158,16.8052023
454687632,way,supermarket,Biedronka,,,Biedronka,,,,50.1568491,19.4812752
455140675,way,supermarket,Biedronka,,,Biedronka,,,,52.420797,21.176119
455272116,way,supermarket,Biedronka,,,Biedronka,,,,54.3055861,22.3031059
455558243,way,supermarket,Biedronka,,,Biedronka,,,,50.7488328,18.8804182
456268164,way,supermarket,Dino,,,Dino,,,,52.7022128,16.5272006
456586653,way,supermarket,Dino,,,Dino,,,,52.6517106,19.0416013
456683844,way,supermarket,Kaufland,,,Kaufland,,,,52.4296832,19.4673593
457001194,way,supermarket,Dino,,,Dino,,,,51.3530697,21.1294736
457858069,way,supermarket,Biedronka,,,Biedronka,,,,51.5283276,20.0369812
458452146,way,supermarket,Biedronka,,,Biedronka,,,,52.7735865,23.185625
458519683,way,supermarket,Biedronka,,,Biedronka,,,,50.5904348,16.8277609
458849683,way,supermarket,Dino,,,Dino,,,,51.9190004,16.5636219
458894808,way,supermarket,Lidl,,,Lidl,,,,52.2000314,18.6426556
459872232,way,supermarket,Lidl,,,Lidl,,,,51.1543778,17.1282021
460935008,way,supermarket,Dino,,,Dino,,,,52.5615999,14.802043
461070795,way,supermarket,Intermarché,,,Intermarché,,,,52.4399705,15.1218196
461193251,way,supermarket,Dino,,,Dino,,,,51.9863303,15.3096016
461736554,way,supermarket,Lidl,,,Lidl,,,,51.4320893,21.1670463
461867994,way,supermarket,Dino,,,Dino,,,,50.0546327,19.0980796
462131432,way,supermarket,Biedronka,,,Biedronka,,,,52.6477225,16.0896552
462214311,way,supermarket,Lidl,,,Lidl,,,,49.8096368,19.056961
462616721,way,supermarket,Dino,,,Dino,,,,52.4586487,14.8783091
463223112,way,supermarket,Dino,,,Dino,,,,50.8516052,16.0123224
463341666,way,supermarket,Lidl,,,Lidl,,,,53.4095963,14.5343525
463382532,way,supermarket,Dino,,,Dino,,,,51.220598,19.5973937
463570815,way,supermarket,Dino,,,Dino,,,,51.743517,16.5225909
464074954,way,supermarket,Biedronka,,,Biedronka,,,,53.6739438,17.3608447
464518298,way,supermarket,Biedronka,,,Biedronka,,,,49.9144078,18.7589997
465412090,way,supermarket,Kaufland,,,Kaufland,,,,50.0953907,18.5322379
466129490,way,supermarket,Biedronka,,,Biedronka,,,,51.9584067,21.9586354
467190511,way,supermarket,Biedronka,,,Biedronka,,,,51.3682972,21.1239211
467809516,way,supermarket,Stokrotka,,,Stokrotka,,,,54.3284465,18.5830878
467814916,way,supermarket,Dino,,,Dino,,,,52.7265766,22.7335722
467915895,way,supermarket,Dino,,,Dino,,,,51.7118991,16.2419199
467992846,way,supermarket,Biedronka,,,Biedronka,,,,51.7322298,19.4643422
468094242,way,supermarket,Biedronka,,,Biedronka,,,,49.8421298,20.6821731
468984949,way,supermarket,Dino,,,Dino,,,,51.5776554,17.9683661
469474148,way,supermarket,Kaufland,,,Kaufland,,,,50.2839149,19.175751
469478720,way,supermarket,Stokrotka,,,Stokrotka,,,,50.2846595,19.1857715
469542475,way,supermarket,Intermarché,,,Intermarché,,,,53.3695922,14.6657077
469787995,way,supermarket,Biedronka,,,Biedronka,,,,49.6285552,20.6789476
470016872,way,supermarket,Biedronka,,,Biedronka,,,,52.1780337,18.2715804
470357751,way,supermarket,Dino,,,Dino,,,,51.8712746,22.2001099
470508303,way,supermarket,Dino,,,Dino,,,,53.0785032,15.4900794
471199879,way,supermarket,Biedronka,,,Biedronka,,,,50.1975926,19.2776571
471635203,way,supermarket,Dino,,,Dino,,,,52.3601864,17.1333472
471636070,way,supermarket,Dino,,,Dino,,,,52.2379895,17.2656253
471994463,way,supermarket,Netto,,,Netto,,,,52.505245,16.2686825
472162192,way,supermarket,Biedronka,,,Biedronka,,,,50.2455719,19.0909877
472394972,way,supermarket,Dino,,,Dino,,,,53.6593148,17.3685622
472905318,way,supermarket,Netto,,,Netto,,,,54.4694377,17.0113431
473010762,way,supermarket,Stokrotka,,,Stokrotka,,,,51.1097274,22.3837512
473436860,way,supermarket,Biedronka,,,Biedronka,,,,51.3449767,19.5838811
473440233,way,supermarket,Netto,,,Netto,,,,53.475316,14.5198037
473851480,way,supermarket,Biedronka,,,Biedronka,,,,51.8426183,16.5640442
474143192,way,supermarket,Dino,,,Dino,,,,50.7525441,20.6175232
474185959,way,supermarket,Biedronka,,,Biedronka,,,,51.4302641,21.1497592
474219351,way,supermarket,Biedronka,,,Biedronka,,,,50.1401403,18.996742
474428122,way,supermarket,Dino,,,Dino,,,,51.827577,19.1869031
474475793,way,supermarket,Netto,,,Netto,,,,50.1298386,18.9709798
474488512,way,supermarket,Lidl,,,Lidl,,,,50.098199,18.99011
475627158,way,supermarket,Dino,,,Dino,,,,52.4783085,18.1659078
476012746,way,supermarket,Intermarché,,,Intermarché,,,,51.9535152,20.1609489
477365744,way,supermarket,Biedronka,,,Biedronka,,,,52.3528505,14.5616483
478013001,way,supermarket,Netto,,,Netto,,,,52.8526772,19.6602589
478047115,way,supermarket,Lidl,,,Lidl,,,,52.8531014,19.6702875
478398041,way,supermarket,Dino,,,Dino,,,,52.0092219,19.8120589
478504991,way,supermarket,Dino,,,Dino,,,,52.3240579,16.1181033
479872819,way,supermarket,Biedronka,,,Biedronka,,,,50.8904761,23.1569115
480243667,way,supermarket,Biedronka,,,Biedronka,,,,51.3717017,21.1920712
482087104,way,supermarket,Stokrotka,,,Stokrotka,,,,52.2585397,18.2277698
482089296,way,supermarket,Biedronka,,,Biedronka,,,,51.2495692,22.601144
482716688,way,supermarket,Dino,,,Dino,,,,53.2416459,17.60099
484354705,way,supermarket,Dino,,,Dino,,,,53.2008826,22.3855408
484874424,way,supermarket,Kaufland,,,Kaufland,,,,51.5605289,21.8406602
486112043,way,supermarket,Dino,,,Dino,,,,51.2244205,15.2822479
486740933,way,supermarket,Dino,,,Dino,,,,53.7167575,16.678491
487009756,way,supermarket,Lidl,,,Lidl,,,,51.2561985,22.5363643
487025393,way,supermarket,Dino,,,Dino,,,,52.6464698,16.0842161
487612516,way,supermarket,Biedronka,,,Biedronka,,,,52.3148163,16.8802346
487621274,way,supermarket,Dino,,,Dino,,,,52.2499382,16.8494984
487686814,way,supermarket,Biedronka,,,Biedronka,,,,51.4047146,21.1713559
488339959,way,supermarket,Dino,,,Dino,,,,51.7517567,19.2080658
488569479,way,supermarket,Dino,,,Dino,,,,50.7083867,16.5789184
488747165,way,supermarket,Stokrotka,,,Stokrotka,,,,53.0339618,21.1580161
489042004,way,supermarket,Dino,,,Dino,,,,51.8637281,17.0148469
489284761,way,supermarket,Biedronka,,,Biedronka,,,,51.4219628,15.9039163
489544614,way,supermarket,Dino,,,Dino,,,,52.7798229,18.5476369
489882158,way,supermarket,Dino,,,Dino,,,,52.5898648,14.6652858
490069089,way,supermarket,Kaufland,,,Kaufland,,,,51.699868,17.4314103
490189651,way,supermarket,Dino,,,Dino,,,,51.7719207,15.7275212
490262226,way,supermarket,Stokrotka,,,Stokrotka,,,,51.1606244,21.6511904
490323531,way,supermarket,Auchan,,,Auchan,,,,51.3822365,21.1706657
490324944,way,supermarket,Auchan,,,Auchan,,,,51.4256526,21.1543187
490734637,way,supermarket,Biedronka,,,Biedronka,,,,51.715926,17.9979451
490781008,way,supermarket,Stokrotka,,,Stokrotka,,,,51.4307345,21.1549232
490845107,way,supermarket,Kaufland,,,Kaufland,,,,50.8420116,16.4605783
491093493,way,supermarket,Biedronka,,,Biedronka,,,,50.0291277,20.2041951
491179888,way,supermarket,Dino,,,Dino,,,,52.8030254,18.8733463
491377792,way,supermarket,Stokrotka,,,Stokrotka,,,,50.8663411,21.999163
491531386,way,supermarket,Dino,,,Dino,,,,52.6947848,15.0917587
491882471,way,supermarket,Lidl,,,Lidl,,,,51.8531672,19.4098432
491886339,way,supermarket,Biedronka,,,Biedronka,,,,53.4282704,18.7248663
491972965,way,supermarket,Dino,,,Dino,,,,53.4038353,16.7909283
492192518,way,supermarket,Biedronka,,,Biedronka,,,,52.9614294,14.6147804
492639691,way,supermarket,Biedronka,,,Biedronka,,,,52.8446407,19.672246
492859282,way,supermarket,Biedronka,,,Biedronka,,,,53.1414382,18.1355718
493063468,way,supermarket,Biedronka,,,Biedronka,,,,51.08264,16.9686515
493139088,way,supermarket,Stokrotka,,,Stokrotka,,,,51.7679655,22.3164413
493391168,way,supermarket,Biedronka,,,Biedronka,,,,50.8183762,16.2693621
493748405,way,supermarket,Dino,,,Dino,,,,51.9059783,15.5726027
493749216,way,supermarket,Biedronka,,,Biedronka,,,,52.1872119,21.5445188
494844946,way,supermarket,Dino,,,Dino,,,,51.3179955,20.9979135
495172761,way,supermarket,Biedronka,,,Biedronka,,,,50.5597029,21.520214
495483453,way,supermarket,Biedronka,,,Biedronka,,,,52.3892639,16.8536515
496654749,way,supermarket,Biedronka,,,Biedronka,,,,52.1661503,21.10904
497402741,way,supermarket,Biedronka,,,Biedronka,,,,49.6257312,20.9552257
497834576,way,supermarket,Lidl,,,Lidl,,,,52.8023258,18.2547844
498572802,way,supermarket,Dino,,,Dino,,,,50.8799743,18.7581074
498660160,way,supermarket,Dino,,,Dino,,,,51.920558,17.2472617
498806746,way,supermarket,Biedronka,,,Biedronka,,,,50.6099705,22.962676
499047509,way,supermarket,Biedronka,,,Biedronka,,,,50.4629807,23.4199946
499548887,way,supermarket,Biedronka,,,Biedronka,,,,50.6194843,20.747253
500539428,way,supermarket,Biedronka,,,Biedronka,,,,54.0556321,14.941254
500690045,way,supermarket,Biedronka,,,Biedronka,,,,51.1868116,20.4214449
500796730,way,supermarket,Dino,,,Dino,,,,52.135961,17.3089679
501077648,way,supermarket,Biedronka,,,Biedronka,,,,51.0898,19.8718989
501115321,way,supermarket,Lidl,,,Lidl,,,,54.3121679,18.5691911
501655572,way,supermarket,Biedronka,,,Biedronka,,,,50.8919498,21.2020245
503321805,way,supermarket,Biedronka,,,Biedronka,,,,49.5726717,18.8933363
503620732,way,supermarket,Dino,,,Dino,,,,51.1303261,20.9739553
503758141,way,supermarket,Biedronka,,,Biedronka,,,,52.0672026,18.1640978
503841011,way,supermarket,Biedronka,,,Biedronka,,,,53.1879035,15.2007721
504556964,way,supermarket,Dino,,,Dino,,,,51.6689279,16.5259552
504747682,way,supermarket,Biedronka,,,Biedronka,,,,49.8234884,22.2350335
505631203,way,supermarket,Biedronka,,,Biedronka,,,,50.6641281,22.6731693
505776510,way,supermarket,Dino,,,Dino,,,,50.3830174,18.902337
505776518,way,supermarket,Dino,,,Dino,,,,50.3710206,18.4058233
505776519,way,supermarket,Dino,,,Dino,,,,50.3478147,18.8776427
506685066,way,supermarket,Lidl,,,Lidl,,,,51.991478,21.2108516
507410281,way,supermarket,Lidl,,,Lidl,,,,53.924341,14.4469916
507541264,way,supermarket,Dino,,,Dino,,,,50.3564092,21.248457
508286121,way,supermarket,Biedronka,,,Biedronka,,,,54.1682004,17.4955396
509026540,way,supermarket,Lidl,,,Lidl,,,,51.72321,19.4439228
509320212,way,supermarket,Dino,,,Dino,,,,51.0990027,19.7911644
509549308,way,supermarket,Stokrotka,,,Stokrotka,,,,54.1178964,22.9296537
509579648,way,supermarket,Intermarché,,,Intermarché,,,,52.0903379,17.0074798
509695571,way,supermarket,Biedronka,,,Biedronka,,,,50.9198373,23.5463745
509944934,way,supermarket,Biedronka,,,Biedronka,,,,52.257887,20.5790945
511130958,way,supermarket,Stokrotka,,,Stokrotka,,,,50.7054508,22.9972465
511204721,way,supermarket,Dino,,,Dino,,,,50.4283677,19.4014138
511749607,way,supermarket,Biedronka,,,Biedronka,,,,52.8015107,21.9012142
511758300,way,supermarket,Lidl,,,Lidl,,,,50.4381307,23.41775
512013747,way,supermarket,Biedronka,,,Biedronka,,,,50.071678,18.5482155
512469958,way,supermarket,Netto,,,Netto,,,,51.4175028,15.8935492
512507774,way,supermarket,Biedronka,,,Biedronka,,,,52.4195308,18.7615982
513343179,way,supermarket,Biedronka,,,Biedronka,,,,50.0347471,18.7733018
513502009,way,supermarket,Dino,,,Dino,,,,52.419736,18.7678099
514161823,way,supermarket,Lidl,,,Lidl,,,,54.4906075,18.425714
514500256,way,supermarket,Lidl,,,Lidl,,,,50.5714897,22.0712058
514749311,way,supermarket,Stokrotka,,,Stokrotka,,,,50.5742505,22.0633597
515036114,way,supermarket,Biedronka,,,Biedronka,,,,50.3157615,21.0778315
515054592,way,supermarket,Biedronka,,,Biedronka,,,,51.6943913,17.4477088
515496763,way,supermarket,Stokrotka Market,,,Stokrotka Market,,,,50.2361802,22.4451846
515907609,way,supermarket,Netto,,,Netto,,,,52.2548302,18.9119278
516240328,way,supermarket,Dino,,,Dino,,,,52.2214744,19.3413675
516327778,way,supermarket,Kaufland,,,Kaufland,,,,52.8136568,21.8889631
516384868,way,supermarket,Dino,,,Dino,,,,51.1186498,20.8593377
516621158,way,supermarket,Biedronka,,,Biedronka,,,,51.633929,15.1191533
516881532,way,supermarket,Dino,,,Dino,,,,52.8073677,17.1919219
516891623,way,supermarket,Biedronka,,,Biedronka,,,,50.8253796,19.0921303
516981886,way,supermarket,Dino,,,Dino,,,,51.1104161,20.861567
516981973,way,supermarket,Biedronka,,,Biedronka,,,,51.1138557,20.8824604
517081358,way,supermarket,Carrefour,,,Carrefour,,,,50.2908781,18.9667775
517885866,way,supermarket,Biedronka,,,Biedronka,,,,52.1244537,21.0972436
518199565,way,supermarket,Biedronka,,,Biedronka,,,,51.2970689,18.1471551
519165130,way,supermarket,Dino,,,Dino,,,,50.4662769,17.180335
520124145,way,supermarket,Dino,,,Dino,,,,52.7464679,15.2871974
520282833,way,supermarket,Lidl,,,Lidl,,,,49.2960375,19.9527133
521107658,way,supermarket,Biedronka,,,Biedronka,,,,51.6419909,17.3728996
521160217,way,supermarket,Biedronka,,,Biedronka,,,,54.1177412,16.6834999
521189586,way,supermarket,Dino,,,Dino,,,,52.5544723,16.6827628
521384113,way,supermarket,Dino,,,Dino,,,,52.4408746,16.7863326
521817499,way,supermarket,Netto,,,Netto,,,,52.2916929,20.8765516
522167673,way,supermarket,Biedronka,,,Biedronka,,,,53.1245548,17.8467279
522169984,way,supermarket,Dino,,,Dino,,,,50.625327,18.8435805
523301064,way,supermarket,Dino,,,Dino,,,,53.0275559,17.1181656
523459019,way,supermarket,Dino,,,Dino,,,,52.6806484,16.8700171
523839592,way,supermarket,Biedronka,,,Biedronka,,,,53.0954735,18.3290838
523982825,way,supermarket,Biedronka,,,Biedronka,,,,52.7572469,17.4846305
524174910,way,supermarket,Kaufland,,,Kaufland,,,,52.6504926,16.8187476
524456967,way,supermarket,Dino,,,Dino,,,,51.9992691,16.3728529
524732663,way,supermarket,Netto,,,Netto,,,,51.8933274,21.6194403
525034141,way,supermarket,Lidl,,,Lidl,,,,52.425481,16.9185619
525153866,way,supermarket,Biedronka,,,Biedronka,,,,52.7986098,18.2465214
525219413,way,supermarket,Dino,,,Dino,,,,51.373887,16.9575845
525248506,way,supermarket,Stokrotka,,,Stokrotka,,,,49.683718,21.756995
525354300,way,supermarket,Biedronka,,,Biedronka,,,,52.057024,17.2609072
526598109,way,supermarket,Dino,,,Dino,,,,51.6049108,20.0507277
526897314,way,supermarket,Dino,,,Dino,,,,52.5180749,15.4174026
527207605,way,supermarket,Dino,,,Dino,,,,50.5596253,20.0522127
527244824,way,supermarket,Biedronka,,,Biedronka,,,,51.5041074,16.0792152
527377468,way,supermarket,Lidl,,,Lidl,,,,53.3612323,14.742084
528123538,way,supermarket,Dino,,,Dino,,,,51.2476903,20.1725101
528163414,way,supermarket,Dino,,,Dino,,,,52.0900855,18.8196219
528344939,way,supermarket,Dino,,,Dino,,,,51.964669,15.4548731
528892395,way,supermarket,Stokrotka,,,Stokrotka,,,,49.7535907,19.2090721
529423219,way,supermarket,Dino,,,Dino,,,,52.1520273,15.4563334
530037119,way,supermarket,Lidl,,,Lidl,,,,51.7982638,15.7191518
530618513,way,supermarket,Dino,,,Dino,,,,53.8411242,14.6135046
531014891,way,supermarket,Netto,,,Netto,,,,52.2383394,19.6276599
531016545,way,supermarket,Dino,,,Dino,,,,52.2326898,19.6224554
531429207,way,supermarket,Biedronka,,,Biedronka,,,,54.3524855,16.676497
532261828,way,supermarket,Dino,,,Dino,,,,50.8053721,17.8816566
532497841,way,supermarket,Dino,,,Dino,,,,51.8621188,16.6958469
532535410,way,supermarket,Kaufland,,,Kaufland,,,,53.1313235,23.1340183
532765435,way,supermarket,Dino,,,Dino,,,,50.6484517,17.9068907
532806411,way,supermarket,Dino,,,Dino,,,,52.9180726,14.8586122
533213299,way,supermarket,Biedronka,,,Biedronka,,,,51.0268018,17.3318664
533222987,way,supermarket,Dino,,,Dino,,,,52.467687,16.6549727
533460086,way,supermarket,Dino,,,Dino,,,,52.4666902,16.6702727
533460226,way,supermarket,Biedronka,,,Biedronka,,,,52.4600453,16.654457
533923467,way,supermarket,Dino,,,Dino,,,,52.2062344,17.4885645
534119345,way,supermarket,Dino,,,Dino,,,,53.2616895,14.6196449
534149370,way,supermarket,Dino,,,Dino,,,,52.8384715,17.5030005
534230561,way,supermarket,Biedronka,,,Biedronka,,,,53.0403928,16.4634695
534231071,way,supermarket,Biedronka,,,Biedronka,,,,53.0347177,16.4699429
534231155,way,supermarket,Dino,,,Dino,,,,53.031519,16.4715771
534593964,way,supermarket,Lidl,,,Lidl,,,,52.4156422,16.9073775
535328550,way,supermarket,Dino,,,Dino,,,,50.8640655,17.9510337
535413029,way,supermarket,Dino,,,Dino,,,,51.9816418,17.0661677
535791384,way,supermarket,Stokrotka,,,Stokrotka,,,,51.7836429,21.1888292
536085041,way,supermarket,Dino,,,Dino,,,,51.7167595,17.2337473
536093535,way,supermarket,Dino,,,Dino,,,,52.7438795,17.3209777
536183352,way,supermarket,Dino,,,Dino,,,,51.1361178,16.7956482
536327369,way,supermarket,Dino,,,Dino,,,,51.8897231,16.5433155
536606518,way,supermarket,Biedronka,,,Biedronka,,,,52.3986447,19.7374913
536912131,way,supermarket,Biedronka,,,Biedronka,,,,50.5855447,24.039394
536914273,way,supermarket,Dino,,,Dino,,,,54.147576,15.5594068
536932682,way,supermarket,Dino,,,Dino,,,,52.9411829,17.3004252
536965442,way,supermarket,Dino,,,Dino,,,,53.0649701,17.8168555
537143220,way,supermarket,Intermarché,,,Intermarché,,,,52.9936871,16.9115641
537260115,way,supermarket,Dino,,,Dino,,,,53.1200393,17.2933074
537359496,way,supermarket,Lidl,,,Lidl,,,,52.8814137,20.5957892
537366430,way,supermarket,Dino,,,Dino,,,,51.0711994,20.2653192
538303503,way,supermarket,Dino,,,Dino,,,,52.2224128,16.5214715
538328879,way,supermarket,Dino,,,Dino,,,,52.0690959,15.851904
538474155,way,supermarket,Dino,,,Dino,,,,52.7271076,17.6549637
538513103,way,supermarket,Lidl,,,Lidl,,,,50.1349281,18.9921
538786908,way,supermarket,Biedronka,,,Biedronka,,,,53.3752146,14.6695503
539052746,way,supermarket,Biedronka,,,Biedronka,,,,52.7579464,16.976722
539105521,way,supermarket,Dino,,,Dino,,,,51.7935782,22.6286459
539200499,way,supermarket,Biedronka,,,Biedronka,,,,52.6297725,18.7247105
539446450,way,supermarket,Biedronka,,,Biedronka,,,,49.8756334,21.3015687
539676037,way,supermarket,Dino,,,Dino,,,,52.6302407,18.7191086
539885297,way,supermarket,Intermarché,,,Intermarché,,,,52.7330051,14.6955558
539986317,way,supermarket,Biedronka,,,Biedronka,,,,50.3564451,18.2537415
540061455,way,supermarket,Biedronka,,,Biedronka,,,,50.3790674,19.7556107
540435894,way,supermarket,Dino,,,Dino,,,,52.6010806,16.5975036
540650453,way,supermarket,Biedronka,,,Biedronka,,,,50.3085331,18.9036828
541432085,way,supermarket,Biedronka,,,Biedronka,,,,52.5717141,19.6455919
541452007,way,supermarket,Biedronka,,,Biedronka,,,,54.5402625,17.7419892
541747729,way,supermarket,Lidl,,,Lidl,,,,52.3326885,21.1944142
542781626,way,supermarket,Dino,,,Dino,,,,50.301086,19.3829348
542850545,way,supermarket,Dino,,,Dino,,,,52.6294177,17.4264043
542886895,way,supermarket,Dino,,,Dino,,,,52.7491685,17.488429
543067554,way,supermarket,Netto,,,Netto,,,,51.7769514,19.4698547
544135308,way,supermarket,Dino,,,Dino,,,,51.6572452,17.042468
544886775,way,supermarket,Biedronka,,,Biedronka,,,,50.1345326,18.8718031
544946641,way,supermarket,Biedronka,,,Biedronka,,,,52.3983288,17.2345235
545059698,way,supermarket,Stokrotka,,,Stokrotka,,,,51.8192703,19.4309991
545267142,way,supermarket,Biedronka,,,Biedronka,,,,53.5776656,16.5492714
545554843,way,supermarket,Biedronka,,,Biedronka,,,,51.1933673,15.3989429
545741955,way,supermarket,Lidl,,,Lidl,,,,53.1312852,18.1181782
545921414,way,supermarket,Biedronka,,,Biedronka,,,,52.115761,20.621989
546074128,way,supermarket,Biedronka,,,Biedronka,,,,53.7294983,22.6864116
546444683,way,supermarket,Dino,,,Dino,,,,51.7473133,15.5871181
546648946,way,supermarket,Stokrotka,,,Stokrotka,,,,51.3992636,20.4862894
546834289,way,supermarket,Biedronka,,,Biedronka,,,,51.7750378,19.5230398
547265186,way,supermarket,Biedronka,,,Biedronka,,,,50.1973797,21.2733967
547314138,way,supermarket,Dino,,,Dino,,,,51.6475523,15.1435505
547481269,way,supermarket,Lidl,,,Lidl,,,,50.3435852,18.2024012
548008942,way,supermarket,Biedronka,,,Biedronka,,,,54.5740401,18.1021824
548183094,way,supermarket,Intermarché Super,,,Intermarché Super,,,,49.742569,19.5914018
548420930,way,supermarket,Dino,,,Dino,,,,52.5083438,15.2370784
548563202,way,supermarket,Lidl,,,Lidl,,,,54.191545,16.2124071
548642804,way,supermarket,Biedronka,,,Biedronka,,,,51.7102931,19.4794925
548857487,way,supermarket,Dino,,,Dino,,,,52.6496201,18.9323072
548881704,way,supermarket,Lidl,,,Lidl,,,,50.8466138,19.1257548
548923369,way,supermarket,Dino,,,Dino,,,,51.5634986,15.5253574
549206171,way,supermarket,Biedronka,,,Biedronka,,,,50.3073507,19.0642852
549764989,way,supermarket,Dino,,,Dino,,,,50.8017601,20.4686557
549820038,way,supermarket,Biedronka,,,Biedronka,,,,49.5685712,19.0901637
549827890,way,supermarket,Kaufland,,,Kaufland,,,,51.6649713,16.0726553
550151165,way,supermarket,Biedronka,,,Biedronka,,,,51.5707539,16.7081754
550663940,way,supermarket,Biedronka,,,Biedronka,,,,53.3307664,18.2070992
550944501,way,supermarket,Netto,,,Netto,,,,53.4287356,19.5872557
551034084,way,supermarket,Netto,,,Netto,,,,52.3378866,16.8151256
551085277,way,supermarket,Biedronka,,,Biedronka,,,,51.9044631,22.7076121
551137516,way,supermarket,Intermarché Super,,,Intermarché Super,,,,49.9884106,20.0407291
551623215,way,supermarket,Biedronka,,,Biedronka,,,,50.0112958,20.9937388
551698955,way,supermarket,Dino,,,Dino,,,,53.1565834,16.7505342
552203328,way,supermarket,Biedronka,,,Biedronka,,,,49.489437,19.9663483
552547117,way,supermarket,Netto,,,Netto,,,,53.1847446,18.6036051
552786231,way,supermarket,Dino,,,Dino,,,,51.8571622,19.4210017
553052709,way,supermarket,Dino,,,Dino,,,,51.4202957,16.1347085
553338521,way,supermarket,Dino,,,Dino,,,,51.3300775,19.1079085
554725925,way,supermarket,Dino,,,Dino,,,,52.4300099,17.4863628
554922609,way,supermarket,Biedronka,,,Biedronka,,,,53.1218112,18.0381904
555003815,way,supermarket,Dino,,,Dino,,,,51.5572759,15.4513636
555003819,way,supermarket,Dino,,,Dino,,,,51.7432983,15.0156384
555198243,way,supermarket,Dino,,,Dino,,,,51.1565042,17.0329898
555459746,way,supermarket,Netto,,,Netto,,,,54.0035012,16.9861181
556362613,way,supermarket,Dino,,,Dino,,,,50.307801,18.8575571
556996003,way,supermarket,Netto,,,Netto,,,,50.2687021,18.8952205
557356783,way,supermarket,Dino,,,Dino,,,,51.6453719,17.7946358
557433287,way,supermarket,Netto,,,Netto,,,,52.4213613,20.9279815
557959754,way,supermarket,Biedronka,,,Biedronka,,,,51.7932462,21.6031548
558519652,way,supermarket,Dino,,,Dino,,,,51.3842234,16.2198135
558564446,way,supermarket,Dino,,,Dino,,,,53.11282,19.0507243
558773850,way,supermarket,Dino,,,Dino,,,,51.7010372,17.421786
559363259,way,supermarket,Dino,,,Dino,,,,50.0690128,18.342004
559817275,way,supermarket,Netto,,,Netto,,,,52.6280737,18.5298855
560360359,way,supermarket,Biedronka,,,Biedronka,,,,51.8491718,16.6038489
560392246,way,supermarket,Dino,,,Dino,,,,51.1319201,15.0116952
560403821,way,supermarket,Biedronka,,,Biedronka,,,,50.1847969,21.499811
561024262,way,supermarket,Dino,,,Dino,,,,54.7517464,17.5619885
562294410,way,supermarket,Biedronka,,,Biedronka,,,,54.1873832,16.2353863
562317556,way,supermarket,Biedronka,,,Biedronka,,,,50.8071735,16.277786
563326106,way,supermarket,Biedronka,,,Biedronka,,,,50.382704,18.9030091
563492756,way,supermarket,Dino,,,Dino,,,,50.0323963,18.6950128
564633670,way,supermarket,Lidl,,,Lidl,,,,52.2229379,21.137549
565556578,way,supermarket,Lidl,,,Lidl,,,,49.6661302,18.8461282
566101318,way,supermarket,Biedronka,,,Biedronka,,,,52.1742715,21.5616676
566767231,way,supermarket,Biedronka,,,Biedronka,,,,54.0216728,14.7471056
568521137,way,supermarket,Dino,,,Dino,,,,50.8552799,19.9546987
568583381,way,supermarket,Dino,,,Dino,,,,51.5396265,16.4438166
569026073,way,supermarket,Lidl,,,Lidl,,,,51.0475525,16.9666333
570698803,way,supermarket,Kaufland,,,Kaufland,,,,54.6090452,18.2472819
571262076,way,supermarket,Intermarché,,,Intermarché,,,,53.6325219,22.475584
571476008,way,supermarket,Lidl,,,Lidl,,,,49.8057839,19.043859
572210233,way,supermarket,Biedronka,,,Biedronka,,,,51.9065473,15.5091759
575041499,way,supermarket,Biedronka,,,Biedronka,,,,50.8224127,20.6209653
575060726,way,supermarket,Lidl,,,Lidl,,,,52.1085928,19.9309918
575234535,way,supermarket,Biedronka,,,Biedronka,,,,51.6456574,22.442202
576044182,way,supermarket,Biedronka,,,Biedronka,,,,53.6689312,17.3618245
576105311,way,supermarket,Dino,,,Dino,,,,52.4348585,16.7020481
577262551,way,supermarket,Lidl,,,Lidl,,,,52.3926691,16.9941299
577656720,way,supermarket,Biedronka,,,Biedronka,,,,53.1471535,16.7529082
577804629,way,supermarket,Netto,,,Netto,,,,50.4863231,19.4151953
577806245,way,supermarket,Lidl,,,Lidl,,,,50.484285,19.4163976
578065178,way,supermarket,Dino,,,Dino,,,,52.0722686,20.0696092
579011451,way,supermarket,Dino,,,Dino,,,,50.8841661,19.2556684
579309000,way,supermarket,Dino,,,Dino,,,,51.1302248,15.927696
579882939,way,supermarket,Intermarché,,,Intermarché,,,,49.9660253,20.4185624
580241001,way,supermarket,Biedronka,,,Biedronka,,,,52.1062855,16.1196939
580964466,way,supermarket,Biedronka,,,Biedronka,,,,53.26102,17.2584296
581099356,way,supermarket,Biedronka,,,Biedronka,,,,54.1093203,22.9368555
581633287,way,supermarket,Biedronka,,,Biedronka,,,,52.0822316,21.239788
581674123,way,supermarket,Lidl,,,Lidl,,,,50.2807954,19.5551351
583471385,way,supermarket,Biedronka,,,Biedronka,,,,51.297658,19.6383881
583596484,way,supermarket,Dino,,,Dino,,,,52.2253425,17.0912238
583881153,way,supermarket,Biedronka,,,Biedronka,,,,50.7410191,17.881644
584024673,way,supermarket,Dino,,,Dino,,,,54.6625967,17.0513593
584878166,way,supermarket,Lidl,,,Lidl,,,,50.5604271,22.0671771
584967998,way,supermarket,Dino,,,Dino,,,,52.8825914,16.1693
585767067,way,supermarket,Dino,,,Dino,,,,52.8790779,16.3813385
586049593,way,supermarket,Dino,,,Dino,,,,53.7406179,16.3553002
586102390,way,supermarket,Biedronka,,,Biedronka,,,,52.4777104,21.6251887
586367664,way,supermarket,Biedronka,,,Biedronka,,,,51.461544,22.4788728
586419588,way,supermarket,Intermarché,,,Intermarché,,,,51.2922169,18.1592832
587755494,way,supermarket,Kaufland,,,Kaufland,,,,50.0104252,22.6713231
587766394,way,supermarket,Lidl,,,Lidl,,,,50.8496284,20.6358058
587984406,way,supermarket,Kaufland,,,Kaufland,,,,51.4457631,22.6115656
588312187,way,supermarket,Dino,,,Dino,,,,51.2761661,20.4379078
588403994,way,supermarket,Lidl,,,Lidl,,,,51.0587501,17.0242094
588475182,way,supermarket,Stokrotka,,,Stokrotka,,,,51.7401887,21.6687734
588988789,way,supermarket,Dino,,,Dino,,,,53.2508266,19.6029541
589103867,way,supermarket,Biedronka,,,Biedronka,,,,52.1819041,22.9362947
589903486,way,supermarket,Biedronka,,,Biedronka,,,,51.7887728,19.3918375
590388575,way,supermarket,Biedronka,,,Biedronka,,,,52.3394196,21.2393069
590817218,way,supermarket,Dino,,,Dino,,,,53.0917861,18.131478
590958659,way,supermarket,Dino,,,Dino,,,,52.7762708,15.2304404
591234624,way,supermarket,Dino,,,Dino,,,,53.0046217,14.9761243
591276762,way,supermarket,Dino,,,Dino,,,,52.3613996,16.5270904
591369036,way,supermarket,Biedronka,,,Biedronka,,,,54.378116,19.8117427
591416408,way,supermarket,Netto,,,Netto,,,,53.3523533,14.9096849
591578138,way,supermarket,Auchan,,,Auchan,,,,50.0919185,19.8984279
591643471,way,supermarket,Dino,,,Dino,,,,52.8674944,18.7055733
592573179,way,supermarket,Biedronka,,,Biedronka,,,,52.9873912,22.253929
593315855,way,supermarket,Biedronka,,,Biedronka,,,,54.1532572,19.4180823
593506051,way,supermarket,Dino,,,Dino,,,,51.2809595,18.5638501
593924312,way,supermarket,Biedronka,,,Biedronka,,,,49.7320315,20.3206079
596114430,way,supermarket,Dino,,,Dino,,,,53.1995147,16.161287
596419191,way,supermarket,Stokrotka,,,Stokrotka,,,,51.7400934,19.8228246
596474762,way,supermarket,Intermarché,,,Intermarché,,,,51.6595336,17.8018715
596671868,way,supermarket,Dino,,,Dino,,,,52.8869554,16.9810164
597460488,way,supermarket,Lidl,,,Lidl,,,,52.4012088,20.928235
598082044,way,supermarket,Biedronka,,,Biedronka,,,,52.7773639,18.2535941
598100811,way,supermarket,Intermarché,,,Intermarché,,,,52.1192895,16.1237382
598332316,way,supermarket,Dino,,,Dino,,,,51.9764876,15.486533
598742227,way,supermarket,Lidl,,,Lidl,,,,52.3629619,21.0291185
600106364,way,supermarket,Dino,,,Dino,,,,51.1001249,17.1589097
600210877,way,supermarket,Stokrotka,,,Stokrotka,,,,51.2171787,22.6380739
600437253,way,supermarket,Dino,,,Dino,,,,53.8382964,16.4382116
601593979,way,supermarket,Biedronka,,,Biedronka,,,,50.157061,19.4619777
601981187,way,supermarket,Dino,,,Dino,,,,53.413337,17.1454294
602229121,way,supermarket,Lidl,,,Lidl,,,,54.353015,18.5008346
602454124,way,supermarket,Biedronka,,,Biedronka,,,,52.3907019,17.0673394
604039868,way,supermarket,Dino,,,Dino,,,,51.3652785,19.4073592
604333033,way,supermarket,Biedronka,,,Biedronka,,,,50.9759174,16.364412
605303297,way,supermarket,Lidl,,,Lidl,,,,52.3903483,17.067493
605569240,way,supermarket,Biedronka,,,Biedronka,,,,51.0940164,16.9818609
605731001,way,supermarket,Dino,,,Dino,,,,52.3243862,17.5946211
606028395,way,supermarket,Dino,,,Dino,,,,50.467321,19.0408067
606458471,way,supermarket,Dino,,,Dino,,,,53.3523533,17.4741736
606690915,way,supermarket,Dino,,,Dino,,,,51.5238086,20.0077449
606774088,way,supermarket,Dino,,,Dino,,,,52.4452783,15.607576
606998953,way,supermarket,Lidl,,,Lidl,,,,51.4044715,19.7165684
607802926,way,supermarket,Dino,,,Dino,,,,52.2409541,15.9300084
607819011,way,supermarket,Biedronka,,,Biedronka,,,,50.896209,15.7431405
608660639,way,supermarket,Biedronka,,,Biedronka,,,,52.1874375,21.5835045
610018522,way,supermarket,Dino,,,Dino,,,,51.5364461,14.7413449
610318207,way,supermarket,Dino,,,Dino,,,,52.7689977,17.7587937
610874787,way,supermarket,Biedronka,,,Biedronka,,,,51.4090094,19.6771393
610874793,way,supermarket,Biedronka,,,Biedronka,,,,51.4012611,19.6731413
611324132,way,supermarket,Biedronka,,,Biedronka,,,,53.6942709,22.4417009
611324135,way,supermarket,Dino,,,Dino,,,,53.6995694,22.4294701
611840783,way,supermarket,Dino,,,Dino,,,,52.3644934,17.4125827
611975591,way,supermarket,Stokrotka,,,Stokrotka,,,,50.5808294,22.0547271
612073597,way,supermarket,Lidl,,,Lidl,,,,51.1550292,16.8965702
612263012,way,supermarket,Carrefour Market,,,Carrefour Market,,,,50.5799821,22.0578875
612282988,way,supermarket,Biedronka,,,Biedronka,,,,50.5698862,22.0645781
612775061,way,supermarket,Biedronka,,,Biedronka,,,,50.9539026,22.3878372
613098669,way,supermarket,Lidl,,,Lidl,,,,50.1028199,19.9291577
613940689,way,supermarket,Dino,,,Dino,,,,51.3543856,20.6307547
613942055,way,supermarket,Dino,,,Dino,,,,51.5094236,20.7174255
614209929,way,supermarket,Biedronka,,,Biedronka,,,,49.8951564,18.8113751
614392188,way,supermarket,Biedronka,,,Biedronka,,,,53.594804,18.3471301
614512390,way,supermarket,Dino,,,Dino,,,,51.9912262,15.5612811
614730399,way,supermarket,Lidl,,,Lidl,,,,50.3218058,18.6638025
616076896,way,supermarket,Biedronka,,,Biedronka,,,,52.1631798,22.293224
616116412,way,supermarket,Lidl,,,Lidl,,,,50.2611365,19.0089287
616902366,way,supermarket,Biedronka,,,Biedronka,,,,54.5685158,18.0429043
617254124,way,supermarket,Dino,,,Dino,,,,53.4373076,15.5513065
617485679,way,supermarket,Dino,,,Dino,,,,53.4681658,16.6052241
619717294,way,supermarket,Dino,,,Dino,,,,50.4007143,16.3938479
619886001,way,supermarket,Dino,,,Dino,,,,50.9660172,19.4633978
621213625,way,supermarket,Lidl,,,Lidl,,,,50.4354545,16.2359116
622690113,way,supermarket,Dino,,,Dino,,,,53.1979255,19.6373378
623114939,way,supermarket,Dino,,,Dino,,,,51.0851516,19.452531
623134213,way,supermarket,Biedronka,,,Biedronka,,,,51.9734569,18.7968214
623921614,way,supermarket,Dino,,,Dino,,,,53.5387501,17.235975
624235018,way,supermarket,Biedronka,,,Biedronka,,,,52.1825925,20.7836295
625131389,way,supermarket,Stokrotka,,,Stokrotka,,,,51.9589118,19.2891193
625639436,way,supermarket,Stokrotka,,,Stokrotka,,,,53.9022733,17.9326483
625958979,way,supermarket,Dino,,,Dino,,,,50.1386117,18.7681065
626661605,way,supermarket,Dino,,,Dino,,,,52.0765673,19.6594375
627431350,way,supermarket,Dino,,,Dino,,,,50.825421,22.3162289
627844460,way,supermarket,Netto,,,Netto,,,,54.2138075,19.1109105
628419187,way,supermarket,Dino,,,Dino,,,,52.1331258,16.0125769
628448785,way,supermarket,Biedronka,,,Biedronka,,,,52.4531276,16.1883448
629207858,way,supermarket,Dino,,,Dino,,,,52.3635812,16.3196512
629290643,way,supermarket,Dino,,,Dino,,,,52.4676967,17.6902495
630698676,way,supermarket,Biedronka,,,Biedronka,,,,52.2997237,21.0296637
630766141,way,supermarket,Intermarché,,,Intermarché,,,,53.7121197,16.694238
631641772,way,supermarket,Dino,,,Dino,,,,51.9256299,15.9000286
631944638,way,supermarket,Dino,,,Dino,,,,52.3361009,18.9004863
632960265,way,supermarket,Dino,,,Dino,,,,51.660742,17.814411
633194244,way,supermarket,Lidl,,,Lidl,,,,52.1347819,21.0753806
633476578,way,supermarket,Biedronka,,,Biedronka,,,,51.8068438,19.4736779
633800282,way,supermarket,Dino,,,Dino,,,,52.2634642,15.6879464
635049967,way,supermarket,Biedronka,,,Biedronka,,,,53.0688629,19.9033898
635755738,way,supermarket,Dino,,,Dino,,,,52.9497387,17.9130586
635755775,way,supermarket,Biedronka,,,Biedronka,,,,52.9524469,17.9120523
636308041,way,supermarket,Stokrotka,,,Stokrotka,,,,51.2599263,22.6221667
636362112,way,supermarket,Dino,,,Dino,,,,52.3063825,17.5727824
636562564,way,supermarket,Stokrotka,,,Stokrotka,,,,49.9854745,20.984655
636706771,way,supermarket,Dino,,,Dino,,,,52.0764197,16.6366271
637157915,way,supermarket,Dino,,,Dino,,,,51.6330525,15.8881763
637288903,way,supermarket,Dino,,,Dino,,,,52.0733653,16.9795907
637489363,way,supermarket,Dino,,,Dino,,,,50.4478018,20.5896812
638370507,way,supermarket,Biedronka,,,Biedronka,,,,51.6901282,17.4296505
639688072,way,supermarket,Lidl,,,Lidl,,,,49.980866,19.9123208
640135564,way,supermarket,Lidl,,,Lidl,,,,52.9910653,18.6320876
640272680,way,supermarket,Biedronka,,,Biedronka,,,,53.1394723,14.8901321
640310422,way,supermarket,Lidl,,,Lidl,,,,50.1014909,18.5428011
640322934,way,supermarket,Biedronka,,,Biedronka,,,,50.2262715,19.0729733
641157618,way,supermarket,Dino,,,Dino,,,,49.7940081,18.6063888
643052020,way,supermarket,Dino,,,Dino,,,,49.7328691,18.7428455
643112707,way,supermarket,Biedronka,,,Biedronka,,,,54.4909266,17.0576155
643458336,way,supermarket,Biedronka,,,Biedronka,,,,54.180759,17.500545
645693950,way,supermarket,Biedronka,,,Biedronka,,,,51.1273489,16.8827955
645923268,way,supermarket,Dino,,,Dino,,,,51.9360056,15.5895406
647400519,way,supermarket,Lidl,,,Lidl,,,,51.1113551,17.00676
647875604,way,supermarket,Dino,,,Dino,,,,52.2118335,17.8128609
649544480,way,supermarket,Dino,,,Dino,,,,51.5615987,19.3910839
649728011,way,supermarket,Lidl,,,Lidl,,,,50.0357757,21.0130311
651671478,way,supermarket,Biedronka,,,Biedronka,,,,50.2991686,18.848111
652714766,way,supermarket,Lidl,,,Lidl,,,,54.1873798,19.4066268
652753235,way,supermarket,Dino,,,Dino,,,,50.3844397,16.6280202
653218609,way,supermarket,Dino,,,Dino,,,,50.8579435,20.4982144
653611041,way,supermarket,Dino,,,Dino,,,,50.040577,18.2918693
653712881,way,supermarket,Biedronka,,,Biedronka,,,,53.7464585,18.6870475
653758321,way,supermarket,Biedronka,,,Biedronka,,,,51.0569812,16.9730829
654232443,way,supermarket,Biedronka,,,Biedronka,,,,49.5920694,20.6300148
654482249,way,supermarket,Biedronka,,,Biedronka,,,,52.5537561,19.709292
654578617,way,supermarket,Biedronka,,,Biedronka,,,,51.7352834,19.4536851
654774095,way,supermarket,Lidl,,,Lidl,,,,50.1290869,18.9702543
654796552,way,supermarket,Dino,,,Dino,,,,52.9042168,18.1394663
655208060,way,supermarket,Netto,,,Netto,,,,50.8412758,19.1636964
655340176,way,supermarket,Dino,,,Dino,,,,52.5908223,17.2569865
655344550,way,supermarket,Dino,,,Dino,,,,52.6713321,17.1478636
655347094,way,supermarket,Dino,,,Dino,,,,53.1079648,17.1253023
655465339,way,supermarket,Dino,,,Dino,,,,52.5525256,17.6037902
655465608,way,supermarket,Dino,,,Dino,,,,52.2896528,16.9780118
655466740,way,supermarket,Dino,,,Dino,,,,52.4848552,16.7798667
655469278,way,supermarket,Dino,,,Dino,,,,52.6430586,16.8059775
655472696,way,supermarket,Lidl,,,Lidl,,,,53.1316927,17.9751253
655475626,way,supermarket,Dino,,,Dino,,,,52.3440516,16.9190667
655476515,way,supermarket,Dino,,,Dino,,,,52.8145471,16.8374635
655476538,way,supermarket,Dino,,,Dino,,,,52.3452603,17.5645183
655479058,way,supermarket,Dino,,,Dino,,,,52.847147,17.7462198
655479175,way,supermarket,Dino,,,Dino,,,,52.5135442,17.4647315
655681853,way,supermarket,Biedronka,,,Biedronka,,,,50.6257929,19.808864
655896595,way,supermarket,Stokrotka,,,Stokrotka,,,,49.9947765,21.8757418
656483427,way,supermarket,Lidl,,,Lidl,,,,53.7783355,20.5118322
656708002,way,supermarket,Biedronka,,,Biedronka,,,,52.1579939,21.2129354
656736941,way,supermarket,Biedronka,,,Biedronka,,,,51.8464493,16.5878028
658415454,way,supermarket,Dino,,,Dino,,,,51.6631652,17.8002185
659020779,way,supermarket,Biedronka,,,Biedronka,,,,50.7189918,23.286405
659063052,way,supermarket,Biedronka,,,Biedronka,,,,50.08909,18.2108759
659108457,way,supermarket,Dino,,,Dino,,,,50.6159806,16.4815892
659688074,way,supermarket,Dino,,,Dino,,,,52.6953029,16.3865267
659709218,way,supermarket,Biedronka,,,Biedronka,,,,50.572914,21.8700834
659723589,way,supermarket,Biedronka,,,Biedronka,,,,50.9474761,15.9252984
659811209,way,supermarket,Biedronka,,,Biedronka,,,,52.0559498,20.8668155
660412987,way,supermarket,Lidl,,,Lidl,,,,52.443023,16.9474513
660959197,way,supermarket,Biedronka,,,Biedronka,,,,50.9862052,18.2069408
661040968,way,supermarket,Dino,,,Dino,,,,54.2573032,16.0537595
661383612,way,supermarket,Biedronka,,,Biedronka,,,,53.231504,21.4675723
661602962,way,supermarket,Dino,,,Dino,,,,53.3223408,18.503241
661873373,way,supermarket,Biedronka,,,Biedronka,,,,52.7043276,16.5284937
662586047,way,supermarket,Biedronka,,,Biedronka,,,,50.8408025,16.5039814
662712693,way,supermarket,Lidl,,,Lidl,,,,50.5623226,21.1649949
662730742,way,supermarket,Biedronka,,,Biedronka,,,,50.4731336,19.2291711
662757110,way,supermarket,Intermarché,,,Intermarché,,,,53.1077713,20.3784539
662873976,way,supermarket,Dino,,,Dino,,,,52.0717161,17.5106533
664711407,way,supermarket,Dino,,,Dino,,,,51.0724448,17.7161475
665431611,way,supermarket,Biedronka,,,Biedronka,,,,49.9690961,21.1204246
666599666,way,supermarket,Dino,,,Dino,,,,51.9408455,17.5614093
666661138,way,supermarket,Dino,,,Dino,,,,50.8337296,15.7905285
666752722,way,supermarket,Lidl,,,Lidl,,,,51.1063318,15.5935909
667234479,way,supermarket,Lidl,,,Lidl,,,,50.3214308,19.0791311
668294675,way,supermarket,Dino,,,Dino,,,,53.0595653,16.7289819
668312722,way,supermarket,Biedronka,,,Biedronka,,,,50.6697711,17.9670653
668371167,way,supermarket,Biedronka,,,Biedronka,,,,53.585109,20.2900416
668371174,way,supermarket,Netto,,,Netto,,,,53.5856852,20.2876774
669142958,way,supermarket,Kaufland,,,Kaufland,,,,50.285816,18.6731571
669367855,way,supermarket,Lidl,,,Lidl,,,,53.1454156,23.1592667
669569736,way,supermarket,Biedronka,,,Biedronka,,,,52.3983702,17.2101005
669601276,way,supermarket,Dino,,,Dino,,,,52.1077363,16.6924674
669915900,way,supermarket,Dino,,,Dino,,,,50.3714965,18.8517202
670699635,way,supermarket,Dino,,,Dino,,,,54.05192,15.255591
670700224,way,supermarket,Biedronka,,,Biedronka,,,,52.4413823,16.8675286
671101689,way,supermarket,Biedronka,,,Biedronka,,,,52.2386662,19.3616526
671137988,way,supermarket,Dino,,,Dino,,,,53.2805739,15.3199544
671210946,way,supermarket,Biedronka,,,Biedronka,,,,54.476848,17.491851
671282845,way,supermarket,Netto,,,Netto,,,,51.1950902,20.4078253
673206503,way,supermarket,Dino,,,Dino,,,,50.1129952,19.043309
673911089,way,supermarket,Biedronka,,,Biedronka,,,,49.6474399,19.1664081
674231913,way,supermarket,Dino,,,Dino,,,,51.4004684,15.177676
674602761,way,supermarket,Dino,,,Dino,,,,52.1896902,18.4313212
675017656,way,supermarket,Kaufland,,,Kaufland,,,,50.4710373,20.6987138
675532967,way,supermarket,Lidl,,,Lidl,,,,50.0474406,18.4747103
675592160,way,supermarket,Biedronka,,,Biedronka,,,,49.8426437,19.1374968
675803465,way,supermarket,Lidl,,,Lidl,,,,52.4446346,16.9213105
676646285,way,supermarket,Kaufland,,,Kaufland,,,,51.2346099,22.5857178
677120044,way,supermarket,Netto,,,Netto,,,,50.3261265,19.2195674
677257185,way,supermarket,Dino,,,Dino,,,,51.8558642,16.6068671
677259852,way,supermarket,Dino,,,Dino,,,,51.8559231,16.5558042
677269254,way,supermarket,Lidl,,,Lidl,,,,53.372366,14.6048856
678151705,way,supermarket,Biedronka,,,Biedronka,,,,51.1467094,15.0091177
678166526,way,supermarket,Lidl,,,Lidl,,,,51.8017167,19.7474435
678229378,way,supermarket,Dino,,,Dino,,,,49.9142351,18.7520593
678935935,way,supermarket,Dino,,,Dino,,,,51.9294206,15.6492593
678987135,way,supermarket,Dino,,,Dino,,,,54.4754208,18.3764094
679060858,way,supermarket,Kaufland,,,Kaufland,,,,53.3928477,14.4987607
679300341,way,supermarket,Dino,,,Dino,,,,49.9224423,18.4793808
679312468,way,supermarket,Biedronka,,,Biedronka,,,,52.8188474,20.2970976
679586211,way,supermarket,Biedronka,,,Biedronka,,,,52.401443,22.6576547
680036620,way,supermarket,Lidl,,,Lidl,,,,51.7329676,19.5056348
680487904,way,supermarket,Stokrotka,,,Stokrotka,,,,49.988932,20.9017161
680699157,way,supermarket,Dino,,,Dino,,,,53.8054504,15.2637091
680720353,way,supermarket,Dino,,,Dino,,,,50.3148767,19.2900083
680774266,way,supermarket,Lidl,,,Lidl,,,,52.7858513,18.2555191
681073810,way,supermarket,Netto,,,Netto,,,,50.3522938,18.8772619
681217131,way,supermarket,Biedronka,,,Biedronka,,,,53.4581302,17.5450712
681552785,way,supermarket,Dino,,,Dino,,,,51.6357641,17.9567027
681554744,way,supermarket,Netto,,,Netto,,,,52.2551783,15.5318142
681588502,way,supermarket,Dino,,,Dino,,,,51.6356978,17.7292094
682461151,way,supermarket,Dino,,,Dino,,,,50.8709821,15.7546556
682502776,way,supermarket,Biedronka,,,Biedronka,,,,50.6448781,20.2781586
684197110,way,supermarket,Dino,,,Dino,,,,54.2896371,18.2196835
684470952,way,supermarket,Dino,,,Dino,,,,49.7118522,19.2707147
684471102,way,supermarket,Biedronka,,,Biedronka,,,,49.708648,19.2800536
684548830,way,supermarket,Dino,,,Dino,,,,51.2601,16.158799
684709451,way,supermarket,Lidl,,,Lidl,,,,53.1504642,23.113618
685322841,way,supermarket,Lidl,,,Lidl,,,,52.3114023,16.8780548
685518061,way,supermarket,Dino,,,Dino,,,,49.8780424,18.6065037
686086473,way,supermarket,Lidl,,,Lidl,,,,52.2270643,20.2380039
686310038,way,supermarket,Lidl,,,Lidl,,,,52.1643696,21.1076486
686914367,way,supermarket,Dino,,,Dino,,,,53.1805528,17.093213
687219163,way,supermarket,Lidl,,,Lidl,,,,50.285813,19.1794389
687227067,way,supermarket,Biedronka,,,Biedronka,,,,50.3165463,19.2475888
687624403,way,supermarket,Netto,,,Netto,,,,50.3912829,18.8818461
687624405,way,supermarket,Biedronka,,,Biedronka,,,,50.3920779,18.8785746
687850883,way,supermarket,Dino,,,Dino,,,,52.9608181,14.4224509
687850927,way,supermarket,Dino,,,Dino,,,,52.8816389,14.2102995
688116001,way,supermarket,Biedronka,,,Biedronka,,,,54.3374352,18.3405664
688224228,way,supermarket,Lidl,,,Lidl,,,,50.9259495,22.2324426
688243764,way,supermarket,Dino,,,Dino,,,,51.1359558,21.7599806
688312921,way,supermarket,Netto,,,Netto,,,,52.1098051,16.1120617
688742639,way,supermarket,Netto,,,Netto,,,,49.7299584,19.1317318
688744123,way,supermarket,Biedronka,,,Biedronka,,,,49.7296924,19.1275135
689376530,way,supermarket,Biedronka,,,Biedronka,,,,52.8111025,16.8372018
689608428,way,supermarket,Dino,,,Dino,,,,53.1272983,20.342594
690386025,way,supermarket,Biedronka,,,Biedronka,,,,50.6318287,20.3077292
690588545,way,supermarket,Lidl,,,Lidl,,,,51.758327,19.4319245
691014156,way,supermarket,Biedronka,,,Biedronka,,,,50.3061194,19.1814425
691164550,way,supermarket,Dino,,,Dino,,,,51.2590749,18.3247233
691490347,way,supermarket,Dino,,,Dino,,,,50.2844075,18.2026956
691700032,way,supermarket,Lidl,,,Lidl,,,,54.3452735,18.6005365
692060278,way,supermarket,Dino,,,Dino,,,,52.1022318,16.6407245
692067924,way,supermarket,Dino,,,Dino,,,,51.9778926,16.937303
692073375,way,supermarket,Dino,,,Dino,,,,52.0339922,16.6021597
692290709,way,supermarket,Dino,,,Dino,,,,52.1447208,20.7133263
692449925,way,supermarket,Dino,,,Dino,,,,52.2689139,20.1649052
692464746,way,supermarket,Dino,,,Dino,,,,53.206414,17.7986174
692646537,way,supermarket,Dino,,,Dino,,,,49.9876998,18.4279983
693145136,way,supermarket,Biedronka,,,Biedronka,,,,52.2096163,21.8167315
693359668,way,supermarket,Biedronka,,,Biedronka,,,,54.0410022,21.7909177
693914960,way,supermarket,Biedronka,,,Biedronka,,,,52.1471308,21.0917679
693915255,way,supermarket,Dino,,,Dino,,,,51.3306618,19.379587
694213798,way,supermarket,Dino,,,Dino,,,,51.9594711,16.3360045
694359073,way,supermarket,Dino,,,Dino,,,,51.3803694,20.9702271
694551160,way,supermarket,Biedronka,,,Biedronka,,,,52.2092699,20.8084696
694767085,way,supermarket,Dino,,,Dino,,,,52.3391071,16.8333867
694800353,way,supermarket,Dino,,,Dino,,,,51.6726918,14.8287848
695014138,way,supermarket,Stokrotka,,,Stokrotka,,,,54.0882139,22.9276933
695566712,way,supermarket,Dino,,,Dino,,,,49.6910662,19.1468742
695581725,way,supermarket,Dino,,,Dino,,,,49.9700359,18.5032407
696365897,way,supermarket,Biedronka,,,Biedronka,,,,50.9182766,19.3395772
696527128,way,supermarket,Netto,,,Netto,,,,51.7889127,21.1828984
696645221,way,supermarket,Stokrotka,,,Stokrotka,,,,51.4385852,18.9475284
697847730,way,supermarket,Dino,,,Dino,,,,52.1806387,20.8671464
698045975,way,supermarket,Dino,,,Dino,,,,51.3891538,17.4832246
698576022,way,supermarket,Dino,,,Dino,,,,49.7510036,19.0652963
698749980,way,supermarket,Dino,,,Dino,,,,54.0176419,14.7415507
698767627,way,supermarket,Biedronka,,,Biedronka,,,,49.8318498,20.9588629
700221682,way,supermarket,Biedronka,,,Biedronka,,,,51.4979142,19.7093813
700222528,way,supermarket,Dino,,,Dino,,,,51.4238064,19.6475583
700358073,way,supermarket,Dino,,,Dino,,,,51.6462269,21.0869163
700363615,way,supermarket,Dino,,,Dino,,,,51.8216501,20.9395178
700369483,way,supermarket,Dino,,,Dino,,,,53.7779423,15.776981
700414993,way,supermarket,Biedronka,,,Biedronka,,,,50.3567782,18.9312137
700554565,way,supermarket,Dino,,,Dino,,,,50.6740022,16.9118443
701165143,way,supermarket,Dino,,,Dino,,,,52.8635697,18.1401565
701477053,way,supermarket,Dino,,,Dino,,,,50.6871017,18.6713053
701590130,way,supermarket,Dino,,,Dino,,,,50.0461676,18.4547856
702098752,way,supermarket,Biedronka,,,Biedronka,,,,50.435721,20.9383652
702265615,way,supermarket,Dino,,,Dino,,,,53.0023016,17.7179038
702916610,way,supermarket,Lidl,,,Lidl,,,,54.3398425,18.6168319
703974418,way,supermarket,Kaufland,,,Kaufland,,,,51.3737841,20.273377
704066440,way,supermarket,Dino,,,Dino,,,,51.7093185,17.4393413
704150711,way,supermarket,Biedronka,,,Biedronka,,,,52.4726498,16.8760508
704158615,way,supermarket,Dino,,,Dino,,,,51.6010727,18.7897554
704719152,way,supermarket,Dino,,,Dino,,,,51.8075441,16.3098722
704734471,way,supermarket,Dino,,,Dino,,,,52.371153,19.9259573
704734480,way,supermarket,Dino,,,Dino,,,,52.3670089,19.6112311
704734492,way,supermarket,Dino,,,Dino,,,,52.2641394,19.8719235
704734499,way,supermarket,Dino,,,Dino,,,,52.2220608,20.0185489
704734507,way,supermarket,Dino,,,Dino,,,,52.2346144,20.2074549
704734517,way,supermarket,Dino,,,Dino,,,,52.4566521,20.1020847
704734521,way,supermarket,Dino,,,Dino,,,,52.5437685,20.1132118
704787894,way,supermarket,Stokrotka,,,Stokrotka,,,,54.2618713,20.7999863
704971692,way,supermarket,Dino,,,Dino,,,,52.9114122,15.0215115
705005235,way,supermarket,Dino,,,Dino,,,,52.1623706,16.4573379
705224868,way,supermarket,Dino,,,Dino,,,,50.4304781,18.8708392
705251945,way,supermarket,Dino,,,Dino,,,,53.2199301,16.8701043
705251990,way,supermarket,Dino,,,Dino,,,,53.4193001,16.8207954
705252008,way,supermarket,Dino,,,Dino,,,,53.1600691,17.4416518
705300576,way,supermarket,Dino,,,Dino,,,,51.3271147,21.4406123
705300748,way,supermarket,Dino,,,Dino,,,,51.1245009,21.4498711
705756947,way,supermarket,Lidl,,,Lidl,,,,52.0912285,20.8039738
705813140,way,supermarket,Dino,,,Dino,,,,53.3740246,14.4714726
705838514,way,supermarket,Biedronka,,,Biedronka,,,,51.1986054,22.5420356
705878792,way,supermarket,Dino,,,Dino,,,,52.5054573,16.2706836
706326208,way,supermarket,Netto,,,Netto,,,,52.2015174,21.149338
706453189,way,supermarket,Biedronka,,,Biedronka,,,,49.8660285,19.6806545
706612308,way,supermarket,Biedronka,,,Biedronka,,,,53.4908985,18.7817521
706859706,way,supermarket,Dino,,,Dino,,,,52.0270976,20.0563097
707009021,way,supermarket,Biedronka,,,Biedronka,,,,53.4047992,20.9427328
707345186,way,supermarket,Dino,,,Dino,,,,50.767504,19.8517956
707577466,way,supermarket,Intermarché,,,Intermarché,,,,50.7848055,16.0313108
708147963,way,supermarket,Dino,,,Dino,,,,53.2344742,19.3896615
708191656,way,supermarket,Dino,,,Dino,,,,51.4998294,19.8320104
709020906,way,supermarket,Biedronka,,,Biedronka,,,,52.3944153,21.0345588
709146871,way,supermarket,Dino,,,Dino,,,,52.3117856,19.4058407
709538502,way,supermarket,Stokrotka,,,Stokrotka,,,,51.8039175,22.9481131
710263542,way,supermarket,Biedronka,,,Biedronka,,,,53.9790316,20.7396489
710484439,way,supermarket,Biedronka,,,Biedronka,,,,54.1169922,20.1469031
710527515,way,supermarket,Dino,,,Dino,,,,51.056137,16.888357
710528380,way,supermarket,Dino,,,Dino,,,,51.0468917,16.6045993
711240642,way,supermarket,Lidl,,,Lidl,,,,52.4112694,21.1781621
711660906,way,supermarket,Dino,,,Dino,,,,50.9309574,17.1778763
712634693,way,supermarket,Biedronka,,,Biedronka,,,,53.3123627,17.9745169
712690701,way,supermarket,Biedronka,,,Biedronka,,,,49.426029,20.7237486
712997041,way,supermarket,Biedronka,,,Biedronka,,,,51.3289609,19.1079583
713595427,way,supermarket,Dino,,,Dino,,,,52.8614075,16.0898367
714796415,way,supermarket,Biedronka,,,Biedronka,,,,52.0706763,20.7002746
715042498,way,supermarket,Biedronka,,,Biedronka,,,,53.6434865,20.7833813
715300813,way,supermarket,Biedronka,,,Biedronka,,,,50.7097984,22.4073852
715349063,way,supermarket,Lidl,,,Lidl,,,,52.2374944,18.248234
715367388,way,supermarket,Dino,,,Dino,,,,49.9299865,18.3195943
716831705,way,supermarket,Lidl,,,Lidl,,,,52.1169939,16.1263213
717811827,way,supermarket,Dino,,,Dino,,,,52.2487703,16.6134566
718282557,way,supermarket,Dino,,,Dino,,,,53.0583775,19.912356
718338501,way,supermarket,Lidl,,,Lidl,,,,50.30533,18.7665233
718783936,way,supermarket,Dino,,,Dino,,,,54.6956766,18.2346697
718843774,way,supermarket,Dino,,,Dino,,,,52.0524325,20.4359715
719422014,way,supermarket,Dino,,,Dino,,,,52.3042453,19.1577138
719692029,way,supermarket,Lidl,,,Lidl,,,,50.3521644,18.890317
720007282,way,supermarket,Lidl,,,Lidl,,,,50.0026949,20.9612799
720251832,way,supermarket,Dino,,,Dino,,,,51.531527,17.9836915
720940209,way,supermarket,Biedronka,,,Biedronka,,,,52.8380629,19.1726148
722633555,way,supermarket,Dino,,,Dino,,,,51.6857466,17.9364128
722696235,way,supermarket,Dino,,,Dino,,,,50.9212125,21.3614379
722856056,way,supermarket,Dino,,,Dino,,,,52.1206179,19.9385641
722856855,way,supermarket,Dino,,,Dino,,,,52.1058843,19.9140021
722928198,way,supermarket,Dino,,,Dino,,,,53.0360685,16.4582924
722932153,way,supermarket,Dino,,,Dino,,,,53.0382753,16.4519592
722949574,way,supermarket,Biedronka,,,Biedronka,,,,52.4057986,17.0744008
723239994,way,supermarket,Dino,,,Dino,,,,54.3263493,19.1096177
724700909,way,supermarket,Dino,,,Dino,,,,52.0539779,19.1757926
725764871,way,supermarket,Lidl,,,Lidl,,,,52.099192,21.23574
726196564,way,supermarket,Biedronka,,,Biedronka,,,,50.2995469,21.4297296
727313157,way,supermarket,Lidl,,,Lidl,,,,54.4021178,18.5853055
727423267,way,supermarket,Dino,,,Dino,,,,51.7901542,15.7225261
727970732,way,supermarket,Dino,,,Dino,,,,50.5358911,17.5659923
729348309,way,supermarket,Dino,,,Dino,,,,51.8486271,16.5388874
729682397,way,supermarket,Dino,,,Dino,,,,52.0092377,15.1534706
729860378,way,supermarket,Biedronka,,,Biedronka,,,,54.2165475,21.735902
731945494,way,supermarket,Dino,,,Dino,,,,50.5759367,16.6720859
732177831,way,supermarket,Dino,,,Dino,,,,50.0836855,19.3447575
732332875,way,supermarket,Dino,,,Dino,,,,50.7309379,17.8961552
732612695,way,supermarket,Biedronka,,,Biedronka,,,,51.2110773,17.3739391
733532328,way,supermarket,Dino,,,Dino,,,,50.2691835,18.5423354
733660880,way,supermarket,Kaufland,,,Kaufland,,,,51.3618149,21.1319355
733939706,way,supermarket,Dino,,,Dino,,,,51.2978358,16.9250927
734884405,way,supermarket,Stokrotka,,,Stokrotka,,,,51.8692287,22.2035909
737668719,way,supermarket,Lidl,,,Lidl,,,,54.115162,17.9544647
738482089,way,supermarket,Kaufland,,,Kaufland,,,,51.9367705,15.5168633
739614926,way,supermarket,Netto,,,Netto,,,,51.952796,20.1422396
739654497,way,supermarket,Biedronka,,,Biedronka,,,,49.9881207,18.6242989
739655288,way,supermarket,Dino,,,Dino,,,,49.9922507,18.6335974
739923780,way,supermarket,Kaufland,,,Kaufland,,,,52.7380196,15.2268702
740020214,way,supermarket,Lidl,,,Lidl,,,,52.16721,21.0679426
740022320,way,supermarket,Dino,,,Dino,,,,51.8819484,15.4737848
741111667,way,supermarket,Stokrotka Market,,,Stokrotka Market,,,,51.8532031,21.3770122
741312633,way,supermarket,Lidl,,,Lidl,,,,49.8337289,19.0433407
741728478,way,supermarket,Dino,,,Dino,,,,52.8022859,17.2252821
741912581,way,supermarket,Biedronka,,,Biedronka,,,,50.3989229,18.6166989
742016500,way,supermarket,Dino,,,Dino,,,,51.0625444,16.1808369
742692315,way,supermarket,Dino,,,Dino,,,,51.7026408,15.6063537
742693848,way,supermarket,Dino,,,Dino,,,,51.3882999,15.6005236
742860459,way,supermarket,Dino,,,Dino,,,,52.2509315,19.1709585
742874230,way,supermarket,Dino,,,Dino,,,,51.5758036,17.638754
743104443,way,supermarket,Biedronka,,,Biedronka,,,,52.2225847,21.1521406
743121511,way,supermarket,Dino,,,Dino,,,,51.3890721,16.8465103
743822816,way,supermarket,Biedronka,,,Biedronka,,,,51.2961865,22.8883849
744098743,way,supermarket,Biedronka,,,Biedronka,,,,50.475764,17.3415502
744161204,way,supermarket,Lidl,,,Lidl,,,,52.1733168,20.9385316
745377383,way,supermarket,Lidl,,,Lidl,,,,51.4206743,21.972212
745554341,way,supermarket,Biedronka,,,Biedronka,,,,52.5671519,16.9939013
745992450,way,supermarket,Dino,,,Dino,,,,52.6711149,20.7648917
746137333,way,supermarket,Stokrotka,,,Stokrotka,,,,51.2388501,22.4969709
746565342,way,supermarket,Biedronka,,,Biedronka,,,,52.0132572,18.4893185
746776966,way,supermarket,Biedronka,,,Biedronka,,,,50.0158831,19.3549491
747147989,way,supermarket,Dino,,,Dino,,,,53.7537715,14.7791792
747895705,way,supermarket,Stokrotka,,,Stokrotka,,,,50.3952485,19.0157745
747912182,way,supermarket,Kaufland,,,Kaufland,,,,52.1897355,20.8546019
749001817,way,supermarket,Dino,,,Dino,,,,52.3996053,20.3099469
749828423,way,supermarket,Dino,,,Dino,,,,51.7057311,17.1630621
750681071,way,supermarket,Biedronka,,,Biedronka,,,,52.3503331,20.9452108
751162150,way,supermarket,Dino,,,Dino,,,,54.0671411,14.97427
751356870,way,supermarket,Stokrotka,,,Stokrotka,,,,51.1462446,22.5074112
753287678,way,supermarket,Dino,,,Dino,,,,51.4910445,19.711515
753292718,way,supermarket,Dino,,,Dino,,,,51.2150463,19.0410113
753699693,way,supermarket,Biedronka,,,Biedronka,,,,52.7168705,21.0829495
754387217,way,supermarket,Dino,,,Dino,,,,51.3534255,19.892305
755002913,way,supermarket,Lidl,,,Lidl,,,,52.4531403,16.9854869
755292930,way,supermarket,Dino,,,Dino,,,,50.0674901,20.7109497
755337024,way,supermarket,Biedronka,,,Biedronka,,,,54.2878897,18.5059563
755398690,way,supermarket,Dino,,,Dino,,,,50.3211439,18.9262251
755516931,way,supermarket,Stokrotka,,,Stokrotka,,,,51.7119396,19.4283034
755587932,way,supermarket,Dino,,,Dino,,,,50.6907667,18.1981193
755621299,way,supermarket,Dino,,,Dino,,,,51.0987463,19.6269255
755644304,way,supermarket,Stokrotka,,,Stokrotka,,,,51.2515801,22.5847106
756640943,way,supermarket,Dino,,,Dino,,,,51.1797746,17.2002894
757078440,way,supermarket,Dino,,,Dino,,,,52.3908122,17.076445
757509017,way,supermarket,Stokrotka,,,Stokrotka,,,,51.1156524,22.140158
757718660,way,supermarket,Dino,,,Dino,,,,51.9067288,17.9865486
757910698,way,supermarket,Dino,,,Dino,,,,51.1367192,20.1078542
758230779,way,supermarket,Dino,,,Dino,,,,52.2531424,17.7033011
758258034,way,supermarket,Lidl,,,Lidl,,,,53.9705192,18.538838
758259280,way,supermarket,Biedronka,,,Biedronka,,,,53.9740756,18.5393344
759053933,way,supermarket,Lidl,,,Lidl,,,,53.130669,18.0358322
759408097,way,supermarket,Lidl,,,Lidl,,,,51.7922433,19.5884594
759472715,way,supermarket,Dino,,,Dino,,,,51.5936371,20.2902192
759548569,way,supermarket,Dino,,,Dino,,,,49.9698793,19.0542581
760015119,way,supermarket,Biedronka,,,Biedronka,,,,53.1678722,22.0617045
760168287,way,supermarket,Dino,,,Dino,,,,53.2910133,18.941294
760189785,way,supermarket,Biedronka,,,Biedronka,,,,51.6014565,18.7848847
760505940,way,supermarket,Stokrotka,,,Stokrotka,,,,50.8384245,18.997168
760508818,way,supermarket,Lidl,,,Lidl,,,,50.8227988,19.080208
760707606,way,supermarket,Biedronka,,,Biedronka,,,,50.5278402,22.1973398
760916609,way,supermarket,Lidl,,,Lidl,,,,52.2346654,21.0917842
761205842,way,supermarket,Biedronka,,,Biedronka,,,,51.119464,22.3892913
761475532,way,supermarket,Biedronka,,,Biedronka,,,,54.6120253,17.3625627
761492814,way,supermarket,Biedronka,,,Biedronka,,,,49.8062149,18.9488374
761581063,way,supermarket,Biedronka,,,Biedronka,,,,50.3146136,18.766664
761716381,way,supermarket,Biedronka,,,Biedronka,,,,53.7118014,17.5346359
762104075,way,supermarket,Biedronka,,,Biedronka,,,,51.6799291,22.6357867
762409557,way,supermarket,Dino,,,Dino,,,,53.2450063,14.5037025
762641892,way,supermarket,Biedronka,,,Biedronka,,,,50.982623,17.0367432
762885488,way,supermarket,Biedronka,,,Biedronka,,,,51.270895,17.3441009
763457680,way,supermarket,Netto,,,Netto,,,,52.5111388,21.0678575
764604921,way,supermarket,Dino,,,Dino,,,,50.5237671,20.1936139
765221729,way,supermarket,Stokrotka Market,,,Stokrotka Market,,,,51.6324401,22.7619051
766065041,way,supermarket,Dino,,,Dino,,,,50.9072717,18.6219092
766201878,way,supermarket,Lidl,,,Lidl,,,,51.0246279,16.7604563
766220745,way,supermarket,Stokrotka,,,Stokrotka,,,,51.6994677,22.3416841
766326062,way,supermarket,Carrefour,,,Carrefour,,,,50.0687813,19.9460769
766494814,way,supermarket,Dino,,,Dino,,,,51.3767073,19.3686618
766498923,way,supermarket,Dino,,,Dino,,,,50.3962233,19.2397177
766508986,way,supermarket,Dino,,,Dino,,,,51.4042388,19.7006799
766738703,way,supermarket,Dino,,,Dino,,,,50.8649011,20.4115969
767538104,way,supermarket,Dino,,,Dino,,,,53.352954,14.5758074
767538106,way,supermarket,Netto,,,Netto,,,,53.3638722,14.5907517
767665257,way,supermarket,Dino,,,Dino,,,,50.8631666,18.2872071
767979828,way,supermarket,Biedronka,,,Biedronka,,,,51.1443496,23.4802236
768309535,way,supermarket,Dino,,,Dino,,,,51.9501738,17.4867991
768602407,way,supermarket,Dino,,,Dino,,,,52.0027959,16.5834855
769103986,way,supermarket,Dino,,,Dino,,,,50.915355,17.5214931
769122958,way,supermarket,Dino,,,Dino,,,,51.1379845,20.5602517
769217337,way,supermarket,Dino,,,Dino,,,,52.971359,18.883074
769435465,way,supermarket,Biedronka,,,Biedronka,,,,49.5693313,20.6565193
770011598,way,supermarket,Biedronka,,,Biedronka,,,,52.1714858,21.1632776
770735940,way,supermarket,Stokrotka,,,Stokrotka,,,,54.0279618,22.5068359
771449954,way,supermarket,Dino,,,Dino,,,,53.5981979,19.5870197
771467563,way,supermarket,Dino,,,Dino,,,,53.4928993,19.3902852
771558929,way,supermarket,Dino,,,Dino,,,,54.4818437,17.4922395
773098927,way,supermarket,Dino,,,Dino,,,,49.8635446,18.6816848
775257077,way,supermarket,Dino,,,Dino,,,,52.0880649,16.1199663
775325120,way,supermarket,Biedronka,,,Biedronka,,,,52.1063095,21.1120632
775472155,way,supermarket,Dino,,,Dino,,,,53.3406969,18.4623914
775753361,way,supermarket,Dino,,,Dino,,,,50.700552,20.7583949
776929518,way,supermarket,Dino,,,Dino,,,,53.5516684,16.2330914
777487357,way,supermarket,Biedronka,,,Biedronka,,,,53.3779021,14.6426286
777745449,way,supermarket,Dino,,,Dino,,,,52.3602384,16.8175007
778008542,way,supermarket,Stokrotka,,,Stokrotka,,,,52.8647598,21.0981576
778222201,way,supermarket,Dino,,,Dino,,,,53.441371,20.0358772
778325430,way,supermarket,Biedronka,,,Biedronka,,,,52.067092,20.4373618
778624654,way,supermarket,Lidl,,,Lidl,,,,49.8732369,19.5012032
778842815,way,supermarket,Biedronka,,,Biedronka,,,,50.167192,23.0497211
779521887,way,supermarket,Biedronka,,,Biedronka,,,,52.4829705,17.2900341
779668895,way,supermarket,Dino,,,Dino,,,,53.092781,18.3309445
780002999,way,supermarket,Dino,,,Dino,,,,50.244472,20.773918
781104026,way,supermarket,Biedronka,,,Biedronka,,,,52.0716779,21.0155895
781389597,way,supermarket,Dino,,,Dino,,,,50.9735764,16.933461
782477239,way,supermarket,Dino,,,Dino,,,,53.754586,19.2108659
782607676,way,supermarket,Biedronka,,,Biedronka,,,,54.4890099,18.5299979
783085966,way,supermarket,Biedronka,,,Biedronka,,,,50.3222286,20.4034536
783266955,way,supermarket,Biedronka,,,Biedronka,,,,50.4864927,23.0453877
783327921,way,supermarket,Stokrotka,,,Stokrotka,,,,51.3556673,22.6213776
783634911,way,supermarket,Dino,,,Dino,,,,51.8933792,18.2989291
783716747,way,supermarket,Dino,,,Dino,,,,53.9850331,14.7981618
784013863,way,supermarket,Dino,,,Dino,,,,52.2623925,16.1399793
784144485,way,supermarket,Dino,,,Dino,,,,50.354392,18.9805525
784874837,way,supermarket,Biedronka,,,Biedronka,,,,50.7085523,16.8300564
785089859,way,supermarket,Dino,,,Dino,,,,50.1266504,18.8851419
785093690,way,supermarket,Dino,,,Dino,,,,50.065179,18.9189191
787054947,way,supermarket,Dino,,,Dino,,,,53.103969,20.1804355
787180788,way,supermarket,Dino,,,Dino,,,,52.0700594,17.3610164
787484989,way,supermarket,Dino,,,Dino,,,,51.8215599,18.2277787
788182357,way,supermarket,Dino,,,Dino,,,,51.9574091,21.5636873
788304377,way,supermarket,Lidl,,,Lidl,,,,51.3712027,19.3753959
789117603,way,supermarket,Dino,,,Dino,,,,54.1764721,18.5289493
789152528,way,supermarket,Dino,,,Dino,,,,51.8003973,18.3306664
790395727,way,supermarket,Biedronka,,,Biedronka,,,,50.2208749,19.1561106
791316180,way,supermarket,Biedronka,,,Biedronka,,,,50.621203,19.363324
791322515,way,supermarket,Biedronka,,,Biedronka,,,,50.5990654,19.1736396
791433645,way,supermarket,Biedronka,,,Biedronka,,,,53.5023449,19.7373009
791639236,way,supermarket,Dino,,,Dino,,,,53.0670409,20.348459
791782234,way,supermarket,Biedronka,,,Biedronka,,,,50.2474022,21.4869002
792912693,way,supermarket,Biedronka,,,Biedronka,,,,50.1364163,19.3986733
793208191,way,supermarket,Dino,,,Dino,,,,51.6394929,15.0037837
793588490,way,supermarket,Biedronka,,,Biedronka,,,,51.1673955,19.4871183
793607048,way,supermarket,Dino,,,Dino,,,,54.2893414,18.9660801
793793661,way,supermarket,Biedronka,,,Biedronka,,,,53.0628758,20.6207802
793793822,way,supermarket,Dino,,,Dino,,,,53.0576859,20.6288721
793841763,way,supermarket,Lidl,,,Lidl,,,,50.0445138,18.7030666
794910826,way,supermarket,Dino,,,Dino,,,,54.1046601,23.3596031
795101693,way,supermarket,Dino,,,Dino,,,,53.1588917,20.6615785
795604758,way,supermarket,Biedronka,,,Biedronka,,,,51.1923796,16.1290379
796295078,way,supermarket,Biedronka,,,Biedronka,,,,52.0852458,21.0442425
796328457,way,supermarket,Lidl,,,Lidl,,,,54.3273408,18.7454332
796328463,way,supermarket,Biedronka,,,Biedronka,,,,54.3259307,18.7466319
796418242,way,supermarket,Dino,,,Dino,,,,50.1523538,19.4879639
796421605,way,supermarket,Dino,,,Dino,,,,49.6435921,19.158963
796678295,way,supermarket,Biedronka,,,Biedronka,,,,54.1348465,19.0142635
796871189,way,supermarket,Dino,,,Dino,,,,51.5761068,18.7109996
796909086,way,supermarket,Intermarché,,,Intermarché,,,,50.3591159,20.0452173
796947120,way,supermarket,Stokrotka,,,Stokrotka,,,,51.4680339,22.4703004
797022643,way,supermarket,Dino,,,Dino,,,,52.6054414,21.1856675
797129439,way,supermarket,Dino,,,Dino,,,,52.6895346,21.1056625
798130892,way,supermarket,Dino,,,Dino,,,,52.4457647,15.1142886
798294213,way,supermarket,Dino,,,Dino,,,,50.4567871,20.7008826
798478059,way,supermarket,Dino,,,Dino,,,,54.3405761,18.3742612
798500758,way,supermarket,Dino,,,Dino,,,,50.9030175,14.9660258
800786887,way,supermarket,Stokrotka,,,Stokrotka,,,,51.8020687,22.190581
800967437,way,supermarket,Dino,,,Dino,,,,50.6756716,18.2526176
801864751,way,supermarket,Dino,,,Dino,,,,50.1289429,18.738503
801876714,way,supermarket,Biedronka,,,Biedronka,,,,49.9785562,22.4120988
802508289,way,supermarket,Netto,,,Netto,,,,52.8748915,15.532908
802943593,way,supermarket,Netto,,,Netto,,,,53.8428527,22.3619066
803119959,way,supermarket,Biedronka,,,Biedronka,,,,52.1224905,19.9498775
804549124,way,supermarket,Dino,,,Dino,,,,52.3276659,16.911115
804571417,way,supermarket,Dino,,,Dino,,,,52.4678525,17.1738741
804750091,way,supermarket,Dino,,,Dino,,,,52.1632896,15.8248431
806863521,way,supermarket,Dino,,,Dino,,,,51.4426716,16.0924401
807228957,way,supermarket,Lidl,,,Lidl,,,,53.3578072,17.0453343
807987569,way,supermarket,Dino,,,Dino,,,,52.3359814,20.028306
808771262,way,supermarket,Lidl,,,Lidl,,,,53.0709047,21.5838884
808904415,way,supermarket,Dino,,,Dino,,,,52.0054973,21.0387584
809240963,way,supermarket,Lidl,,,Lidl,,,,50.1323887,19.6428575
809495759,way,supermarket,Stokrotka Market,,,Stokrotka Market,,,,52.2063928,23.0993248
809847714,way,supermarket,Dino,,,Dino,,,,52.1838243,20.5653785
809847764,way,supermarket,Dino,,,Dino,,,,51.6104899,18.9529037
809898026,way,supermarket,Lidl,,,Lidl,,,,51.7875826,19.3937065
809969980,way,supermarket,Lidl,,,Lidl,,,,53.1192568,17.9803554
810031783,way,supermarket,Stokrotka,,,Stokrotka,,,,51.1008713,22.5781497
810822695,way,supermarket,Dino,,,Dino,,,,51.3101618,16.1875099
812659063,way,supermarket,Stokrotka,,,Stokrotka,,,,51.979187,23.3726786
812920534,way,supermarket,Stokrotka,,,Stokrotka,,,,51.3107922,22.9731971
813290777,way,supermarket,Dino,,,Dino,,,,50.4465866,18.8811602
813392518,way,supermarket,Lidl,,,Lidl,,,,49.4388186,20.3988494
813443833,way,supermarket,Dino,,,Dino,,,,50.488298,20.717635
813972259,way,supermarket,Dino,,,Dino,,,,51.6203259,17.8515491
814318077,way,supermarket,Dino,,,Dino,,,,54.089154,18.7750438
814323907,way,supermarket,Dino,,,Dino,,,,54.0671621,18.7642225
815008907,way,supermarket,Dino,,,Dino,,,,51.4074172,16.1794597
815454615,way,supermarket,Lidl,,,Lidl,,,,52.1618371,22.2625756
815719517,way,supermarket,Biedronka,,,Biedronka,,,,51.5039654,18.1020253
815935937,way,supermarket,Dino,,,Dino,,,,51.9614981,16.1634369
816299950,way,supermarket,Dino,,,Dino,,,,50.1835129,19.1599506
817990480,way,supermarket,Biedronka,,,Biedronka,,,,50.2213417,19.7483198
818047685,way,supermarket,Dino,,,Dino,,,,51.767748,16.9379955
818119660,way,supermarket,Biedronka,,,Biedronka,,,,50.303845,18.634619
818882639,way,supermarket,Dino,,,Dino,,,,50.3777513,19.6449469
819203714,way,supermarket,Dino,,,Dino,,,,52.2192084,16.364765
819509440,way,supermarket,Dino,,,Dino,,,,50.585679,24.035388
821157435,way,supermarket,Dino,,,Dino,,,,51.4866762,21.1179257
822491871,way,supermarket,Dino,,,Dino,,,,54.2840475,18.2052533
822642273,way,supermarket,Lidl,,,Lidl,,,,54.3634263,18.7176282
822675062,way,supermarket,Stokrotka Market,,,Stokrotka Market,,,,51.4624844,22.3014937
822871440,way,supermarket,Dino,,,Dino,,,,53.3832807,19.157405
822872098,way,supermarket,Dino,,,Dino,,,,51.6397923,16.0734414
822954078,way,supermarket,Biedronka,,,Biedronka,,,,50.8742358,20.6577972
823083354,way,supermarket,Dino,,,Dino,,,,50.6776904,16.6027128
823390333,way,supermarket,Kaufland,,,Kaufland,,,,50.4826633,19.4316486
823475397,way,supermarket,Stokrotka Market,,,Stokrotka Market,,,,51.2356281,22.2494522
823879913,way,supermarket,Stokrotka,,,Stokrotka,,,,51.3372258,22.7678799
824815637,way,supermarket,Dino,,,Dino,,,,54.0678139,18.4278196
825426898,way,supermarket,Lidl,,,Lidl,,,,51.7255837,19.482261
825890840,way,supermarket,Dino,,,Dino,,,,53.4874931,18.815048
827017456,way,supermarket,Dino,,,Dino,,,,53.1831595,14.8408652
827907892,way,supermarket,Dino,,,Dino,,,,52.5709533,17.6129929
828191372,way,supermarket,Dino,,,Dino,,,,51.9522259,18.2396532
828194747,way,supermarket,Dino,,,Dino,,,,53.9232759,15.183627
828283746,way,supermarket,Dino,,,Dino,,,,52.080035,20.5330535
828546631,way,supermarket,Lidl,,,Lidl,,,,53.4462625,14.5712602
829008795,way,supermarket,Stokrotka,,,Stokrotka,,,,51.6939388,21.5471275
829563737,way,supermarket,Biedronka,,,Biedronka,,,,50.2738861,18.8500962
830143575,way,supermarket,Dino,,,Dino,,,,52.9467147,16.520436
830257821,way,supermarket,Dino,,,Dino,,,,50.791855,17.5612324
830380970,way,supermarket,Biedronka,,,Biedronka,,,,54.2373516,20.1283006
830619117,way,supermarket,Dino,,,Dino,,,,53.8437793,18.0971978
831296074,way,supermarket,Dino,,,Dino,,,,53.7534624,17.3927872
831336889,way,supermarket,Dino,,,Dino,,,,50.8820209,20.5178448
832535998,way,supermarket,Dino,,,Dino,,,,51.7231568,17.4852951
832608905,way,supermarket,Dino,,,Dino,,,,51.5857807,19.6826405
833177737,way,supermarket,Biedronka,,,Biedronka,,,,50.973764,18.1409152
833322895,way,supermarket,Dino,,,Dino,,,,51.6560483,20.1547711
833446460,way,supermarket,Stokrotka Market,,,Stokrotka Market,,,,51.4966534,22.1045325
833508793,way,supermarket,Dino,,,Dino,,,,53.4922519,15.0638157
833669518,way,supermarket,Dino,,,Dino,,,,52.4356417,16.5311946
833807637,way,supermarket,Lidl,,,Lidl,,,,52.0918953,21.0481682
834354922,way,supermarket,Dino,,,Dino,,,,52.3408146,15.3035395
834578403,way,supermarket,Dino,,,Dino,,,,52.1276425,17.4804361
834719951,way,supermarket,Lidl,,,Lidl,,,,52.7456908,15.2537806
834729318,way,supermarket,Dino,,,Dino,,,,52.395906,16.1192825
834759701,way,supermarket,Kaufland,,,Kaufland,,,,51.2188385,22.5484832
834781080,way,supermarket,Dino,,,Dino,,,,52.502921,21.0599743
834914232,way,supermarket,Dino,,,Dino,,,,50.9250272,19.1840757
834937307,way,supermarket,Biedronka,,,Biedronka,,,,52.237622,17.2808479
835323314,way,supermarket,Dino,,,Dino,,,,51.8062591,18.7257501
835503516,way,supermarket,Lidl,,,Lidl,,,,53.1561243,23.1963494
835521944,way,supermarket,Netto,,,Netto,,,,54.5659779,18.1016166
835556057,way,supermarket,Dino,,,Dino,,,,50.2744827,19.2010979
835769724,way,supermarket,Dino,,,Dino,,,,52.1016767,21.6067046
836075425,way,supermarket,Dino,,,Dino,,,,50.1056591,18.4419991
836221162,way,supermarket,Dino,,,Dino,,,,52.0864749,16.6552336
836422192,way,supermarket,Biedronka,,,Biedronka,,,,51.7273261,19.6388234
837858672,way,supermarket,Lidl,,,Lidl,,,,50.2463809,19.1234961
838472306,way,supermarket,Dino,,,Dino,,,,53.3537967,18.3201688
838801979,way,supermarket,Dino,,,Dino,,,,51.7915314,15.6590965
839332851,way,supermarket,Biedronka,,,Biedronka,,,,52.1499005,21.7284016
839487772,way,supermarket,Lidl,,,Lidl,,,,54.300051,18.607365
839611801,way,supermarket,Dino,,,Dino,,,,51.9111545,18.6122022
840327098,way,supermarket,Stokrotka,,,Stokrotka,,,,51.5136481,21.1277185
841718161,way,supermarket,Dino,,,Dino,,,,50.7903623,19.1554248
841742646,way,supermarket,Dino,,,Dino,,,,50.8709946,18.8201753
841988441,way,supermarket,Dino,,,Dino,,,,50.215634,16.6799048
842782846,way,supermarket,Netto,,,Netto,,,,52.2840378,20.9161981
842809365,way,supermarket,Netto,,,Netto,,,,50.0328744,19.2320866
843072117,way,supermarket,Biedronka,,,Biedronka,,,,51.1373088,20.1087599
843128127,way,supermarket,Dino,,,Dino,,,,50.9271385,19.6297438
843306994,way,supermarket,Dino,,,Dino,,,,54.0079915,16.0075263
843308350,way,supermarket,Dino,,,Dino,,,,54.1299584,15.7214991
843477884,way,supermarket,Dino,,,Dino,,,,51.0109806,19.7626122
843481539,way,supermarket,Dino,,,Dino,,,,51.1405349,19.1462438
843655009,way,supermarket,Dino,,,Dino,,,,52.1405719,16.7656011
843657058,way,supermarket,Dino,,,Dino,,,,52.2245877,16.3696572
843657294,way,supermarket,Dino,,,Dino,,,,52.350526,17.3197089
843657645,way,supermarket,Dino,,,Dino,,,,52.0002965,16.8483649
843661318,way,supermarket,Dino,,,Dino,,,,51.9352799,17.0185303
843665367,way,supermarket,Dino,,,Dino,,,,52.1815444,16.8013795
843675200,way,supermarket,Dino,,,Dino,,,,52.0546335,16.7142873
843675552,way,supermarket,Dino,,,Dino,,,,52.2956161,17.0533058
843675920,way,supermarket,Dino,,,Dino,,,,52.5097492,16.7324986
843676519,way,supermarket,Dino,,,Dino,,,,52.3918572,16.7754118
843679468,way,supermarket,Dino,,,Dino,,,,52.0589637,16.829209
843679702,way,supermarket,Dino,,,Dino,,,,52.0616668,16.4389341
843680023,way,supermarket,Dino,,,Dino,,,,52.3927962,16.7273652
843944452,way,supermarket,Dino,,,Dino,,,,51.0786818,19.1801013
844157900,way,supermarket,Dino,,,Dino,,,,51.2782626,21.4668009
844206056,way,supermarket,Biedronka,,,Biedronka,,,,51.7973757,19.5151033
844585094,way,supermarket,Dino,,,Dino,,,,53.1072917,15.0705652
845009241,way,supermarket,Lidl,,,Lidl,,,,51.5921765,19.1498693
845738851,way,supermarket,Dino,,,Dino,,,,51.2379155,18.9928373
845744784,way,supermarket,Dino,,,Dino,,,,51.320475,18.9715848
845804762,way,supermarket,Lidl,,,Lidl,,,,50.1094626,19.824998
846764996,way,supermarket,Dino,,,Dino,,,,51.0384653,18.6021709
847371005,way,supermarket,Biedronka,,,Biedronka,,,,52.1692874,20.8623562
847997427,way,supermarket,Dino,,,Dino,,,,52.1477539,15.1667607
848195845,way,supermarket,Dino,,,Dino,,,,52.02333,15.1137991
848325285,way,supermarket,Biedronka,,,Biedronka,,,,52.211825,21.0489698
848449588,way,supermarket,Dino,,,Dino,,,,50.4503772,18.52489
848832851,way,supermarket,Dino,,,Dino,,,,51.5748464,19.0100749
849830988,way,supermarket,Lidl,,,Lidl,,,,50.6691208,17.9725119
849833608,way,supermarket,Lidl,,,Lidl,,,,50.6774832,17.9404426
849842420,way,supermarket,Dino,,,Dino,,,,50.6439424,17.7858835
849843671,way,supermarket,Dino,,,Dino,,,,50.666947,17.82199
849917224,way,supermarket,Dino,,,Dino,,,,51.7621653,18.0665583
850578142,way,supermarket,Dino,,,Dino,,,,52.7767165,14.9470622
850764105,way,supermarket,Netto,,,Netto,,,,51.4677176,19.2184674
850848452,way,supermarket,Dino,,,Dino,,,,51.3691948,20.4393002
852155540,way,supermarket,Stokrotka,,,Stokrotka,,,,51.4108585,22.0390051
852437484,way,supermarket,Dino,,,Dino,,,,51.663191,17.8271791
853025160,way,supermarket,Biedronka,,,Biedronka,,,,52.1817243,20.61081
853210034,way,supermarket,Dino,,,Dino,,,,51.2638222,15.5383992
853400360,way,supermarket,Dino,,,Dino,,,,54.2468052,15.9654696
853993445,way,supermarket,Dino,,,Dino,,,,51.8315067,16.5381695
854208420,way,supermarket,Dino,,,Dino,,,,50.5884296,19.057295
854222732,way,supermarket,Dino,,,Dino,,,,50.4126134,18.9486684
854971286,way,supermarket,Lidl,,,Lidl,,,,52.3000864,21.1543093
856059805,way,supermarket,Dino,,,Dino,,,,54.0343497,19.5602702
856646147,way,supermarket,Dino,,,Dino,,,,50.4357463,18.9267913
857201785,way,supermarket,Dino,,,Dino,,,,52.302209,17.8789138
857654771,way,supermarket,Lidl,,,Lidl,,,,53.1069762,17.9829032
858116500,way,supermarket,Dino,,,Dino,,,,53.3301713,17.4573166
858424760,way,supermarket,Dino,,,Dino,,,,51.2977315,15.9099146
858907134,way,supermarket,Dino,,,Dino,,,,51.6362581,15.9980772
859341333,way,supermarket,Biedronka,,,Biedronka,,,,51.7500455,19.4133649
860334719,way,supermarket,Biedronka,,,Biedronka,,,,52.103977,20.6349077
862041942,way,supermarket,Biedronka,,,Biedronka,,,,51.0437683,17.8790166
862294375,way,supermarket,Dino,,,Dino,,,,50.3476316,18.1686287
862817490,way,supermarket,Dino,,,Dino,,,,50.887019,14.8249215
863258246,way,supermarket,Dino,,,Dino,,,,51.8670593,16.5873189
863819326,way,supermarket,Dino,,,Dino,,,,52.0027191,17.5394504
864146673,way,supermarket,Biedronka,,,Biedronka,,,,51.8585544,17.5997244
865009647,way,supermarket,Dino,,,Dino,,,,51.650254,17.7839169
865962861,way,supermarket,Biedronka,,,Biedronka,,,,53.3579598,14.5841483
866417475,way,supermarket,Dino,,,Dino,,,,53.8807472,17.7163312
867075515,way,supermarket,Stokrotka Optima,,,Stokrotka Optima,,,,51.4538949,22.6087647
867573664,way,supermarket,Dino,,,Dino,,,,50.5786582,18.5218387
868244589,way,supermarket,Dino,,,Dino,,,,51.0986821,17.6699923
868584846,way,supermarket,Biedronka,,,Biedronka,,,,51.1043218,16.9461821
870599563,way,supermarket,Dino,,,Dino,,,,51.5908805,16.040903
870668837,way,supermarket,Lidl,,,Lidl,,,,52.0838553,20.9596651
870740593,way,supermarket,Netto,,,Netto,,,,49.7648964,18.6360124
870822922,way,supermarket,Dino,,,Dino,,,,51.5760751,15.951664
870822925,way,supermarket,Biedronka,,,Biedronka,,,,51.5831048,15.9546598
870878547,way,supermarket,Biedronka,,,Biedronka,,,,53.0156693,18.6227181
871704679,way,supermarket,Dino,,,Dino,,,,53.1571991,18.9031802
871726554,way,supermarket,Biedronka,,,Biedronka,,,,52.4856024,14.6479568
871824395,way,supermarket,Biedronka,,,Biedronka,,,,51.1185888,21.1667137
872016273,way,supermarket,Biedronka,,,Biedronka,,,,50.9416654,20.4243247
874413979,way,supermarket,Intermarché,,,Intermarché,,,,51.5248511,15.7845442
874555127,way,supermarket,Biedronka,,,Biedronka,,,,51.1880972,19.2027096
874782501,way,supermarket,Dino,,,Dino,,,,51.2617258,15.588077
875417688,way,supermarket,Dino,,,Dino,,,,52.8516289,19.1852631
877264732,way,supermarket,Stokrotka Market,,,Stokrotka Market,,,,51.4849395,21.8831449
877964105,way,supermarket,Dino,,,Dino,,,,52.7825601,18.71253
878869513,way,supermarket,Biedronka,,,Biedronka,,,,50.2914486,19.1553847
878872876,way,supermarket,Lidl,,,Lidl,,,,51.9645618,19.2876875
878965355,way,supermarket,Dino,,,Dino,,,,54.2046041,15.8520295
879279747,way,supermarket,Dino,,,Dino,,,,52.075714,17.4201505
879287930,way,supermarket,Dino,,,Dino,,,,51.7485638,17.3860194
879895226,way,supermarket,Dino,,,Dino,,,,54.2175959,18.9468726
879926418,way,supermarket,Dino,,,Dino,,,,50.0712215,19.2483865
880329705,way,supermarket,Biedronka,,,Biedronka,,,,50.5816027,17.8700341
880560317,way,supermarket,Netto,,,Netto,,,,53.0662372,19.4251248
880648976,way,supermarket,Dino,,,Dino,,,,52.3347375,19.856724
880745330,way,supermarket,Biedronka,,,Biedronka,,,,52.6691026,19.7996311
881665434,way,supermarket,Lidl,,,Lidl,,,,53.0414061,16.4664893
881750379,way,supermarket,Biedronka,,,Biedronka,,,,52.2547601,21.22544
881757801,way,supermarket,Biedronka,,,Biedronka,,,,53.487359,14.3841136
882338896,way,supermarket,Dino,,,Dino,,,,50.5746543,17.8719966
882831324,way,supermarket,Dino,,,Dino,,,,51.9468908,15.0900393
883031148,way,supermarket,Dino,,,Dino,,,,51.5246549,20.0496572
883243841,way,supermarket,Biedronka,,,Biedronka,,,,54.4822903,17.0039557
883434994,way,supermarket,Dino,,,Dino,,,,53.1994444,14.7319914
883947867,way,supermarket,Biedronka,,,Biedronka,,,,54.2157175,16.1788743
884373046,way,supermarket,Biedronka,,,Biedronka,,,,52.2569553,19.1700727
884386335,way,supermarket,Dino,,,Dino,,,,52.1567815,19.1815455
884926382,way,supermarket,Kaufland,,,Kaufland,,,,51.0368857,21.0870133
885052348,way,supermarket,Dino,,,Dino,,,,52.130838,20.969278
885154924,way,supermarket,Dino,,,Dino,,,,52.9939699,18.712549
885544195,way,supermarket,Dino,,,Dino,,,,53.5094719,18.313747
885805400,way,supermarket,Biedronka,,,Biedronka,,,,54.1647053,15.5491154
886270563,way,supermarket,Dino,,,Dino,,,,53.5832182,15.3061558
886431012,way,supermarket,Netto,,,Netto,,,,52.3571654,21.036091
886635685,way,supermarket,Biedronka,,,Biedronka,,,,49.678251,21.775652
887016397,way,supermarket,Dino,,,Dino,,,,53.6383667,15.6314638
887943485,way,supermarket,Biedronka,,,Biedronka,,,,51.6935574,20.7199312
888210490,way,supermarket,Biedronka,,,Biedronka,,,,53.9286485,18.7028934
888452339,way,supermarket,Dino,,,Dino,,,,51.9839565,19.9102416
888619925,way,supermarket,Biedronka,,,Biedronka,,,,52.7151092,21.2355862
888655707,way,supermarket,Dino,,,Dino,,,,51.9666704,20.1113987
888948854,way,supermarket,Dino,,,Dino,,,,52.9560072,19.8938103
889000732,way,supermarket,Dino,,,Dino,,,,53.6475774,14.5076849
889252355,way,supermarket,Dino,,,Dino,,,,51.9116202,17.4778472
889347184,way,supermarket,Dino,,,Dino,,,,52.8272734,19.8755591
889388870,way,supermarket,Stokrotka,,,Stokrotka,,,,50.3894045,18.9550852
889486349,way,supermarket,Biedronka,,,Biedronka,,,,49.5124524,22.264549
889497092,way,supermarket,Lidl,,,Lidl,,,,49.4322498,22.6006593
889560728,way,supermarket,Dino,,,Dino,,,,51.1479368,19.4041388
889575853,way,supermarket,Biedronka,,,Biedronka,,,,53.1051086,16.880344
890220274,way,supermarket,Dino,,,Dino,,,,51.6634652,19.6595255
890365799,way,supermarket,Dino,,,Dino,,,,53.1554692,17.2750183
891321777,way,supermarket,Dino,,,Dino,,,,51.7060035,17.7259279
891423254,way,supermarket,Dino,,,Dino,,,,49.9375564,19.048751
891589139,way,supermarket,Dino,,,Dino,,,,50.6972036,20.4618079
891959026,way,supermarket,Biedronka,,,Biedronka,,,,51.3645194,16.9736671
892088840,way,supermarket,Dino,,,Dino,,,,50.3913151,18.136705
892272954,way,supermarket,Dino,,,Dino,,,,53.4346967,18.4445105
892409144,way,supermarket,Biedronka,,,Biedronka,,,,52.0857263,16.1236168
892475439,way,supermarket,Lidl,,,Lidl,,,,53.1016492,18.0297064
892624781,way,supermarket,Biedronka,,,Biedronka,,,,53.7916664,17.2520556
892624782,way,supermarket,Dino,,,Dino,,,,53.7923258,17.2521044
892688252,way,supermarket,Lidl,,,Lidl,,,,51.7642446,18.0806062
893298800,way,supermarket,Dino,,,Dino,,,,53.8452965,18.9606466
893546002,way,supermarket,Biedronka,,,Biedronka,,,,53.4979797,17.2511056
893609036,way,supermarket,Dino,,,Dino,,,,53.4947372,17.2460953
894231397,way,supermarket,Dino,,,Dino,,,,52.7234739,19.6850802
894294990,way,supermarket,Dino,,,Dino,,,,51.7130309,19.650505
894339122,way,supermarket,Dino,,,Dino,,,,50.1166687,19.2001541
894632376,way,supermarket,Dino,,,Dino,,,,51.8915601,15.8766948
894659702,way,supermarket,Dino,,,Dino,,,,53.672219,18.8879272
894734228,way,supermarket,Netto,,,Netto,,,,52.0486647,20.9900842
895578513,way,supermarket,Dino,,,Dino,,,,52.5083903,21.4028667
895603511,way,supermarket,Dino,,,Dino,,,,50.2991476,18.9913947
895887483,way,supermarket,Dino,,,Dino,,,,51.2305499,20.8659339
895888902,way,supermarket,Dino,,,Dino,,,,51.2227712,20.8650659
895931146,way,supermarket,Biedronka,,,Biedronka,,,,49.799739,20.1194114
895967868,way,supermarket,Dino,,,Dino,,,,51.6253976,17.7746139
896124149,way,supermarket,Dino,,,Dino,,,,51.9395056,20.125537
896206870,way,supermarket,Dino,,,Dino,,,,51.5145369,18.2279383
896334658,way,supermarket,Dino,,,Dino,,,,52.4978044,20.0359267
896500760,way,supermarket,Dino,,,Dino,,,,53.7650606,15.7549778
896516662,way,supermarket,Dino,,,Dino,,,,53.2664398,18.9895256
896516750,way,supermarket,Stokrotka,,,Stokrotka,,,,53.2768398,18.9499316
896532137,way,supermarket,Dino,,,Dino,,,,53.610737,19.2599332
896986838,way,supermarket,Dino,,,Dino,,,,51.46995,20.0223631
897041817,way,supermarket,Dino,,,Dino,,,,52.4933028,19.2339157
897051415,way,supermarket,Dino,,,Dino,,,,52.8527451,17.9498221
897073405,way,supermarket,Dino,,,Dino,,,,53.3345997,18.4190637
897076033,way,supermarket,Dino,,,Dino,,,,53.3410155,16.8604617
897254680,way,supermarket,Dino,,,Dino,,,,52.7118861,21.3680449
898444122,way,supermarket,Dino,,,Dino,,,,52.2723723,15.8151066
898630903,way,supermarket,Biedronka,,,Biedronka,,,,53.9004325,16.8420106
899030572,way,supermarket,Lidl,,,Lidl,,,,50.2405688,21.7807378
899245873,way,supermarket,Dino,,,Dino,,,,52.6613995,20.6273514
900235583,way,supermarket,Dino,,,Dino,,,,53.5756136,16.5482839
900940574,way,supermarket,Dino,,,Dino,,,,52.053146,16.1106956
901293930,way,supermarket,Lidl,,,Lidl,,,,52.0845044,21.0735447
901734927,way,supermarket,Biedronka,,,Biedronka,,,,50.330574,17.6045848
901934739,way,supermarket,Dino,,,Dino,,,,53.1380161,21.0473225
901958154,way,supermarket,Dino,,,Dino,,,,51.4701271,21.8156257
901976935,way,supermarket,Lidl,,,Lidl,,,,52.1689989,21.0400056
902004803,way,supermarket,Dino,,,Dino,,,,51.7145061,16.6156091
902108467,way,supermarket,Biedronka,,,Biedronka,,,,50.6032776,20.568301
902583770,way,supermarket,Dino,,,Dino,,,,51.71652,19.6304824
903133199,way,supermarket,Lidl,,,Lidl,,,,51.0573895,16.1974927
903339909,way,supermarket,Biedronka,,,Biedronka,,,,50.3705968,18.9472336
903676638,way,supermarket,Dino,,,Dino,,,,53.0920368,19.970766
903715461,way,supermarket,Dino,,,Dino,,,,52.164506,21.805794
903715462,way,supermarket,Biedronka,,,Biedronka,,,,52.1641064,21.8052037
903920326,way,supermarket,Dino,,,Dino,,,,52.256331,15.938088
903928872,way,supermarket,Dino,,,Dino,,,,52.3631757,16.241811
904550298,way,supermarket,Biedronka,,,Biedronka,,,,53.3751159,21.359152
904561684,way,supermarket,Dino,,,Dino,,,,53.5314313,15.5605652
904738253,way,supermarket,Dino,,,Dino,,,,51.6227543,15.3012102
904798817,way,supermarket,Biedronka,,,Biedronka,,,,49.9099865,19.1513547
904809439,way,supermarket,Dino,,,Dino,,,,51.2231677,16.067483
905202539,way,supermarket,Lidl,,,Lidl,,,,50.1267015,19.871619
905727539,way,supermarket,Biedronka,,,Biedronka,,,,50.0472609,18.600841
906179013,way,supermarket,Biedronka,,,Biedronka,,,,52.0245609,23.1572782
906632500,way,supermarket,Stokrotka,,,Stokrotka,,,,51.2619474,22.588802
906641087,way,supermarket,Biedronka,,,Biedronka,,,,54.0017297,17.4094155
906875496,way,supermarket,Dino,,,Dino,,,,52.6282887,17.4341723
906914807,way,supermarket,Dino,,,Dino,,,,51.2102383,22.696314
907138072,way,supermarket,Dino,,,Dino,,,,53.028692,18.7729518
907253743,way,supermarket,Stokrotka,,,Stokrotka,,,,50.5697775,22.3066239
907652456,way,supermarket,Dino,,,Dino,,,,54.2011089,15.737757
908020619,way,supermarket,Dino,,,Dino,,,,51.819513,17.4484885
908875295,way,supermarket,Dino,,,Dino,,,,52.4846108,21.3063907
909183520,way,supermarket,Netto,,,Netto,,,,52.3753155,16.7366101
909537105,way,supermarket,Dino,,,Dino,,,,53.239251,17.4830076
909730138,way,supermarket,Lidl,,,Lidl,,,,53.9263355,18.6851762
909919360,way,supermarket,Dino,,,Dino,,,,52.9169033,19.1174162
910132571,way,supermarket,Biedronka,,,Biedronka,,,,52.603049,21.4223597
911045556,way,supermarket,Netto,,,Netto,,,,50.9536332,17.2718407
911281178,way,supermarket,Dino,,,Dino,,,,51.1597582,15.0050796
911295059,way,supermarket,Lidl,,,Lidl,,,,53.9616851,14.781743
911346231,way,supermarket,Dino,,,Dino,,,,51.7160691,17.6039986
911531568,way,supermarket,Biedronka,,,Biedronka,,,,53.404832,18.4343916
911599249,way,supermarket,Biedronka,,,Biedronka,,,,52.1802965,20.8320782
911946182,way,supermarket,Dino,,,Dino,,,,53.2156706,18.3951015
911966116,way,supermarket,Biedronka,,,Biedronka,,,,53.1241766,18.493514
912102853,way,supermarket,Dino,,,Dino,,,,53.0982226,18.7819979
912867238,way,supermarket,Lidl,,,Lidl,,,,51.0565421,19.4545738
913304929,way,supermarket,Biedronka,,,Biedronka,,,,51.1083029,18.2050674
913789526,way,supermarket,Dino,,,Dino,,,,53.3412297,15.1951971
913789751,way,supermarket,Dino,,,Dino,,,,53.5018506,18.680709
913798107,way,supermarket,Dino,,,Dino,,,,51.023802,16.9267272
914172519,way,supermarket,Biedronka,,,Biedronka,,,,52.7254494,17.6531905
914344330,way,supermarket,Dino,,,Dino,,,,53.8602596,16.6085347
914354715,way,supermarket,Biedronka,,,Biedronka,,,,52.2531793,20.2773731
914374178,way,supermarket,Dino,,,Dino,,,,52.8332324,15.8243041
914433394,way,supermarket,Biedronka,,,Biedronka,,,,53.749504,17.7711415
914946638,way,supermarket,Dino,,,Dino,,,,51.1859637,16.7917496
915135727,way,supermarket,Dino,,,Dino,,,,51.8555979,19.9670389
915204758,way,supermarket,Dino,,,Dino,,,,50.6887678,16.6207627
915582133,way,supermarket,Biedronka,,,Biedronka,,,,52.8706995,18.7830407
915731851,way,supermarket,Biedronka,,,Biedronka,,,,54.6194395,18.1887956
915812261,way,supermarket,Dino,,,Dino,,,,52.5568773,18.5934176
916405432,way,supermarket,Biedronka,,,Biedronka,,,,53.6901187,17.5763548
916666526,way,supermarket,Stokrotka,,,Stokrotka,,,,51.3586699,19.368255
916717621,way,supermarket,Biedronka,,,Biedronka,,,,51.0908599,17.2069938
916951681,way,supermarket,Dino,,,Dino,,,,52.7023579,17.4688707
917009210,way,supermarket,Dino,,,Dino,,,,51.9571818,14.7634067
917123692,way,supermarket,Dino,,,Dino,,,,52.6274996,16.5545219
917132532,way,supermarket,Dino,,,Dino,,,,52.7517795,16.8236349
917224087,way,supermarket,Stokrotka,,,Stokrotka,,,,51.6196605,21.3209559
917727502,way,supermarket,Dino,,,Dino,,,,53.5763204,19.5162853
918740127,way,supermarket,Dino,,,Dino,,,,54.0425184,14.8743915
918765825,way,supermarket,Dino,,,Dino,,,,53.9584499,15.9004162
918811069,way,supermarket,Dino,,,Dino,,,,51.1220211,16.3371403
919595334,way,supermarket,Dino,,,Dino,,,,51.7185346,15.3835125
919636785,way,supermarket,Netto,,,Netto,,,,50.9047563,16.7481271
919772270,way,supermarket,Dino,,,Dino,,,,51.0459386,17.2474726
919862178,way,supermarket,Biedronka,,,Biedronka,,,,52.6811804,19.0953297
920135685,way,supermarket,Dino,,,Dino,,,,52.7995774,19.9930337
920258598,way,supermarket,Lidl,,,Lidl,,,,51.0237036,17.3238651
920361060,way,supermarket,Dino,,,Dino,,,,52.2015208,20.3864784
920569434,way,supermarket,Dino,,,Dino,,,,53.2894035,16.9828934
920703175,way,supermarket,Dino,,,Dino,,,,51.4983814,17.1656792
920711727,way,supermarket,Dino,,,Dino,,,,53.4528212,18.9568506
920933311,way,supermarket,Dino,,,Dino,,,,51.591849,18.9603123
921047371,way,supermarket,Biedronka,,,Biedronka,,,,50.6524703,18.3827337
921633043,way,supermarket,Dino,,,Dino,,,,51.0193527,17.470365
921758711,way,supermarket,Biedronka,,,Biedronka,,,,49.8952161,22.0974658
921761324,way,supermarket,Biedronka,,,Biedronka,,,,50.6427525,21.6446042
922464846,way,supermarket,Dino,,,Dino,,,,52.7095463,18.0335727
923002001,way,supermarket,Dino,,,Dino,,,,50.8644149,16.8638247
923050891,way,supermarket,Dino,,,Dino,,,,50.8543177,16.3713462
923138039,way,supermarket,Dino,,,Dino,,,,50.6963746,20.365791
923170819,way,supermarket,Dino,,,Dino,,,,50.1597533,18.6002888
923194414,way,supermarket,Dino,,,Dino,,,,51.3023788,22.4359611
923365095,way,supermarket,Biedronka,,,Biedronka,,,,52.1322868,20.8998688
923437153,way,supermarket,Stokrotka,,,Stokrotka,,,,49.8148637,18.9208561
923480192,way,supermarket,Dino,,,Dino,,,,52.4359212,15.2447619
923720725,way,supermarket,Dino,,,Dino,,,,50.8382243,18.9124264
923761363,way,supermarket,Dino,,,Dino,,,,51.0863724,16.4984652
924349643,way,supermarket,Biedronka,,,Biedronka,,,,53.617648,18.946536
924357655,way,supermarket,Dino,,,Dino,,,,52.390071,17.2167012
924357656,way,supermarket,Dino,,,Dino,,,,52.3904564,17.156828
924683061,way,supermarket,Dino,,,Dino,,,,54.0909956,15.5749313
925213957,way,supermarket,Biedronka,,,Biedronka,,,,52.1335366,16.0113451
925214060,way,supermarket,Dino,,,Dino,,,,52.1784177,16.0454548
925944470,way,supermarket,Stokrotka,,,Stokrotka,,,,52.5442609,19.7617354
926191097,way,supermarket,Biedronka,,,Biedronka,,,,51.9108564,15.5715343
926243798,way,supermarket,Dino,,,Dino,,,,52.9884955,16.3916411
926538467,way,supermarket,Dino,,,Dino,,,,54.2079648,15.7657198
926684568,way,supermarket,Dino,,,Dino,,,,52.081593,20.4116495
926760140,way,supermarket,Dino,,,Dino,,,,50.6467181,19.9299438
926760644,way,supermarket,Dino,,,Dino,,,,50.6226833,19.8258881
926806475,way,supermarket,Dino,,,Dino,,,,51.7352028,18.0443308
927232120,way,supermarket,Dino,,,Dino,,,,52.0577312,19.3203209
927287603,way,supermarket,Dino,,,Dino,,,,52.0138603,15.4156329
927517067,way,supermarket,Dino,,,Dino,,,,53.392128,21.7256311
927534393,way,supermarket,Biedronka,,,Biedronka,,,,50.1210432,18.5484697
927608791,way,supermarket,Dino,,,Dino,,,,52.1264107,18.9894932
929328040,way,supermarket,Biedronka,,,Biedronka,,,,50.4489625,18.885009
929855212,way,supermarket,Dino,,,Dino,,,,52.1011266,20.8054366
929931789,way,supermarket,Dino,,,Dino,,,,54.4845306,18.2391137
930774732,way,supermarket,Stokrotka,,,Stokrotka,,,,51.2623657,23.3027819
931812936,way,supermarket,Biedronka,,,Biedronka,,,,51.303168,23.1187214
931940847,way,supermarket,Dino,,,Dino,,,,52.379803,21.969765
932154820,way,supermarket,Dino,,,Dino,,,,51.4599173,19.2287075
932214981,way,supermarket,Dino,,,Dino,,,,52.8667911,21.1124056
932366807,way,supermarket,Biedronka,,,Biedronka,,,,51.7916393,19.4533264
932626714,way,supermarket,Biedronka,,,Biedronka,,,,50.5716839,19.3166116
932816520,way,supermarket,Dino,,,Dino,,,,51.4989208,15.1890121
933593957,way,supermarket,Dino,,,Dino,,,,52.7987608,18.077958
934006316,way,supermarket,Biedronka,,,Biedronka,,,,51.4367644,15.100968
934302835,way,supermarket,Stokrotka,,,Stokrotka,,,,51.3632633,20.7856549
934536147,way,supermarket,Biedronka,,,Biedronka,,,,51.2165114,15.7253475
935001579,way,supermarket,Dino,,,Dino,,,,52.19783,18.1390234
935125503,way,supermarket,Dino,,,Dino,,,,50.9242338,15.7503462
935126812,way,supermarket,Biedronka,,,Biedronka,,,,53.0893915,21.5535284
935463578,way,supermarket,Biedronka,,,Biedronka,,,,50.2928755,19.134116
935497203,way,supermarket,Dino,,,Dino,,,,51.1427785,18.8515052
935742510,way,supermarket,Dino,,,Dino,,,,50.5416211,16.560322
935894990,way,supermarket,Lidl,,,Lidl,,,,52.8683097,18.7046369
936753937,way,supermarket,Dino,,,Dino,,,,53.0779816,18.2454161
936797721,way,supermarket,Lidl,,,Lidl,,,,54.6165764,18.3466096
937026829,way,supermarket,Lidl,,,Lidl,,,,54.2015364,15.7400805
937033682,way,supermarket,Dino,,,Dino,,,,49.9640535,20.3210395
937741381,way,supermarket,Biedronka,,,Biedronka,,,,51.3062395,15.7211925
937758914,way,supermarket,Stokrotka Market,,,Stokrotka Market,,,,50.9544357,22.3885702
938040800,way,supermarket,Dino,,,Dino,,,,51.651359,18.4264622
938072952,way,supermarket,Biedronka,,,Biedronka,,,,51.0985227,17.670437
938377960,way,supermarket,Dino,,,Dino,,,,52.4717,19.7442138
939496412,way,supermarket,Dino,,,Dino,,,,53.3334827,19.3745022
940280894,way,supermarket,Biedronka,,,Biedronka,,,,52.1012558,21.607335
940727938,way,supermarket,Dino,,,Dino,,,,51.3377572,18.6200189
941000753,way,supermarket,Dino,,,Dino,,,,50.724593,20.5395246
941127972,way,supermarket,Biedronka,,,Biedronka,,,,52.4114469,16.8321134
941935281,way,supermarket,Dino,,,Dino,,,,52.9974847,21.5892039
942344206,way,supermarket,Dino,,,Dino,,,,50.7871194,20.6048481
942462036,way,supermarket,Dino,,,Dino,,,,52.8494383,17.4976736
942698190,way,supermarket,Biedronka,,,Biedronka,,,,51.2378185,18.9877188
942743246,way,supermarket,Dino,,,Dino,,,,54.031305,15.5405643
943251469,way,supermarket,Dino,,,Dino,,,,51.9226643,15.433262
944728710,way,supermarket,Dino,,,Dino,,,,50.79928,16.6789846
945769485,way,supermarket,Biedronka,,,Biedronka,,,,50.3179814,17.3877876
946115558,way,supermarket,Biedronka,,,Biedronka,,,,52.3446983,20.953502
946486668,way,supermarket,Lidl,,,Lidl,,,,52.3039983,20.9865877
946954071,way,supermarket,Dino,,,Dino,,,,53.1083342,14.8148311
947209497,way,supermarket,Dino,,,Dino,,,,53.3846577,19.9214928
947209499,way,supermarket,Dino,,,Dino,,,,53.380767,19.9511289
947449555,way,supermarket,Biedronka,,,Biedronka,,,,52.1638616,20.9299311
947748125,way,supermarket,Dino,,,Dino,,,,52.0408531,18.0481209
947749995,way,supermarket,Dino,,,Dino,,,,52.2091897,17.9258283
947907980,way,supermarket,Dino,,,Dino,,,,53.4625439,19.6145298
947909888,way,supermarket,Dino,,,Dino,,,,53.3528998,19.7045139
948251815,way,supermarket,Dino,,,Dino,,,,50.5836106,19.3305879
948702809,way,supermarket,Biedronka,,,Biedronka,,,,51.6872487,21.5608925
948711939,way,supermarket,Dino,,,Dino,,,,51.8311264,17.4545652
948862602,way,supermarket,Dino,,,Dino,,,,50.2245884,18.7292002
949112521,way,supermarket,Lidl,,,Lidl,,,,52.1090589,21.0176217
949126875,way,supermarket,Dino,,,Dino,,,,54.1362465,16.2823616
949149388,way,supermarket,Biedronka,,,Biedronka,,,,53.3607335,14.7480871
949386371,way,supermarket,Dino,,,Dino,,,,53.3462977,14.8791452
949423667,way,supermarket,Dino,,,Dino,,,,51.3092436,21.7375721
949425614,way,supermarket,Dino,,,Dino,,,,51.2422169,21.7690779
949538126,way,supermarket,Dino,,,Dino,,,,53.8225709,17.3822549
949853279,way,supermarket,Dino,,,Dino,,,,52.0620791,17.5657647
950053613,way,supermarket,Stokrotka,,,Stokrotka,,,,50.3516532,19.3370644
951980897,way,supermarket,Dino,,,Dino,,,,51.0817851,16.2584442
951994334,way,supermarket,Dino,,,Dino,,,,51.9513925,17.7475953
952070264,way,supermarket,Dino,,,Dino,,,,52.0555452,16.1484488
952107124,way,supermarket,Dino,,,Dino,,,,51.9505466,20.0512324
952108564,way,supermarket,Dino,,,Dino,,,,51.5679844,21.5396237
952109332,way,supermarket,Dino,,,Dino,,,,51.446626,21.6211361
952242080,way,supermarket,Dino,,,Dino,,,,50.7571297,16.4055227
952353139,way,supermarket,Lidl,,,Lidl,,,,54.4633852,18.4583953
952751268,way,supermarket,Dino,,,Dino,,,,51.8947682,17.8053992
952782201,way,supermarket,Dino,,,Dino,,,,50.7041577,16.438497
952783882,way,supermarket,Dino,,,Dino,,,,52.7158852,21.2334497
952791601,way,supermarket,Dino,,,Dino,,,,51.1882756,15.870513
952887869,way,supermarket,Dino,,,Dino,,,,53.178694,18.2936354
952961391,way,supermarket,Dino,,,Dino,,,,52.8250935,18.0424789
952975662,way,supermarket,Dino,,,Dino,,,,51.6366676,19.3610555
953331905,way,supermarket,Dino,,,Dino,,,,51.384984,17.9503844
953333671,way,supermarket,Dino,,,Dino,,,,52.4774891,21.6240047
953696789,way,supermarket,Dino,,,Dino,,,,53.4520227,16.0965328
953698423,way,supermarket,Dino,,,Dino,,,,52.9124423,16.1856687
953975786,way,supermarket,Lidl,,,Lidl,,,,53.0299221,18.645092
954194205,way,supermarket,Dino,,,Dino,,,,51.3351801,15.408901
954417420,way,supermarket,Biedronka,,,Biedronka,,,,53.3335123,19.3731558
954771147,way,supermarket,Dino,,,Dino,,,,50.9312956,20.5685017
955634244,way,supermarket,Stokrotka,,,Stokrotka,,,,50.378303,19.0960862
955681461,way,supermarket,Lidl,,,Lidl,,,,54.2783696,18.4808667
955792679,way,supermarket,Dino,,,Dino,,,,53.4997341,19.3366518
956082252,way,supermarket,Dino,,,Dino,,,,53.5843113,15.3141314
956572168,way,supermarket,Dino,,,Dino,,,,52.4430356,16.1731967
957075306,way,supermarket,Dino,,,Dino,,,,53.426207,16.8200959
957075307,way,supermarket,Dino,,,Dino,,,,49.8963887,18.8026154
957075308,way,supermarket,Dino,,,Dino,,,,50.9683353,17.3710548
957075310,way,supermarket,Dino,,,Dino,,,,51.8013754,16.3141455
957075312,way,supermarket,Dino,,,Dino,,,,52.9101484,16.4073432
957075314,way,supermarket,Dino,,,Dino,,,,53.3351328,17.0841695
957077756,way,supermarket,Dino,,,Dino,,,,51.5877057,15.7122291
957079345,way,supermarket,Dino,,,Dino,,,,50.0027389,18.9497701
957079791,way,supermarket,Dino,,,Dino,,,,51.2971108,18.1842731
957080711,way,supermarket,Dino,,,Dino,,,,51.0843971,19.4235107
957082831,way,supermarket,Dino,,,Dino,,,,52.4463253,20.9778221
957238832,way,supermarket,Dino,,,Dino,,,,53.2433816,16.3873197
957454785,way,supermarket,Dino,,,Dino,,,,51.0411989,21.1948364
957456625,way,supermarket,Dino,,,Dino,,,,51.4831547,21.4625897
957457566,way,supermarket,Dino,,,Dino,,,,51.3512234,20.29897
957458187,way,supermarket,Dino,,,Dino,,,,51.3852917,20.2122953
957517006,way,supermarket,Dino,,,Dino,,,,54.5639485,18.1326535
957600223,way,supermarket,Dino,,,Dino,,,,51.5916908,19.9303605
958386329,way,supermarket,Stokrotka,,,Stokrotka,,,,50.5862023,24.0312122
958971484,way,supermarket,Biedronka,,,Biedronka,,,,52.2238947,21.2359989
959033455,way,supermarket,Dino,,,Dino,,,,50.7792415,17.8227428
959557804,way,supermarket,Dino,,,Dino,,,,51.4644608,22.2980429
959579646,way,supermarket,Biedronka,,,Biedronka,,,,53.7972715,17.9650776
959606315,way,supermarket,Stokrotka,,,Stokrotka,,,,50.8265792,22.744914
959855033,way,supermarket,Dino,,,Dino,,,,53.9515477,17.6971246
959900472,way,supermarket,Auchan,,,Auchan,,,,52.3548415,16.8350754
959970790,way,supermarket,Dino,,,Dino,,,,51.7856256,14.7790245
960051944,way,supermarket,Dino,,,Dino,,,,53.8510816,19.160703
960056619,way,supermarket,Biedronka,,,Biedronka,,,,53.5892938,18.6328655
960205285,way,supermarket,Stokrotka,,,Stokrotka,,,,51.1185303,23.2458368
960891807,way,supermarket,Lidl,,,Lidl,,,,52.2584675,21.1575124
961339890,way,supermarket,Lidl,,,Lidl,,,,54.1229374,22.9278494
961544800,way,supermarket,Biedronka,,,Biedronka,,,,52.360923,21.0444319
961994747,way,supermarket,Dino,,,Dino,,,,51.7975316,21.1870676
961995033,way,supermarket,Dino,,,Dino,,,,51.7805517,20.6952562
962213217,way,supermarket,Dino,,,Dino,,,,51.5910133,17.7055481
962251405,way,supermarket,Dino,,,Dino,,,,51.675778,17.4074099
962626275,way,supermarket,Biedronka,,,Biedronka,,,,53.1927594,19.6430297
962883942,way,supermarket,Dino,,,Dino,,,,51.1249318,15.2840135
962909213,way,supermarket,Dino,,,Dino,,,,50.7751937,19.6819767
962914940,way,supermarket,Lidl,,,Lidl,,,,52.1660707,21.2052147
962937329,way,supermarket,Dino,,,Dino,,,,51.602362,16.1672507
962975343,way,supermarket,Netto,,,Netto,,,,52.1543169,21.1831421
963021500,way,supermarket,Biedronka,,,Biedronka,,,,52.1826157,21.1918265
963418736,way,supermarket,Lidl,,,Lidl,,,,52.2066882,21.1728052
963759365,way,supermarket,Dino,,,Dino,,,,51.2664398,19.9749868
963919828,way,supermarket,Dino,,,Dino,,,,51.6442713,17.1627612
964634913,way,supermarket,Dino,,,Dino,,,,54.0163685,19.0245616
964863289,way,supermarket,Lidl,,,Lidl,,,,52.2249324,21.0957414
965201382,way,supermarket,Dino,,,Dino,,,,51.9292574,19.7486005
965359005,way,supermarket,Dino,,,Dino,,,,51.8212577,19.8921017
966134840,way,supermarket,Dino,,,Dino,,,,51.7196403,21.2275377
966143038,way,supermarket,Dino,,,Dino,,,,53.718991,18.9304667
966158266,way,supermarket,Dino,,,Dino,,,,51.6587993,17.6677157
966187203,way,supermarket,Dino,,,Dino,,,,51.3571311,19.3450096
966556794,way,supermarket,Dino,,,Dino,,,,52.2415508,19.3344848
966792581,way,supermarket,Dino,,,Dino,,,,51.4356443,18.9329519
967078464,way,supermarket,Biedronka,,,Biedronka,,,,49.7072405,21.0673849
967476340,way,supermarket,Dino,,,Dino,,,,53.5288252,15.799807
967514243,way,supermarket,Dino,,,Dino,,,,52.7490176,19.4735711
967776513,way,supermarket,Dino,,,Dino,,,,51.6147294,17.5137253
967816720,way,supermarket,Biedronka,,,Biedronka,,,,50.2708445,19.223293
968149403,way,supermarket,Dino,,,Dino,,,,50.792101,15.8354715
968196091,way,supermarket,Biedronka,,,Biedronka,,,,50.8109431,19.1411359
968204464,way,supermarket,Dino,,,Dino,,,,52.063965,15.359457
969125026,way,supermarket,Dino,,,Dino,,,,50.9397998,20.0491713
969215449,way,supermarket,Stokrotka,,,Stokrotka,,,,51.170074,23.7923319
969227827,way,supermarket,Biedronka,,,Biedronka,,,,50.0323745,18.6284493
969590665,way,supermarket,Biedronka,,,Biedronka,,,,50.8346353,19.1041066
969853685,way,supermarket,Lidl,,,Lidl,,,,54.0689273,18.4472273
969876107,way,supermarket,Dino,,,Dino,,,,53.7692186,15.4016087
970316227,way,supermarket,Dino,,,Dino,,,,52.1510512,16.3709555
970576225,way,supermarket,Dino,,,Dino,,,,51.3556001,18.1922218
970740977,way,supermarket,Biedronka,,,Biedronka,,,,50.0167845,20.9425444
971000473,way,supermarket,Dino,,,Dino,,,,53.6252635,19.5887879
971051554,way,supermarket,Dino,,,Dino,,,,52.1733481,17.6884175
971150463,way,supermarket,Dino,,,Dino,,,,50.7368979,16.6615609
971343071,way,supermarket,Biedronka,,,Biedronka,,,,49.8240797,22.7883953
971983969,way,supermarket,Dino,,,Dino,,,,53.3567903,14.7437877
972786153,way,supermarket,Biedronka,,,Biedronka,,,,50.134171,20.1130508
973056330,way,supermarket,Dino,,,Dino,,,,52.1427791,16.8925824
973243717,way,supermarket,Stokrotka,,,Stokrotka,,,,51.1537318,22.5826865
973284713,way,supermarket,Stokrotka,,,Stokrotka,,,,50.1048256,18.4738042
974494189,way,supermarket,Lidl,,,Lidl,,,,50.3356132,19.2099965
975122779,way,supermarket,Dino,,,Dino,,,,50.8918041,21.0873507
975123957,way,supermarket,Dino,,,Dino,,,,50.8773719,21.6632689
975124316,way,supermarket,Dino,,,Dino,,,,50.5309574,21.2075328
975205184,way,supermarket,Stokrotka,,,Stokrotka,,,,50.771875,22.604033
975208065,way,supermarket,Dino,,,Dino,,,,50.345347,20.6679359
975213246,way,supermarket,Dino,,,Dino,,,,50.9823947,20.5179537
975213356,way,supermarket,Dino,,,Dino,,,,50.953559,20.4713187
975213552,way,supermarket,Dino,,,Dino,,,,50.8878424,20.4594163
975213923,way,supermarket,Dino,,,Dino,,,,51.052639,20.405902
975246131,way,supermarket,Dino,,,Dino,,,,50.9434906,20.2476543
975246293,way,supermarket,Dino,,,Dino,,,,50.8641224,20.2017349
975246596,way,supermarket,Dino,,,Dino,,,,50.7495892,20.2499046
975247305,way,supermarket,Dino,,,Dino,,,,50.5819843,20.4487889
975247958,way,supermarket,Dino,,,Dino,,,,50.3197275,20.3971368
975248349,way,supermarket,Dino,,,Dino,,,,50.3898111,19.9593266
975248624,way,supermarket,Dino,,,Dino,,,,50.4751803,19.86216
975250110,way,supermarket,Dino,,,Dino,,,,50.5983916,19.9762367
975252064,way,supermarket,Dino,,,Dino,,,,50.8807448,19.8902011
975290933,way,supermarket,Lidl,,,Lidl,,,,51.6386023,17.8384221
975382896,way,supermarket,Dino,,,Dino,,,,51.0013193,19.8995297
975384057,way,supermarket,Dino,,,Dino,,,,51.0283302,19.6212359
975387746,way,supermarket,Dino,,,Dino,,,,51.3723772,20.0384079
975471336,way,supermarket,Dino,,,Dino,,,,53.242324,21.7754125
975471669,way,supermarket,Dino,,,Dino,,,,53.1865041,22.0487711
975471737,way,supermarket,Dino,,,Dino,,,,53.1507015,21.8134096
975473600,way,supermarket,Dino,,,Dino,,,,53.0464182,21.9899958
975829374,way,supermarket,Kaufland,,,Kaufland,,,,50.2410693,18.9976254
976241126,way,supermarket,Dino,,,Dino,,,,50.8501638,22.132615
976245591,way,supermarket,Dino,,,Dino,,,,51.0585485,22.6234392
977390358,way,supermarket,Lidl,,,Lidl,,,,52.3467972,20.9505324
977410815,way,supermarket,Netto,,,Netto,,,,51.6471246,20.9423838
977425682,way,supermarket,Dino,,,Dino,,,,49.9368537,20.8237836
977426381,way,supermarket,Dino,,,Dino,,,,49.9827971,20.6574957
977506945,way,supermarket,Lidl,,,Lidl,,,,52.3235954,20.9396392
977738865,way,supermarket,Kaufland,,,Kaufland,,,,49.7902131,22.7834002
977740437,way,supermarket,Biedronka,,,Biedronka,,,,54.0084677,15.9781761
977926247,way,supermarket,Biedronka,,,Biedronka,,,,49.7838885,22.810901
978035897,way,supermarket,Dino,,,Dino,,,,50.2252977,19.2180436
978327504,way,supermarket,Dino,,,Dino,,,,52.0206174,17.6742923
978737127,way,supermarket,Dino,,,Dino,,,,51.2549551,21.8768887
978740190,way,supermarket,Dino,,,Dino,,,,52.2182246,21.6646019
978741500,way,supermarket,Dino,,,Dino,,,,52.0610929,21.2557722
978745898,way,supermarket,Dino,,,Dino,,,,52.3315407,21.4141037
979332794,way,supermarket,Dino,,,Dino,,,,51.3062362,23.1199996
979367547,way,supermarket,Dino,,,Dino,,,,52.1846997,18.6851586
979367550,way,supermarket,Dino,,,Dino,,,,52.2115625,18.6861306
979396097,way,supermarket,Dino,,,Dino,,,,51.9159079,17.6595855
979401361,way,supermarket,Lidl,,,Lidl,,,,52.5314593,19.6826764
979432755,way,supermarket,Dino,,,Dino,,,,53.0321299,18.7451543
979692663,way,supermarket,Dino,,,Dino,,,,52.200863,20.5452035
979697164,way,supermarket,Dino,,,Dino,,,,52.8306315,18.8923416
980115906,way,supermarket,Biedronka,,,Biedronka,,,,51.0249337,15.0612148
980155717,way,supermarket,Dino,,,Dino,,,,51.170027,18.3873568
980661966,way,supermarket,Dino,,,Dino,,,,50.5433728,17.3693678
981119654,way,supermarket,Dino,,,Dino,,,,51.9661419,17.5066202
981344147,way,supermarket,Dino,,,Dino,,,,51.3656677,22.2911534
981513758,way,supermarket,Dino,,,Dino,,,,50.3066023,19.4319133
981527748,way,supermarket,Stokrotka,,,Stokrotka,,,,50.8917715,21.0906429
981527762,way,supermarket,Stokrotka Market,,,Stokrotka Market,,,,50.9638712,21.1181264
981828541,way,supermarket,Lidl,,,Lidl,,,,50.6106983,18.4768917
982906421,way,supermarket,Biedronka,,,Biedronka,,,,52.383611,20.9273213
983227158,way,supermarket,Dino,,,Dino,,,,51.5037408,17.7722719
983227161,way,supermarket,Dino,,,Dino,,,,51.5081465,17.6600791
984698461,way,supermarket,Dino,,,Dino,,,,50.4577316,17.005143
984776138,way,supermarket,Biedronka,,,Biedronka,,,,49.6936719,22.7466685
984861304,way,supermarket,Dino,,,Dino,,,,50.5110284,19.4169823
984872707,way,supermarket,Biedronka,,,Biedronka,,,,50.885739,17.4789466
985099601,way,supermarket,Lidl,,,Lidl,,,,53.1080096,18.047723
985211225,way,supermarket,Biedronka,,,Biedronka,,,,50.7190119,18.0007304
985270124,way,supermarket,Biedronka,,,Biedronka,,,,50.5411582,22.723942
985351468,way,supermarket,Netto,,,Netto,,,,52.2902437,20.8586904
985749418,way,supermarket,Dino,,,Dino,,,,52.9890845,16.9046319
985849609,way,supermarket,Dino,,,Dino,,,,54.3993729,17.7639567
985854977,way,supermarket,Dino,,,Dino,,,,54.0083122,19.0093892
985855063,way,supermarket,Dino,,,Dino,,,,54.0124882,18.9181899
986030830,way,supermarket,Dino,,,Dino,,,,54.1554495,15.6161517
986422876,way,supermarket,Dino,,,Dino,,,,51.7824103,16.9881194
986481548,way,supermarket,Kaufland,,,Kaufland,,,,50.7853044,19.1292853
987309844,way,supermarket,Dino,,,Dino,,,,51.2302463,17.0423144
987344485,way,supermarket,Dino,,,Dino,,,,53.1684972,18.1759005
987407011,way,supermarket,Intermarché,,,Intermarché,,,,51.5139394,17.2737751
987407041,way,supermarket,Dino,,,Dino,,,,51.5186156,17.2761319
987610659,way,supermarket,Dino,,,Dino,,,,51.3037102,15.6097572
987614813,way,supermarket,Biedronka,,,Biedronka,,,,51.9293067,15.6528534
988392359,way,supermarket,Dino,,,Dino,,,,51.28927,15.210236
988450183,way,supermarket,Stokrotka,,,Stokrotka,,,,53.6264351,21.8013603
988726075,way,supermarket,Stokrotka,,,Stokrotka,,,,51.1424451,21.8786035
988979220,way,supermarket,Lidl,,,Lidl,,,,50.8818602,20.5763306
989152075,way,supermarket,Stokrotka,,,Stokrotka,,,,51.0360381,21.8289607
989700039,way,supermarket,Lidl,,,Lidl,,,,51.645041,19.4849244
989905007,way,supermarket,Lidl,,,Lidl,,,,51.7695949,18.0943464
991121866,way,supermarket,Dino,,,Dino,,,,51.5975088,17.7900061
991304148,way,supermarket,Lidl,,,Lidl,,,,50.2302429,18.9389894
991403000,way,supermarket,Kaufland,,,Kaufland,,,,49.6212484,20.698211
991443789,way,supermarket,Dino,,,Dino,,,,51.4809552,17.9630615
991512463,way,supermarket,Lidl,,,Lidl,,,,51.726718,19.454243
991625705,way,supermarket,Dino,,,Dino,,,,53.9260889,19.0363221
991631209,way,supermarket,Dino,,,Dino,,,,54.1154165,18.9175591
991631979,way,supermarket,Dino,,,Dino,,,,54.1341995,19.02055
991670035,way,supermarket,Biedronka,,,Biedronka,,,,54.7155678,18.0279959
991745193,way,supermarket,Dino,,,Dino,,,,53.1746853,20.2983457
991758357,way,supermarket,Dino,,,Dino,,,,53.9917331,18.5301018
991841601,way,supermarket,Dino,,,Dino,,,,54.2360619,19.2325341
992040594,way,supermarket,Carrefour,,,Carrefour,,,,49.7935863,22.7721657
992104310,way,supermarket,Dino,,,Dino,,,,53.9257364,19.3415962
992105894,way,supermarket,Dino,,,Dino,,,,53.9138186,19.7379934
992301194,way,supermarket,Dino,,,Dino,,,,53.6312865,19.6604849
992302032,way,supermarket,Dino,,,Dino,,,,53.6678512,19.8135292
992368583,way,supermarket,Dino,,,Dino,,,,53.5266812,19.5094407
992369987,way,supermarket,Dino,,,Dino,,,,53.4059033,19.5751992
992522523,way,supermarket,Dino,,,Dino,,,,53.5391476,20.0899154
992524899,way,supermarket,Dino,,,Dino,,,,53.5802701,20.2812889
992526256,way,supermarket,Dino,,,Dino,,,,53.3016926,20.2782553
993071764,way,supermarket,Kaufland,,,Kaufland,,,,50.270246,19.0079009
993403843,way,supermarket,Dino,,,Dino,,,,52.0908535,17.0065747
993477996,way,supermarket,Stokrotka,,,Stokrotka,,,,50.7118915,23.2555625
994900657,way,supermarket,Lidl,,,Lidl,,,,52.1113346,21.258064
995264730,way,supermarket,Dino,,,Dino,,,,53.6506836,14.6255282
995402689,way,supermarket,Dino,,,Dino,,,,51.3841963,19.3844725
995671029,way,supermarket,Dino,,,Dino,,,,51.6712002,19.3896469
995828078,way,supermarket,Dino,,,Dino,,,,52.9784665,19.7639608
995944562,way,supermarket,Biedronka,,,Biedronka,,,,51.437048,21.0086277
996056952,way,supermarket,Lidl,,,Lidl,,,,51.7994205,19.4764431
997080988,way,supermarket,Dino,,,Dino,,,,50.3085216,18.9217414
997899370,way,supermarket,Netto,,,Netto,,,,50.5283531,22.7237824
997933711,way,supermarket,Biedronka,,,Biedronka,,,,51.3902211,23.1917485
997998457,way,supermarket,Biedronka,,,Biedronka,,,,50.0848995,19.34457
998036531,way,supermarket,Dino,,,Dino,,,,51.8078022,19.3194628
998134431,way,supermarket,Biedronka,,,Biedronka,,,,50.6552746,22.0365377
998199968,way,supermarket,Dino,,,Dino,,,,51.9599261,15.9728963
998262046,way,supermarket,Netto,,,Netto,,,,49.8411854,19.0679332
998714924,way,supermarket,Dino,,,Dino,,,,50.9556539,22.168887
999210778,way,supermarket,Dino,,,Dino,,,,53.3041982,17.7762437
999484295,way,supermarket,Kaufland,,,Kaufland,,,,50.032658,19.9246027
999604793,way,supermarket,Dino,,,Dino,,,,51.8755504,16.9496953
999684665,way,supermarket,Dino,,,Dino,,,,51.3015985,19.6492922
999726638,way,supermarket,Stokrotka,,,Stokrotka,,,,50.0519449,21.3403275
999740462,way,supermarket,Biedronka,,,Biedronka,,,,49.6027215,20.6966086
1000014838,way,supermarket,Dino,,,Dino,,,,51.9029155,22.7080735
1000016109,way,supermarket,Dino,,,Dino,,,,51.991569,22.7940135
1000020199,way,supermarket,Stokrotka,,,Stokrotka,,,,50.4044758,22.5042885
1000030471,way,supermarket,Dino,,,Dino,,,,52.7334063,15.199694
1000250356,way,supermarket,Netto,,,Netto,,,,51.0522835,17.0047725
1000629153,way,supermarket,Dino,,,Dino,,,,51.6653089,19.7704443
1000749841,way,supermarket,Dino,,,Dino,,,,51.5426992,20.0296452
1000874497,way,supermarket,Dino,,,Dino,,,,51.7657143,21.3743905
1000909506,way,supermarket,Dino,,,Dino,,,,53.0351436,21.1725703
1001503931,way,supermarket,Dino,,,Dino,,,,53.6450208,15.6137821
1001565818,way,supermarket,Netto,,,Netto,,,,50.0310565,19.2738616
1001706392,way,supermarket,Dino,,,Dino,,,,54.6130594,17.3631769
1001750401,way,supermarket,Dino,,,Dino,,,,52.4362196,15.5853092
1002224301,way,supermarket,Lidl,,,Lidl,,,,51.5950293,21.5315745
1002226026,way,supermarket,Dino,,,Dino,,,,50.2511,18.8487206
1002381914,way,supermarket,Dino,,,Dino,,,,50.3469985,18.9922603
1002683319,way,supermarket,Dino,,,Dino,,,,53.5215716,18.7900395
1003003920,way,supermarket,Dino,,,Dino,,,,50.1498116,18.6796214
1004037391,way,supermarket,Biedronka,,,Biedronka,,,,50.9415999,21.3782682
1004402691,way,supermarket,Biedronka,,,Biedronka,,,,50.7665389,22.1021487
1004460075,way,supermarket,Dino,,,Dino,,,,51.8885772,17.7704301
1004581095,way,supermarket,Dino,,,Dino,,,,53.5449842,14.8651642
1004674239,way,supermarket,Dino,,,Dino,,,,50.0658852,19.0466879
1004792798,way,supermarket,Biedronka,,,Biedronka,,,,50.7783694,16.5969639
1005190821,way,supermarket,Dino,,,Dino,,,,52.0678324,20.1671222
1005647027,way,supermarket,Lidl,,,Lidl,,,,50.2311914,18.6460999
1005683327,way,supermarket,Biedronka,,,Biedronka,,,,50.0756049,21.022339
1005900016,way,supermarket,Biedronka,,,Biedronka,,,,51.4922708,18.6255904
1005976776,way,supermarket,Biedronka,,,Biedronka,,,,54.0881321,21.9237502
1006291857,way,supermarket,Biedronka,,,Biedronka,,,,49.7291774,19.0732495
1006623067,way,supermarket,Lidl,,,Lidl,,,,52.4412282,16.8692814
1006951812,way,supermarket,Stokrotka,,,Stokrotka,,,,51.2549202,21.8744221
1006959982,way,supermarket,Lidl,,,Lidl,,,,51.1463966,21.9788709
1007050573,way,supermarket,Dino,,,Dino,,,,50.6457025,17.858807
1007135159,way,supermarket,Dino,,,Dino,,,,51.1197717,20.9031304
1007146393,way,supermarket,Dino,,,Dino,,,,51.6551123,15.1229647
1007472690,way,supermarket,Biedronka,,,Biedronka,,,,50.0919802,18.5171106
1007848668,way,supermarket,Lidl,,,Lidl,,,,52.3762659,16.7428174
1008620712,way,supermarket,Biedronka,,,Biedronka,,,,50.213373,19.2595535
1008832975,way,supermarket,Dino,,,Dino,,,,50.3123167,18.2268204
1008972773,way,supermarket,Biedronka,,,Biedronka,,,,52.5134257,17.5933172
1009563441,way,supermarket,Biedronka,,,Biedronka,,,,50.748981,22.3384674
1009880051,way,supermarket,Dino,,,Dino,,,,49.880811,19.207221
1010158662,way,supermarket,Biedronka,,,Biedronka,,,,50.4338313,21.7518072
1010176663,way,supermarket,Lidl,,,Lidl,,,,50.0090541,18.4604552
1010287282,way,supermarket,Lidl,,,Lidl,,,,51.7767407,19.4977451
1010295829,way,supermarket,Stokrotka Market,,,Stokrotka Market,,,,50.4130437,22.3428619
1011095242,way,supermarket,Carrefour,,,Carrefour,,,,54.1085197,22.9262953
1011641599,way,supermarket,Dino,,,Dino,,,,50.5645792,21.7327676
1012712876,way,supermarket,Dino,,,Dino,,,,52.6297105,20.3461765
1013164475,way,supermarket,Dino,,,Dino,,,,49.8512295,19.32721
1013165819,way,supermarket,Dino,,,Dino,,,,50.7881598,17.4966487
1013542907,way,supermarket,Dino,,,Dino,,,,51.8059717,22.9424992
1013708868,way,supermarket,Dino,,,Dino,,,,52.2556062,19.3445792
1014124102,way,supermarket,Biedronka,,,Biedronka,,,,51.7534587,22.2644504
1014138568,way,supermarket,Dino,,,Dino,,,,54.1701131,16.184736
1015137806,way,supermarket,Dino,,,Dino,,,,51.6963094,17.8621036
1015250035,way,supermarket,Stokrotka Market,,,Stokrotka Market,,,,50.4298587,22.7447495
1015354151,way,supermarket,Dino,,,Dino,,,,52.8586308,19.686619
1016672571,way,supermarket,Dino,,,Dino,,,,51.925726,22.3167447
1016921171,way,supermarket,Lidl,,,Lidl,,,,51.3821189,21.1826418
1016998100,way,supermarket,Biedronka,,,Biedronka,,,,52.5029013,16.745796
1017143115,way,supermarket,Dino,,,Dino,,,,51.5103986,18.1191569
1017143116,way,supermarket,Dino,,,Dino,,,,52.2497525,20.2447006
1017143117,way,supermarket,Dino,,,Dino,,,,53.1088715,17.0077956
1017143119,way,supermarket,Dino,,,Dino,,,,51.8485358,17.0697113
1017143121,way,supermarket,Dino,,,Dino,,,,51.7570772,17.1111731
1017143122,way,supermarket,Dino,,,Dino,,,,52.1879967,19.9089596
1017143123,way,supermarket,Dino,,,Dino,,,,52.6474055,17.9630547
1017143128,way,supermarket,Dino,,,Dino,,,,53.3916263,17.6835385
1017143130,way,supermarket,Dino,,,Dino,,,,53.1384283,19.2787769
1017143139,way,supermarket,Dino,,,Dino,,,,51.6760009,17.5458847
1017143142,way,supermarket,Dino,,,Dino,,,,52.350179,17.5321522
1017143143,way,supermarket,Dino,,,Dino,,,,53.0073111,19.1577784
1017143144,way,supermarket,Dino,,,Dino,,,,51.5961684,19.5410977
1017143147,way,supermarket,Dino,,,Dino,,,,52.3078523,18.2619399
1017143150,way,supermarket,Dino,,,Dino,,,,51.6025638,18.0838354
1017143164,way,supermarket,Dino,,,Dino,,,,51.6570635,17.7331435
1017143171,way,supermarket,Dino,,,Dino,,,,53.1699457,18.5359519
1017143175,way,supermarket,Dino,,,Dino,,,,51.7064434,18.146332
1017143191,way,supermarket,Dino,,,Dino,,,,52.4675401,20.7228786
1017143195,way,supermarket,Dino,,,Dino,,,,51.5340994,19.7124674
1017143199,way,supermarket,Dino,,,Dino,,,,52.5305097,20.3640605
1017143209,way,supermarket,Dino,,,Dino,,,,51.9284838,17.5348795
1017143211,way,supermarket,Dino,,,Dino,,,,51.4713357,17.6195366
1017143218,way,supermarket,Dino,,,Dino,,,,51.8480726,17.3551234
1017191175,way,supermarket,Dino,,,Dino,,,,51.7361498,21.6725761
1017191176,way,supermarket,Dino,,,Dino,,,,51.2014463,22.0944667
1017191185,way,supermarket,Dino,,,Dino,,,,50.7536812,22.3188167
1017194752,way,supermarket,Dino,,,Dino,,,,54.6307646,18.1492146
1017317972,way,supermarket,Dino,,,Dino,,,,51.9098723,18.1075633
1017332944,way,supermarket,Biedronka,,,Biedronka,,,,52.994319,18.5169354
1017368488,way,supermarket,Stokrotka,,,Stokrotka,,,,50.4929632,19.4928644
1017377149,way,supermarket,Biedronka,,,Biedronka,,,,50.7844808,16.4687602
1017416174,way,supermarket,Biedronka,,,Biedronka,,,,51.5271547,22.3125183
1017534950,way,supermarket,Biedronka,,,Biedronka,,,,54.2033737,15.7498378
1017571068,way,supermarket,Dino,,,Dino,,,,50.6577808,22.0383172
1017597689,way,supermarket,Carrefour Express,,,Carrefour Express,,,,52.294061,20.815795
1017624849,way,supermarket,Dino,,,Dino,,,,52.6259675,14.7283402
1017795087,way,supermarket,Dino,,,Dino,,,,51.6379912,17.8862272
1017820051,way,supermarket,Dino,,,Dino,,,,52.7479675,18.1169505
1017898486,way,supermarket,Dino,,,Dino,,,,52.2443489,20.1118606
1018348560,way,supermarket,Biedronka,,,Biedronka,,,,54.7555362,18.2634438
1018609278,way,supermarket,Stokrotka,,,Stokrotka,,,,51.3569874,21.5788408
1018618459,way,supermarket,Dino,,,Dino,,,,51.7074776,16.9946522
1018637282,way,supermarket,Dino,,,Dino,,,,51.5347481,18.0529721
1018638946,way,supermarket,Dino,,,Dino,,,,52.8794801,16.1692582
1018778899,way,supermarket,Stokrotka Market,,,Stokrotka Market,,,,51.7241296,21.2283915
1018827805,way,supermarket,Dino,,,Dino,,,,51.1161391,18.6117556
1018828938,way,supermarket,Dino,,,Dino,,,,51.1485038,18.702658
1018829980,way,supermarket,Dino,,,Dino,,,,51.2056319,18.907195
1018838521,way,supermarket,Dino,,,Dino,,,,51.221917,19.3103234
1018841831,way,supermarket,Dino,,,Dino,,,,51.1476963,19.337317
1018844204,way,supermarket,Dino,,,Dino,,,,51.1078761,19.035564
1019581367,way,supermarket,Dino,,,Dino,,,,51.4141058,17.8943215
1019581924,way,supermarket,Dino,,,Dino,,,,51.3599415,18.0332062
1019582258,way,supermarket,Dino,,,Dino,,,,51.3270952,18.0594488
1019582558,way,supermarket,Dino,,,Dino,,,,51.2969941,18.0503929
1019759094,way,supermarket,Dino,,,Dino,,,,51.3928554,17.3368054
1020020067,way,supermarket,Dino,,,Dino,,,,51.4480394,20.4685681
1020022493,way,supermarket,Dino,,,Dino,,,,52.9882897,22.6997469
1020023465,way,supermarket,Biedronka,,,Biedronka,,,,52.9898655,22.7011073
1020024233,way,supermarket,Dino,,,Dino,,,,53.0181348,22.5158011
1020025868,way,supermarket,Dino,,,Dino,,,,53.3558943,21.554883
1020026757,way,supermarket,Dino,,,Dino,,,,53.6426026,20.7820132
1020066692,way,supermarket,Dino,,,Dino,,,,51.5231569,17.2665912
1020069724,way,supermarket,Dino,,,Dino,,,,51.7237377,17.223247
1020071821,way,supermarket,Dino,,,Dino,,,,51.6082513,16.9756477
1020199425,way,supermarket,Stokrotka,,,Stokrotka,,,,50.0136184,18.3792188
1020366887,way,supermarket,Dino,,,Dino,,,,52.5157895,18.1809563
1020368305,way,supermarket,Dino,,,Dino,,,,52.360166,19.2792173
1020368356,way,supermarket,Dino,,,Dino,,,,52.3964627,19.1719796
1020369202,way,supermarket,Dino,,,Dino,,,,52.3495576,18.7269596
1020401084,way,supermarket,Dino,,,Dino,,,,51.2189402,18.485282
1020408733,way,supermarket,Stokrotka,,,Stokrotka,,,,52.0359797,23.3602441
1020474815,way,supermarket,Dino,,,Dino,,,,52.7437506,14.6935578
1020540706,way,supermarket,Dino,,,Dino,,,,54.1066797,16.986239
1020650704,way,supermarket,Dino,,,Dino,,,,51.1305925,21.0660046
1020837297,way,supermarket,Dino,,,Dino,,,,52.4429834,20.8475624
1020907813,way,supermarket,Dino,,,Dino,,,,53.4063535,21.9220865
1020908502,way,supermarket,Dino,,,Dino,,,,53.2848691,22.2990524
1020909540,way,supermarket,Biedronka,,,Biedronka,,,,53.2822978,22.3071949
1020910580,way,supermarket,Dino,,,Dino,,,,53.0314862,21.7242169
1020911139,way,supermarket,Dino,,,Dino,,,,52.9052231,21.5631535
1020912584,way,supermarket,Dino,,,Dino,,,,53.00585,20.8991983
1020912587,way,supermarket,Dino,,,Dino,,,,53.0223201,20.8989195
1020917874,way,supermarket,Dino,,,Dino,,,,52.9042406,19.7778915
1020919478,way,supermarket,Dino,,,Dino,,,,52.901314,19.5229782
1020919862,way,supermarket,Dino,,,Dino,,,,52.8750316,19.3676983
1020921440,way,supermarket,Dino,,,Dino,,,,52.8808131,20.0359988
1020923500,way,supermarket,Dino,,,Dino,,,,52.9382568,20.0935147
1020924959,way,supermarket,Dino,,,Dino,,,,52.7804961,20.1235558
1020925521,way,supermarket,Dino,,,Dino,,,,52.6809759,20.2532625
1020927809,way,supermarket,Dino,,,Dino,,,,52.6786912,19.813016
1020928328,way,supermarket,Dino,,,Dino,,,,52.6624064,19.7443057
1020928954,way,supermarket,Dino,,,Dino,,,,52.6241892,19.789103
1020929576,way,supermarket,Dino,,,Dino,,,,52.5753352,19.8990336
1020930139,way,supermarket,Dino,,,Dino,,,,51.2022033,20.3753043
1020932213,way,supermarket,Dino,,,Dino,,,,50.9418791,20.425956
1020937285,way,supermarket,Dino,,,Dino,,,,50.2742095,20.911336
1020938234,way,supermarket,Dino,,,Dino,,,,50.2120607,21.1069246
1020975066,way,supermarket,Dino,,,Dino,,,,50.9467207,20.3685778
1020975067,way,supermarket,Dino,,,Dino,,,,50.805485,20.9950313
1021041847,way,supermarket,Biedronka,,,Biedronka,,,,53.4943605,19.7507329
1021081514,way,supermarket,Dino,,,Dino,,,,51.5927662,22.6156345
1021092525,way,supermarket,Dino,,,Dino,,,,51.4989817,19.1671155
1021174917,way,supermarket,Dino,,,Dino,,,,54.0762351,19.6614063
1021185139,way,supermarket,Biedronka,,,Biedronka,,,,53.6171302,19.5753663
1021196081,way,supermarket,Dino,,,Dino,,,,53.7912197,20.6042351
1021206306,way,supermarket,Dino,,,Dino,,,,52.5659984,16.4550078
1021210613,way,supermarket,Dino,,,Dino,,,,54.5058925,17.1142458
1021219589,way,supermarket,Dino,,,Dino,,,,52.1879051,21.5316986
1021220969,way,supermarket,Dino,,,Dino,,,,52.1914648,21.5884596
1021229659,way,supermarket,Dino,,,Dino,,,,52.6664247,14.9961773
1021238876,way,supermarket,Dino,,,Dino,,,,52.0530351,20.4604505
1021241372,way,supermarket,Dino,,,Dino,,,,52.5577311,21.7645933
1021243408,way,supermarket,Dino,,,Dino,,,,51.9569901,15.8067433
1021243847,way,supermarket,Biedronka,,,Biedronka,,,,52.0265649,15.7296007
1021245861,way,supermarket,Dino,,,Dino,,,,52.0075181,16.1675735
1021247040,way,supermarket,Dino,,,Dino,,,,52.6238898,21.5665712
1021270001,way,supermarket,Dino,,,Dino,,,,52.9523421,16.5945738
1021279221,way,supermarket,Dino,,,Dino,,,,51.7878913,16.1082709
1021376194,way,supermarket,Dino,,,Dino,,,,50.2796593,18.590058
1021448821,way,supermarket,Biedronka,,,Biedronka,,,,50.5056319,16.7323245
1021472008,way,supermarket,Dino,,,Dino,,,,52.4375472,20.6176168
1021473269,way,supermarket,Dino,,,Dino,,,,52.2575178,20.2743432
1021474204,way,supermarket,Dino,,,Dino,,,,52.1619014,20.1746675
1021475567,way,supermarket,Dino,,,Dino,,,,51.9705267,20.209275
1021477178,way,supermarket,Dino,,,Dino,,,,52.2983909,19.7128423
1021477997,way,supermarket,Dino,,,Dino,,,,52.4009335,19.7267679
1021478959,way,supermarket,Dino,,,Dino,,,,52.4146924,19.472196
1021480413,way,supermarket,Dino,,,Dino,,,,52.5457827,19.7615791
1021480422,way,supermarket,Dino,,,Dino,,,,52.5157753,19.7790174
1021480423,way,supermarket,Dino,,,Dino,,,,52.5234976,19.8189461
1021483337,way,supermarket,Dino,,,Dino,,,,52.5906743,19.6154973
1021484386,way,supermarket,Dino,,,Dino,,,,52.7638939,19.5623862
1021485451,way,supermarket,Dino,,,Dino,,,,51.2287808,21.9937801
1021486055,way,supermarket,Biedronka,,,Biedronka,,,,54.4514679,18.3345514
1021509192,way,supermarket,Dino,,,Dino,,,,54.0833535,19.3005369
1021510653,way,supermarket,Dino,,,Dino,,,,52.5692989,19.7946786
1021511392,way,supermarket,Dino,,,Dino,,,,53.9245734,16.2482152
1021513176,way,supermarket,Dino,,,Dino,,,,53.7131148,16.7036632
1021513180,way,supermarket,Dino,,,Dino,,,,53.7159257,16.6908424
1021516577,way,supermarket,Dino,,,Dino,,,,53.5348434,16.0218252
1021517328,way,supermarket,Dino,,,Dino,,,,53.6399677,15.9761302
1021517589,way,supermarket,Dino,,,Dino,,,,53.7751692,15.9603543
1021518091,way,supermarket,Dino,,,Dino,,,,53.7646106,16.1079877
1021529752,way,supermarket,Dino,,,Dino,,,,52.5322921,17.550552
1021740957,way,supermarket,Dino,,,Dino,,,,53.9571627,15.3505758
1021743008,way,supermarket,Dino,,,Dino,,,,54.051065,14.9305925
1021743286,way,supermarket,Dino,,,Dino,,,,53.8237754,14.8394816
1021743993,way,supermarket,Dino,,,Dino,,,,53.5473913,14.950902
1021744578,way,supermarket,Dino,,,Dino,,,,53.3517025,14.9302823
1021746692,way,supermarket,Dino,,,Dino,,,,53.2552457,14.9957288
1021747332,way,supermarket,Dino,,,Dino,,,,53.3605203,15.4219593
1021747919,way,supermarket,Dino,,,Dino,,,,53.038333,14.6238251
1021748226,way,supermarket,Dino,,,Dino,,,,52.8651416,14.4743401
1021749665,way,supermarket,Dino,,,Dino,,,,53.6261322,15.6425762
1021773388,way,supermarket,Dino,,,Dino,,,,52.8823579,16.0089173
1021877685,way,supermarket,Dino,,,Dino,,,,53.5659685,18.0057695
1021878412,way,supermarket,Dino,,,Dino,,,,53.5048466,18.0040486
1021879235,way,supermarket,Dino,,,Dino,,,,53.4887346,17.8073432
1021879550,way,supermarket,Dino,,,Dino,,,,53.448787,17.5130485
1021882557,way,supermarket,Dino,,,Dino,,,,53.4319589,18.2397227
1021883776,way,supermarket,Dino,,,Dino,,,,53.3849699,18.5022355
1021933446,way,supermarket,Dino,,,Dino,,,,53.2762123,18.442154
1021937072,way,supermarket,Dino,,,Dino,,,,53.1712096,19.3861477
1021937910,way,supermarket,Dino,,,Dino,,,,53.0420797,19.4007889
1021940237,way,supermarket,Dino,,,Dino,,,,53.0128125,19.0536454
1021942092,way,supermarket,Dino,,,Dino,,,,52.8356603,19.1933442
1021944765,way,supermarket,Dino,,,Dino,,,,52.6405863,19.3164116
1021945880,way,supermarket,Dino,,,Dino,,,,52.4643043,18.8854518
1021946662,way,supermarket,Dino,,,Dino,,,,52.5507818,18.4964752
1021947206,way,supermarket,Dino,,,Dino,,,,52.6242743,18.5261662
1021948011,way,supermarket,Dino,,,Dino,,,,52.7599226,18.6273119
1021989185,way,supermarket,Dino,,,Dino,,,,52.8543715,18.8114724
1021990827,way,supermarket,Dino,,,Dino,,,,52.6736327,18.3412225
1021993300,way,supermarket,Dino,,,Dino,,,,52.7964003,18.2819849
1021994176,way,supermarket,Dino,,,Dino,,,,52.8692516,18.3572698
1021998679,way,supermarket,Dino,,,Dino,,,,52.6613569,17.9653524
1021999558,way,supermarket,Dino,,,Dino,,,,53.0748465,17.8023349
1022000787,way,supermarket,Dino,,,Dino,,,,53.1583892,17.4538
1022001367,way,supermarket,Dino,,,Dino,,,,52.9475632,17.5195609
1022002731,way,supermarket,Dino,,,Dino,,,,52.8285747,17.6352413
1022004332,way,supermarket,Dino,,,Dino,,,,52.6924204,17.6752639
1022086643,way,supermarket,Dino,,,Dino,,,,52.8084213,15.7492256
1022089208,way,supermarket,Dino,,,Dino,,,,52.767265,15.7152279
1022090795,way,supermarket,Dino,,,Dino,,,,52.4421734,14.8853313
1022091864,way,supermarket,Dino,,,Dino,,,,52.351866,14.8348441
1022265289,way,supermarket,Dino,,,Dino,,,,52.3773665,15.6888048
1022265558,way,supermarket,Dino,,,Dino,,,,52.5000868,15.9164979
1022266872,way,supermarket,Dino,,,Dino,,,,52.3358758,15.5451668
1022268347,way,supermarket,Dino,,,Dino,,,,52.2464475,15.5227029
1022271335,way,supermarket,Dino,,,Dino,,,,52.1387089,15.7610243
1022272395,way,supermarket,Dino,,,Dino,,,,52.0687526,14.9058315
1022277579,way,supermarket,Dino,,,Dino,,,,52.0144662,14.9461613
1022279129,way,supermarket,Dino,,,Dino,,,,52.0128433,16.0519293
1022280774,way,supermarket,Dino,,,Dino,,,,51.7395013,16.2876532
1022282449,way,supermarket,Dino,,,Dino,,,,51.8225769,14.9788214
1022282916,way,supermarket,Dino,,,Dino,,,,51.757891,15.0085446
1022284132,way,supermarket,Dino,,,Dino,,,,51.677224,15.162612
1022285823,way,supermarket,Dino,,,Dino,,,,51.5701931,15.1414863
1022286909,way,supermarket,Dino,,,Dino,,,,51.5143175,15.0913894
1022288768,way,supermarket,Dino,,,Dino,,,,51.6328344,15.3252686
1022289550,way,supermarket,Dino,,,Dino,,,,51.7448235,15.6105007
1022290004,way,supermarket,Dino,,,Dino,,,,51.776899,15.5454685
1022290864,way,supermarket,Dino,,,Dino,,,,51.8506902,15.7083276
1022358889,way,supermarket,Dino,,,Dino,,,,51.8010093,15.6996385
1022359963,way,supermarket,Dino,,,Dino,,,,51.8052056,15.7754608
1022360831,way,supermarket,Dino,,,Dino,,,,51.7700159,15.8186068
1022361438,way,supermarket,Dino,,,Dino,,,,51.7278763,15.8308324
1022361445,way,supermarket,Dino,,,Dino,,,,51.7295159,15.8140332
1022362591,way,supermarket,Dino,,,Dino,,,,50.093661,20.82082
1022362776,way,supermarket,Dino,,,Dino,,,,50.0177235,20.7439901
1022363165,way,supermarket,Dino,,,Dino,,,,50.0201179,20.6320274
1022364121,way,supermarket,Dino,,,Dino,,,,49.8841839,19.9848476
1022364745,way,supermarket,Dino,,,Dino,,,,49.892358,19.7321746
1022365265,way,supermarket,Dino,,,Dino,,,,49.865296,19.6913235
1022365757,way,supermarket,Dino,,,Dino,,,,49.7693946,19.6844219
1022366296,way,supermarket,Dino,,,Dino,,,,49.7312022,19.6631797
1022367529,way,supermarket,Biedronka,,,Biedronka,,,,49.4583613,20.2655477
1022367531,way,supermarket,Dino,,,Dino,,,,49.458788,20.2665172
1022367751,way,supermarket,Dino,,,Dino,,,,49.863844,19.3129
1022368177,way,supermarket,Dino,,,Dino,,,,49.8776179,19.2904694
1022368974,way,supermarket,Dino,,,Dino,,,,50.075422,19.1767147
1022369530,way,supermarket,Dino,,,Dino,,,,50.3825557,19.5877197
1022369603,way,supermarket,Dino,,,Dino,,,,50.4000248,19.7131036
1022494553,way,supermarket,Lidl,,,Lidl,,,,50.143879,21.9649222
1022582586,way,supermarket,Dino,,,Dino,,,,53.1446842,18.8078054
1022585081,way,supermarket,Dino,,,Dino,,,,53.6860268,15.1209701
1022594213,way,supermarket,Dino,,,Dino,,,,53.5417032,15.5575897
1022595926,way,supermarket,Dino,,,Dino,,,,51.4731989,15.3873577
1022597740,way,supermarket,Dino,,,Dino,,,,51.079799,15.0581299
1022598355,way,supermarket,Dino,,,Dino,,,,51.1188865,15.2830055
1022609877,way,supermarket,Dino,,,Dino,,,,51.1336236,15.5848885
1022610636,way,supermarket,Dino,,,Dino,,,,51.2636114,15.6040594
1022613500,way,supermarket,Dino,,,Dino,,,,51.4085455,15.9134661
1022613502,way,supermarket,Dino,,,Dino,,,,51.4190603,15.9080958
1022652249,way,supermarket,Dino,,,Dino,,,,51.6461807,16.234975
1022654089,way,supermarket,Dino,,,Dino,,,,51.5664867,16.9421719
1022654668,way,supermarket,Dino,,,Dino,,,,51.4084428,16.2700415
1022656133,way,supermarket,Dino,,,Dino,,,,51.3137389,17.2125741
1022656466,way,supermarket,Dino,,,Dino,,,,51.2736533,17.6228948
1022932994,way,supermarket,Dino,,,Dino,,,,51.2422912,16.2758971
1022948696,way,supermarket,Dino,,,Dino,,,,51.1492332,16.2412276
1022949667,way,supermarket,Dino,,,Dino,,,,51.0114083,16.2870207
1022950098,way,supermarket,Dino,,,Dino,,,,50.9748875,16.3423451
1022950502,way,supermarket,Dino,,,Dino,,,,50.9172966,16.262523
1022951431,way,supermarket,Dino,,,Dino,,,,50.8250892,16.4211425
1022952341,way,supermarket,Dino,,,Dino,,,,50.8264428,16.3040786
1022952774,way,supermarket,Dino,,,Dino,,,,50.7552876,16.2016992
1022954288,way,supermarket,Dino,,,Dino,,,,50.8913672,17.1292685
1022956414,way,supermarket,Dino,,,Dino,,,,50.8677516,17.065466
1022960219,way,supermarket,Dino,,,Dino,,,,50.7755389,16.9335032
1022964425,way,supermarket,Dino,,,Dino,,,,50.7425544,16.6430285
1022968922,way,supermarket,Dino,,,Dino,,,,50.3446886,16.8661602
1023134557,way,supermarket,Dino,,,Dino,,,,54.7601375,18.347231
1023228763,way,supermarket,Dino,,,Dino,,,,51.5874701,19.7581977
1023231707,way,supermarket,Dino,,,Dino,,,,51.8293195,20.2780687
1023232485,way,supermarket,Dino,,,Dino,,,,51.7091054,20.0360719
1023233718,way,supermarket,Dino,,,Dino,,,,51.746605,19.8111808
1023237176,way,supermarket,Dino,,,Dino,,,,51.897427,19.9446494
1023239367,way,supermarket,Dino,,,Dino,,,,51.870683,19.4085543
1023239507,way,supermarket,Dino,,,Dino,,,,51.926826,19.443826
1023240920,way,supermarket,Dino,,,Dino,,,,51.9614085,19.3108825
1023241736,way,supermarket,Dino,,,Dino,,,,51.954185,19.2099461
1023242079,way,supermarket,Dino,,,Dino,,,,52.0404211,18.9184389
1023257784,way,supermarket,Dino,,,Dino,,,,51.4609828,19.3934742
1023258600,way,supermarket,Dino,,,Dino,,,,50.2267971,18.7873278
1023258917,way,supermarket,Dino,,,Dino,,,,51.4695959,19.1996947
1023274972,way,supermarket,Dino,,,Dino,,,,51.7787593,18.849015
1023277114,way,supermarket,Dino,,,Dino,,,,51.700469,18.7901777
1023280289,way,supermarket,Dino,,,Dino,,,,51.6076365,18.9024369
1023281604,way,supermarket,Dino,,,Dino,,,,51.527468,18.88145
1023282505,way,supermarket,Dino,,,Dino,,,,51.4605688,18.8241164
1023285155,way,supermarket,Dino,,,Dino,,,,51.491286,18.6258562
1023289237,way,supermarket,Dino,,,Dino,,,,51.1856832,19.1998908
1023292730,way,supermarket,Dino,,,Dino,,,,51.0583233,19.4562534
1023292736,way,supermarket,Dino,,,Dino,,,,51.0593707,19.422998
1023293310,way,supermarket,Dino,,,Dino,,,,51.4196409,18.413727
1023295990,way,supermarket,Dino,,,Dino,,,,51.0498461,18.4493225
1023295991,way,supermarket,Dino,,,Dino,,,,51.0613213,18.4527284
1023297384,way,supermarket,Dino,,,Dino,,,,51.0357292,18.501332
1023298500,way,supermarket,Dino,,,Dino,,,,51.0205169,18.6520882
1023299192,way,supermarket,Dino,,,Dino,,,,51.1479801,17.6980345
1023299982,way,supermarket,Dino,,,Dino,,,,51.2804534,17.8065486
1023300127,way,supermarket,Dino,,,Dino,,,,51.2363201,17.8739438
1023300238,way,supermarket,Dino,,,Dino,,,,51.225369,17.9915359
1023300504,way,supermarket,Dino,,,Dino,,,,51.2241894,18.0949035
1023300870,way,supermarket,Dino,,,Dino,,,,51.2636265,18.0038838
1023343654,way,supermarket,Dino,,,Dino,,,,50.681834,19.2060395
1023346110,way,supermarket,Dino,,,Dino,,,,50.726664,18.4363286
1023371728,way,supermarket,Dino,,,Dino,,,,50.0518294,17.782085
1023383767,way,supermarket,Dino,,,Dino,,,,52.7570657,17.4957725
1023385302,way,supermarket,Dino,,,Dino,,,,52.7458218,17.333317
1023387836,way,supermarket,Dino,,,Dino,,,,53.181096,17.071402
1023448201,way,supermarket,Stokrotka Market,,,Stokrotka Market,,,,51.2923132,22.1556256
1023600982,way,supermarket,Auchan,,,Auchan,,,,52.2425473,20.9307282
1023664854,way,supermarket,Dino,,,Dino,,,,50.488121,17.2551385
1023666617,way,supermarket,Dino,,,Dino,,,,50.4497478,17.3152544
1023671898,way,supermarket,Dino,,,Dino,,,,51.49347,18.3190091
1023672474,way,supermarket,Dino,,,Dino,,,,50.3100495,17.7759115
1023773600,way,supermarket,Stokrotka,,,Stokrotka,,,,50.4804796,21.9944392
1023900367,way,supermarket,Dino,,,Dino,,,,54.6740945,18.0905754
1023900731,way,supermarket,Dino,,,Dino,,,,51.2133994,16.4632304
1023900933,way,supermarket,Dino,,,Dino,,,,51.6133924,19.2093956
1023902442,way,supermarket,Dino,,,Dino,,,,50.9187338,19.3463652
1023903750,way,supermarket,Dino,,,Dino,,,,50.9729078,19.0494507
1023904756,way,supermarket,Dino,,,Dino,,,,50.8998891,19.0248037
1023904942,way,supermarket,Dino,,,Dino,,,,51.0101574,18.7934021
1023906219,way,supermarket,Dino,,,Dino,,,,50.9522206,18.8181369
1023976846,way,supermarket,Dino,,,Dino,,,,50.9585647,18.3107661
1023979726,way,supermarket,Dino,,,Dino,,,,50.9463999,18.2251975
1023982414,way,supermarket,Dino,,,Dino,,,,51.0233781,18.0463949
1023983316,way,supermarket,Dino,,,Dino,,,,50.8735206,18.2023669
1023986605,way,supermarket,Dino,,,Dino,,,,52.2845988,16.7132878
1023986665,way,supermarket,Dino,,,Dino,,,,52.267531,16.7040621
1024011787,way,supermarket,Dino,,,Dino,,,,50.8249964,17.7395376
1024017782,way,supermarket,Dino,,,Dino,,,,50.7690482,17.9931891
1024018123,way,supermarket,Dino,,,Dino,,,,50.7507621,18.0203096
1024021048,way,supermarket,Dino,,,Dino,,,,50.6779934,18.1993582
1024023634,way,supermarket,Dino,,,Dino,,,,50.5382848,18.0728692
1024023928,way,supermarket,Dino,,,Dino,,,,50.5684604,18.1541207
1024024495,way,supermarket,Dino,,,Dino,,,,50.5473774,18.3806604
1024026015,way,supermarket,Dino,,,Dino,,,,50.4524412,18.3398333
1024246989,way,supermarket,Dino,,,Dino,,,,50.4247895,18.1881119
1024249507,way,supermarket,Dino,,,Dino,,,,50.4475049,17.7376259
1024249610,way,supermarket,Dino,,,Dino,,,,50.4896265,17.5930944
1024252499,way,supermarket,Dino,,,Dino,,,,50.2784102,18.0122123
1024253394,way,supermarket,Dino,,,Dino,,,,49.7095453,19.3399057
1024254485,way,supermarket,Dino,,,Dino,,,,49.8847037,19.0242675
1024255037,way,supermarket,Dino,,,Dino,,,,49.8861774,19.0543109
1024293305,way,supermarket,Dino,,,Dino,,,,49.9683223,18.4385357
1024294584,way,supermarket,Dino,,,Dino,,,,50.0357062,18.3979338
1024296688,way,supermarket,Dino,,,Dino,,,,50.1194075,18.3829369
1024299879,way,supermarket,Dino,,,Dino,,,,50.3184258,18.8194678
1024300595,way,supermarket,Dino,,,Dino,,,,50.4050931,18.9040801
1024305940,way,supermarket,Dino,,,Dino,,,,50.3759654,18.9484096
1024307445,way,supermarket,Dino,,,Dino,,,,50.5059492,18.6051016
1024308037,way,supermarket,Dino,,,Dino,,,,50.5781844,18.6232598
1024308966,way,supermarket,Dino,,,Dino,,,,50.4767451,19.234265
1024309541,way,supermarket,Dino,,,Dino,,,,50.6115109,18.9199671
1024310523,way,supermarket,Dino,,,Dino,,,,50.6687653,18.7615639
1024312475,way,supermarket,Dino,,,Dino,,,,50.6647999,19.066361
1024313341,way,supermarket,Dino,,,Dino,,,,50.6251258,19.3608003
1024313792,way,supermarket,Dino,,,Dino,,,,50.7263825,18.9582999
1024314081,way,supermarket,Dino,,,Dino,,,,50.7325337,19.0199273
1024314713,way,supermarket,Dino,,,Dino,,,,50.7624756,19.0938896
1024315947,way,supermarket,Dino,,,Dino,,,,50.7397655,19.1344379
1024315951,way,supermarket,Dino,,,Dino,,,,50.7768021,19.0964316
1024316351,way,supermarket,Dino,,,Dino,,,,50.7535354,19.2684628
1024321448,way,supermarket,Dino,,,Dino,,,,53.5577246,19.824459
1024329444,way,supermarket,Dino,,,Dino,,,,51.7315255,19.433995
1024527742,way,supermarket,Dino,,,Dino,,,,52.6278863,16.211684
1024529586,way,supermarket,Dino,,,Dino,,,,52.6582198,16.802107
1024534515,way,supermarket,Dino,,,Dino,,,,52.4749595,17.2489492
1024536465,way,supermarket,Dino,,,Dino,,,,52.5120805,17.6214561
1024536958,way,supermarket,Dino,,,Dino,,,,52.5194554,17.614449
1024538372,way,supermarket,Dino,,,Dino,,,,52.38183,18.0392485
1024540747,way,supermarket,Dino,,,Dino,,,,52.2853075,17.8968747
1024543574,way,supermarket,Dino,,,Dino,,,,52.1552807,18.0546425
1024543872,way,supermarket,Dino,,,Dino,,,,51.6331532,17.827098
1024543966,way,supermarket,Dino,,,Dino,,,,52.2424357,18.0986606
1024545048,way,supermarket,Dino,,,Dino,,,,52.232725,18.3099905
1024547703,way,supermarket,Dino,,,Dino,,,,52.1247089,18.2372051
1024549002,way,supermarket,Dino,,,Dino,,,,52.1074435,18.465443
1024550789,way,supermarket,Dino,,,Dino,,,,52.0191627,18.4881929
1024550791,way,supermarket,Dino,,,Dino,,,,52.0048856,18.5261833
1024551459,way,supermarket,Dino,,,Dino,,,,51.9864626,18.614786
1024552916,way,supermarket,Dino,,,Dino,,,,52.1790842,18.5585254
1024553467,way,supermarket,Dino,,,Dino,,,,52.1567096,18.6459444
1024554886,way,supermarket,Dino,,,Dino,,,,52.2109134,18.6298894
1024554891,way,supermarket,Dino,,,Dino,,,,52.207476,18.73305
1024610014,way,supermarket,Biedronka,,,Biedronka,,,,51.6546996,16.113678
1024610022,way,supermarket,Dino,,,Dino,,,,51.648162,16.1317075
1024857181,way,supermarket,Dino,,,Dino,,,,51.7002863,17.984657
1024858734,way,supermarket,Dino,,,Dino,,,,51.779567,17.8524814
1024859438,way,supermarket,Dino,,,Dino,,,,51.7887944,17.6966501
1024859674,way,supermarket,Dino,,,Dino,,,,51.8097487,17.623565
1024860329,way,supermarket,Dino,,,Dino,,,,51.8926271,17.73937
1024863333,way,supermarket,Dino,,,Dino,,,,51.9677763,17.8180392
1024866021,way,supermarket,Dino,,,Dino,,,,51.7720267,17.5010373
1024867099,way,supermarket,Dino,,,Dino,,,,51.8774385,17.4999829
1024869285,way,supermarket,Dino,,,Dino,,,,51.9369205,17.4619105
1024973347,way,supermarket,Dino,,,Dino,,,,51.9838521,17.5043812
1025002068,way,supermarket,Dino,,,Dino,,,,51.909791,17.3619495
1025004901,way,supermarket,Dino,,,Dino,,,,52.0155774,17.291409
1025005255,way,supermarket,Dino,,,Dino,,,,51.8301212,17.223601
1025249385,way,supermarket,Dino,,,Dino,,,,51.7342752,17.0660134
1025251811,way,supermarket,Dino,,,Dino,,,,51.8825883,17.0011641
1025305013,way,supermarket,Dino,,,Dino,,,,51.7587466,16.8165654
1025312203,way,supermarket,Dino,,,Dino,,,,51.8259563,16.6575773
1025312457,way,supermarket,Dino,,,Dino,,,,51.9144852,16.7447994
1025313267,way,supermarket,Dino,,,Dino,,,,52.0000057,16.5290097
1025314242,way,supermarket,Dino,,,Dino,,,,52.1486898,16.5495501
1025316074,way,supermarket,Dino,,,Dino,,,,51.9441232,16.3886256
1025316444,way,supermarket,Dino,,,Dino,,,,51.9223614,16.2091571
1025318312,way,supermarket,Dino,,,Dino,,,,52.1060035,16.2293668
1025319016,way,supermarket,Dino,,,Dino,,,,52.204479,16.203397
1025320125,way,supermarket,Dino,,,Dino,,,,52.1635059,15.9216598
1025320375,way,supermarket,Dino,,,Dino,,,,52.2062897,16.0018039
1025473966,way,supermarket,Dino,,,Dino,,,,53.9264816,18.6789226
1025474822,way,supermarket,Dino,,,Dino,,,,53.3490395,20.1084714
1025477564,way,supermarket,Dino,,,Dino,,,,50.2245678,21.0055748
1025478079,way,supermarket,Dino,,,Dino,,,,50.6829841,19.6379267
1025480798,way,supermarket,Dino,,,Dino,,,,50.5378643,17.0039728
1025482126,way,supermarket,Dino,,,Dino,,,,51.9037017,18.5346836
1025573322,way,supermarket,Dino,,,Dino,,,,51.0911277,16.6539071
1025607499,way,supermarket,Dino,,,Dino,,,,53.1129846,20.3680476
1025609212,way,supermarket,Dino,,,Dino,,,,52.8088607,19.1323134
1025610265,way,supermarket,Dino,,,Dino,,,,50.8582357,21.3693839
1025610479,way,supermarket,Dino,,,Dino,,,,50.7510958,21.4469421
1025610823,way,supermarket,Dino,,,Dino,,,,51.2992713,18.3788008
1025615137,way,supermarket,Dino,,,Dino,,,,52.1724071,15.8299571
1025615736,way,supermarket,Dino,,,Dino,,,,53.1674126,15.4321917
1025616019,way,supermarket,Dino,,,Dino,,,,53.5364278,16.0130519
1025643873,way,supermarket,Dino,,,Dino,,,,50.5368455,19.235451
1025786826,way,supermarket,Dino,,,Dino,,,,51.4979862,20.1692135
1026025694,way,supermarket,Lidl,,,Lidl,,,,49.6930868,22.02878
1026132439,way,supermarket,Biedronka,,,Biedronka,,,,50.432585,21.4918094
1026177493,way,supermarket,Dino,,,Dino,,,,54.4471908,16.9497851
1027193193,way,supermarket,Biedronka,,,Biedronka,,,,50.8776536,16.5780784
1027362344,way,supermarket,Dino,,,Dino,,,,51.7188009,19.1491842
1027626811,way,supermarket,Dino,,,Dino,,,,54.1319471,16.033879
1028194925,way,supermarket,Lidl,,,Lidl,,,,52.7573471,16.9741741
1028331982,way,supermarket,Netto,,,Netto,,,,50.7700299,16.2747108
1028672619,way,supermarket,Biedronka,,,Biedronka,,,,49.8203953,22.4164098
1028821013,way,supermarket,Dino,,,Dino,,,,51.9135147,16.4520183
1029157057,way,supermarket,Biedronka,,,Biedronka,,,,54.3191486,19.5225722
1029313926,way,supermarket,Dino,,,Dino,,,,53.4092752,20.4886289
1029348199,way,supermarket,Stokrotka,,,Stokrotka,,,,50.6373406,21.9297343
1029851823,way,supermarket,Dino,,,Dino,,,,51.1537149,18.9952918
1030402680,way,supermarket,Biedronka,,,Biedronka,,,,54.3420645,18.549844
1030750512,way,supermarket,Biedronka,,,Biedronka,,,,50.0640441,18.494993
1030916487,way,supermarket,Lidl,,,Lidl,,,,51.0554724,18.4459864
1032082391,way,supermarket,Biedronka,,,Biedronka,,,,52.6797851,17.1608142
1032385134,way,supermarket,Biedronka,,,Biedronka,,,,51.2837606,22.5701074
1032930580,way,supermarket,Dino,,,Dino,,,,51.2242274,18.5728927
1033196146,way,supermarket,Biedronka,,,Biedronka,,,,50.6821128,16.6331683
1033453500,way,supermarket,Lidl,,,Lidl,,,,49.8257713,19.9422725
1033615854,way,supermarket,Dino,,,Dino,,,,53.3862189,18.7290583
1033641580,way,supermarket,Biedronka,,,Biedronka,,,,53.2657812,18.1593421
1033777832,way,supermarket,Lidl,,,Lidl,,,,51.9898734,20.8372053
1033844070,way,supermarket,Biedronka,,,Biedronka,,,,51.6160597,17.0528866
1033855949,way,supermarket,Biedronka,,,Biedronka,,,,53.9548349,18.548335
1033947474,way,supermarket,Dino,,,Dino,,,,52.9047831,17.4766516
1034319484,way,supermarket,Stokrotka,,,Stokrotka,,,,51.0030072,22.340156
1034608141,way,supermarket,Lidl,,,Lidl,,,,50.7987694,21.4355153
1035228762,way,supermarket,Biedronka,,,Biedronka,,,,52.5760441,15.6732016
1035353519,way,supermarket,Dino,,,Dino,,,,51.2318615,22.9253867
1035353585,way,supermarket,Biedronka,,,Biedronka,,,,51.2308914,22.923688
1035738306,way,supermarket,Dino,,,Dino,,,,51.380883,16.2160573
1035930655,way,supermarket,Biedronka,,,Biedronka,,,,52.4228498,17.4860244
1036023244,way,supermarket,Stokrotka,,,Stokrotka,,,,50.1353939,18.4849215
1037711407,way,supermarket,Stokrotka Market,,,Stokrotka Market,,,,50.3045594,20.8116902
1038030221,way,supermarket,Stokrotka,,,Stokrotka,,,,53.1724866,22.0667628
1038048849,way,supermarket,Stokrotka,,,Stokrotka,,,,50.6833292,16.6175935
1038213040,way,supermarket,Netto,,,Netto,,,,51.9886995,21.1967685
1039037026,way,supermarket,Biedronka,,,Biedronka,,,,51.6079718,17.5237508
1039998027,way,supermarket,Dino,,,Dino,,,,52.2028241,15.4402292
1041118230,way,supermarket,Biedronka,,,Biedronka,,,,53.6508191,20.4087947
1041195420,way,supermarket,Stokrotka Market,,,Stokrotka Market,,,,51.0444373,16.6128286
1041414248,way,supermarket,Biedronka,,,Biedronka,,,,52.0815664,20.9702105
1041620736,way,supermarket,Dino,,,Dino,,,,51.3642957,22.4790036
1041706095,way,supermarket,Dino,,,Dino,,,,52.261265,18.677627
1041988270,way,supermarket,Stokrotka Market,,,Stokrotka Market,,,,51.1520244,23.4371944
1042056874,way,supermarket,Biedronka,,,Biedronka,,,,50.0425868,21.9911616
1042747404,way,supermarket,Biedronka,,,Biedronka,,,,51.2276268,17.0411309
1042955505,way,supermarket,Dino,,,Dino,,,,52.9915338,18.6251211
1043260921,way,supermarket,Dino,,,Dino,,,,50.452232,18.8586271
1043474328,way,supermarket,Biedronka,,,Biedronka,,,,52.2436168,18.1070129
1044437006,way,supermarket,Biedronka,,,Biedronka,,,,51.1367364,20.5617062
1044548873,way,supermarket,Lidl,,,Lidl,,,,50.8194881,19.1298141
1046234729,way,supermarket,Biedronka,,,Biedronka,,,,53.2936043,18.696517
1046885536,way,supermarket,Dino,,,Dino,,,,51.6183494,21.3237089
1046896752,way,supermarket,Biedronka,,,Biedronka,,,,50.3439957,20.6679143
1047118341,way,supermarket,Biedronka,,,Biedronka,,,,50.4291367,19.3864942
1047486417,way,supermarket,Biedronka,,,Biedronka,,,,51.709634,17.7254507
1048804879,way,supermarket,E.Leclerc,,,E.Leclerc,,,,49.7870267,22.7751973
1049357736,way,supermarket,Dino,,,Dino,,,,51.705203,22.3316505
1050469903,way,supermarket,Biedronka,,,Biedronka,,,,51.9782412,17.8615255
1050470654,way,supermarket,Biedronka,,,Biedronka,,,,52.045498,17.7659184
1050610517,way,supermarket,Biedronka,,,Biedronka,,,,50.8920556,20.1191738
1050745402,way,supermarket,Biedronka,,,Biedronka,,,,53.2005794,22.7657463
1050793955,way,supermarket,Dino,,,Dino,,,,52.5334249,19.7226212
1051229686,way,supermarket,Dino,,,Dino,,,,50.453613,19.5098593
1051230000,way,supermarket,Dino,,,Dino,,,,50.7541791,17.6196409
1051230386,way,supermarket,Dino,,,Dino,,,,50.694728,17.5990831
1051231367,way,supermarket,Dino,,,Dino,,,,52.0037522,19.5684549
1051231724,way,supermarket,Dino,,,Dino,,,,51.5061465,19.0207062
1051232622,way,supermarket,Dino,,,Dino,,,,51.7785503,20.2723322
1051232988,way,supermarket,Dino,,,Dino,,,,51.666635,19.9384795
1051234027,way,supermarket,Dino,,,Dino,,,,52.1420045,19.8051236
1051234931,way,supermarket,Dino,,,Dino,,,,51.3282984,19.8348787
1051235780,way,supermarket,Dino,,,Dino,,,,51.2138508,19.5773095
1051297116,way,supermarket,Dino,,,Dino,,,,51.6927619,15.7324424
1051829269,way,supermarket,Biedronka,,,Biedronka,,,,51.3835019,16.2113455
1052024406,way,supermarket,Dino,,,Dino,,,,51.0433826,17.4903578
1052024762,way,supermarket,Dino,,,Dino,,,,50.607641,17.0494675
1052025363,way,supermarket,Dino,,,Dino,,,,51.366693,15.4161359
1052026812,way,supermarket,Dino,,,Dino,,,,51.238254,15.5345837
1052027456,way,supermarket,Dino,,,Dino,,,,54.3736146,19.8188854
1052028145,way,supermarket,Dino,,,Dino,,,,53.6254266,21.8277001
1052028377,way,supermarket,Dino,,,Dino,,,,53.9222468,21.1772539
1052138872,way,supermarket,Dino,,,Dino,,,,50.5891478,21.5825366
1052195987,way,supermarket,Dino,,,Dino,,,,50.930857,19.9105647
1052196634,way,supermarket,Dino,,,Dino,,,,50.6906548,21.6471368
1052196802,way,supermarket,Dino,,,Dino,,,,50.6504616,21.453698
1052198264,way,supermarket,Dino,,,Dino,,,,54.5963389,17.7213781
1052200768,way,supermarket,Dino,,,Dino,,,,52.5890866,21.429149
1052203849,way,supermarket,Dino,,,Dino,,,,52.8222071,19.4867884
1052206441,way,supermarket,Dino,,,Dino,,,,52.7733023,21.5491008
1052260722,way,supermarket,Dino,,,Dino,,,,52.1345766,20.7625953
1052395039,way,supermarket,Dino,,,Dino,,,,51.849175,16.6001925
1052413863,way,supermarket,Dino,,,Dino,,,,53.327137,19.0767114
1052414035,way,supermarket,Dino,,,Dino,,,,52.5430978,18.8274892
1052414181,way,supermarket,Dino,,,Dino,,,,53.1531033,17.9632043
1052414794,way,supermarket,Dino,,,Dino,,,,53.2760848,18.9664994
1052415265,way,supermarket,Dino,,,Dino,,,,52.9808884,19.3884813
1052415634,way,supermarket,Dino,,,Dino,,,,52.8722328,18.7023177
1052415743,way,supermarket,Dino,,,Dino,,,,52.9251539,18.8085374
1052545087,way,supermarket,Stokrotka Market,,,Stokrotka Market,,,,51.2767341,22.3725662
1052626065,way,supermarket,Biedronka,,,Biedronka,,,,50.0382491,19.2547499
1052751876,way,supermarket,Lidl,,,Lidl,,,,49.6918847,19.180406
1052916852,way,supermarket,Dino,,,Dino,,,,50.5954185,21.7000059
1052972903,way,supermarket,Dino,,,Dino,,,,53.4177755,16.8309078
1052980219,way,supermarket,Dino,,,Dino,,,,52.2205879,16.5364385
1052983039,way,supermarket,Dino,,,Dino,,,,52.2716904,18.4278903
1052983693,way,supermarket,Dino,,,Dino,,,,52.1411856,18.2855393
1052984693,way,supermarket,Dino,,,Dino,,,,51.7595604,18.1687903
1053573322,way,supermarket,Dino,,,Dino,,,,51.6303308,18.1054118
1053573647,way,supermarket,Dino,,,Dino,,,,52.3120769,18.3545213
1053574372,way,supermarket,Dino,,,Dino,,,,52.2730967,18.6043447
1053576314,way,supermarket,Dino,,,Dino,,,,52.6572493,15.2414851
1053576846,way,supermarket,Dino,,,Dino,,,,52.6742196,14.9124354
1053581555,way,supermarket,Dino,,,Dino,,,,53.4573915,15.3304085
1053581919,way,supermarket,Dino,,,Dino,,,,53.6938211,16.6970331
1053582497,way,supermarket,Dino,,,Dino,,,,53.2009935,16.49477
1053584344,way,supermarket,Dino,,,Dino,,,,54.4006105,16.4090305
1053584650,way,supermarket,Dino,,,Dino,,,,52.6943003,14.689801
1053590014,way,supermarket,Biedronka,,,Biedronka,,,,53.6214203,21.8135766
1054151431,way,supermarket,Dino,,,Dino,,,,51.1574033,21.9739466
1054245412,way,supermarket,Biedronka,,,Biedronka,,,,51.9022437,16.6663731
1054253552,way,supermarket,Biedronka,,,Biedronka,,,,52.2003767,21.4531862
1054932408,way,supermarket,Stokrotka Market,,,Stokrotka Market,,,,51.3629607,22.4706663
1055188279,way,supermarket,Dino,,,Dino,,,,52.5750901,20.7676579
1055680059,way,supermarket,Biedronka,,,Biedronka,,,,52.3676199,18.1823311
1055765847,way,supermarket,Kaufland,,,Kaufland,,,,49.9761563,19.8340027
1057102986,way,supermarket,Carrefour Market,,,Carrefour Market,,,,52.1961795,20.8785303
1058078030,way,supermarket,Biedronka,,,Biedronka,,,,50.6846338,16.6171724
1059587852,way,supermarket,Biedronka,,,Biedronka,,,,52.4133924,20.8851667
1060226449,way,supermarket,Dino,,,Dino,,,,50.008045,20.6055904
1060458975,way,supermarket,Dino,,,Dino,,,,53.9200854,15.198831
1060557620,way,supermarket,Lidl,,,Lidl,,,,52.1303863,21.2244299
1060946769,way,supermarket,Dino,,,Dino,,,,52.5661292,18.9921012
1061148748,way,supermarket,Dino,,,Dino,,,,53.4751891,14.4495728
1061438787,way,supermarket,Biedronka,,,Biedronka,,,,52.4596845,17.590635
1062315245,way,supermarket,Dino,,,Dino,,,,51.6483212,16.0902373
1062428303,way,supermarket,Biedronka,,,Biedronka,,,,54.0344535,21.7667999
1062637205,way,supermarket,Dino,,,Dino,,,,52.4019043,17.1585585
1062689505,way,supermarket,Dino,,,Dino,,,,51.3957024,16.1772626
1063131157,way,supermarket,Dino,,,Dino,,,,51.9827018,18.7899166
1063378566,way,supermarket,Biedronka,,,Biedronka,,,,50.7764285,21.0942273
1063832850,way,supermarket,Dino,,,Dino,,,,52.5158098,16.6961586
1063997982,way,supermarket,Dino,,,Dino,,,,53.3645323,22.3100935
1063998802,way,supermarket,Dino,,,Dino,,,,53.7241588,20.334422
1064000704,way,supermarket,Dino,,,Dino,,,,51.5416154,16.872993
1064186175,way,supermarket,Stokrotka,,,Stokrotka,,,,50.9391932,20.9506093
1064272884,way,supermarket,Dino,,,Dino,,,,51.2199229,20.457178
1064273353,way,supermarket,Dino,,,Dino,,,,52.3005669,15.4453933
1064274214,way,supermarket,Dino,,,Dino,,,,53.9340038,18.3204116
1064282770,way,supermarket,Dino,,,Dino,,,,50.6115777,18.1896405
1064283385,way,supermarket,Dino,,,Dino,,,,52.9014487,17.6464804
1064284183,way,supermarket,Dino,,,Dino,,,,53.2145311,19.1854971
1064395916,way,supermarket,Auchan,,,Auchan,,,,50.0077334,21.9084646
1064919221,way,supermarket,Lidl,,,Lidl,,,,50.4891774,19.4364476
1065099336,way,supermarket,Dino,,,Dino,,,,51.2302762,17.1142011
1065212341,way,supermarket,Dino,,,Dino,,,,51.763655,18.9363254
1065213258,way,supermarket,Dino,,,Dino,,,,51.0527091,19.4829641
1065214551,way,supermarket,Dino,,,Dino,,,,51.934046,19.3694501
1065217322,way,supermarket,Dino,,,Dino,,,,53.9160956,14.4352089
1065891521,way,supermarket,Lidl,,,Lidl,,,,51.1624143,16.5997996
1065937068,way,supermarket,Dino,,,Dino,,,,53.4253619,15.1391458
1065937810,way,supermarket,Dino,,,Dino,,,,53.6819508,16.7097983
1065938054,way,supermarket,Dino,,,Dino,,,,54.3083437,16.3574624
1066117002,way,supermarket,Lidl,,,Lidl,,,,49.9505381,18.7172218
1066165957,way,supermarket,Dino,,,Dino,,,,52.3220918,20.2640334
1066167419,way,supermarket,Dino,,,Dino,,,,52.8925769,21.2225648
1066169717,way,supermarket,Dino,,,Dino,,,,52.0177388,18.4656877
1066170925,way,supermarket,Dino,,,Dino,,,,51.9128191,16.1849932
1066172746,way,supermarket,Biedronka,,,Biedronka,,,,51.9199337,16.2001216
1066174284,way,supermarket,Dino,,,Dino,,,,52.154801,17.334129
1067897533,way,supermarket,Biedronka,,,Biedronka,,,,50.9664573,19.4629225
1068852143,way,supermarket,Lidl,,,Lidl,,,,51.024224,17.151533
1068902132,way,supermarket,Lidl,,,Lidl,,,,52.2525086,21.0649522
1069656542,way,supermarket,Biedronka,,,Biedronka,,,,52.1045436,21.0221153
1071216874,way,supermarket,Dino,,,Dino,,,,52.8685375,16.6749986
1071223741,way,supermarket,Dino,,,Dino,,,,52.5511432,17.6858203
1071328461,way,supermarket,Netto,,,Netto,,,,54.4032718,18.59876
1072177504,way,supermarket,Biedronka,,,Biedronka,,,,51.7270363,15.8236213
1072694723,way,supermarket,Biedronka,,,Biedronka,,,,49.9544753,18.6160868
1072932907,way,supermarket,Biedronka,,,Biedronka,,,,52.071836,17.5572738
1073024075,way,supermarket,Dino,,,Dino,,,,52.1145607,17.6418868
1073370376,way,supermarket,Intermarché,,,Intermarché,,,,50.6828087,16.6197606
1073585765,way,supermarket,Lidl,,,Lidl,,,,52.5997926,15.5064981
1074047543,way,supermarket,Biedronka,,,Biedronka,,,,51.213343,22.6436979
1074172075,way,supermarket,Lidl,,,Lidl,,,,51.8095894,19.4275568
1074412825,way,supermarket,Biedronka,,,Biedronka,,,,51.5593448,22.517967
1075149450,way,supermarket,Dino,,,Dino,,,,53.576757,14.7596585
1075300835,way,supermarket,Dino,,,Dino,,,,52.8034746,18.4000736
1077151172,way,supermarket,Biedronka,,,Biedronka,,,,52.0420046,23.1162445
1077720386,way,supermarket,Netto,,,Netto,,,,53.4341368,14.4474566
1078991153,way,supermarket,Biedronka,,,Biedronka,,,,49.6998981,21.4640053
1079764145,way,supermarket,Stokrotka,,,Stokrotka,,,,50.7514042,23.2314007
1080075250,way,supermarket,Dino,,,Dino,,,,51.4120008,16.2229858
1080643221,way,supermarket,Stokrotka,,no,Stokrotka,,,,51.2902234,22.545475
1080836440,way,supermarket,Dino,,,Dino,,,,50.2984062,22.2000201
1080840704,way,supermarket,Biedronka,,,Biedronka,,,,50.8017576,18.082681
1081637187,way,supermarket,Dino,,,Dino,,,,51.6619254,16.5692891
1081637784,way,supermarket,Dino,,,Dino,,,,53.2906088,16.4354463
1082272339,way,supermarket,Biedronka,,,Biedronka,,,,49.98592,22.5449748
1082314646,way,supermarket,Lidl,,,Lidl,,,,54.579914,18.4963548
1082662300,way,supermarket,Dino,,,Dino,,,,51.1599113,22.9801781
1082928949,way,supermarket,Dino,,,Dino,,,,54.3915303,18.0810482
1082935494,way,supermarket,Dino,,,Dino,,,,51.5437642,15.9084789
1083451394,way,supermarket,Biedronka,,,Biedronka,,,,52.1154063,22.1582791
1083606291,way,supermarket,Lidl,,,Lidl,,,,53.6010807,19.561592
1083750578,way,supermarket,Dino,,,Dino,,,,50.8370919,15.6802729
1083770928,way,supermarket,Dino,,,Dino,,,,51.0504187,15.5908466
1083781348,way,supermarket,Dino,,,Dino,,,,50.7076262,16.3606071
1084014197,way,supermarket,Dino,,,Dino,,,,52.2346143,16.3448958
1084211928,way,supermarket,Biedronka,,,Biedronka,,,,49.9361029,18.6467042
1084409090,way,supermarket,Dino,,,Dino,,,,51.5224922,16.5395625
1084452765,way,supermarket,Dino,,,Dino,,,,52.3681581,18.185899
1085042942,way,supermarket,Dino,,,Dino,,,,53.3230827,20.6670935
1086068378,way,supermarket,Dino,,,Dino,,,,52.080721,20.894131
1086175315,way,supermarket,Dino,,,Dino,,,,51.0901699,22.2831884
1086191201,way,supermarket,Lidl,,,Lidl,,,,52.3857233,16.824481
1086560757,way,supermarket,Stokrotka,,,Stokrotka,,,,53.8375753,22.9887699
1087359975,way,supermarket,Dino,,,Dino,,,,51.1224564,20.8760994
1087830455,way,supermarket,Kaufland,,,Kaufland,,,,50.233463,18.6642366
1087846721,way,supermarket,Stokrotka,,,Stokrotka,,,,51.3955582,21.1055963
1088271726,way,supermarket,Lidl,,,Lidl,,,,50.2872158,18.6559514
1088426902,way,supermarket,Stokrotka Market,,,Stokrotka Market,,,,51.9561638,22.3706531
1089042323,way,supermarket,Dino,,,Dino,,,,53.6516331,20.4094515
1089057122,way,supermarket,Biedronka,,,Biedronka,,,,53.904064,17.0605806
1089398304,way,supermarket,Stokrotka Market,,,Stokrotka Market,,,,50.9999264,21.1482234
1089404438,way,supermarket,Auchan,,,Auchan,,,,50.0638126,19.9998569
1089809267,way,supermarket,Carrefour,,,Carrefour,,,,50.0772659,20.0161796
1089815797,way,supermarket,Biedronka,,,Biedronka,,,,52.1751147,17.6853088
1089932207,way,supermarket,Biedronka,,,Biedronka,,,,50.4489827,19.5178778
1090250736,way,supermarket,Dino,,,Dino,,,,53.7251167,19.0064747
1090304222,way,supermarket,Lidl,,,Lidl,,,,51.6436221,20.943767
1090534545,way,supermarket,Biedronka,,,Biedronka,,,,53.0674852,21.5342032
1090536765,way,supermarket,Biedronka,,,Biedronka,,,,53.9147626,14.4367994
1090692496,way,supermarket,Dino,,,Dino,,,,50.8115762,19.1402763
1090867791,way,supermarket,Biedronka,,,Biedronka,,,,54.0989028,22.9602412
1091219199,way,supermarket,Biedronka,,,Biedronka,,,,52.392177,16.9961034
1091963534,way,supermarket,Biedronka,,,Biedronka,,,,49.7482171,19.980819
1092558501,way,supermarket,Dino,,,Dino,,,,52.9837534,16.9209267
1093048109,way,supermarket,Dino,,,Dino,,,,53.3751954,22.1581318
1093630613,way,supermarket,Stokrotka Market,,,Stokrotka Market,,,,52.3181578,22.8846495
1093681541,way,supermarket,Biedronka,,,Biedronka,,,,50.7474744,19.0443562
1093763012,way,supermarket,Biedronka,,,Biedronka,,,,52.1813052,20.8689757
1093887712,way,supermarket,Lidl,,,Lidl,,,,50.1723593,18.9143262
1093943139,way,supermarket,Lidl,,,Lidl,,,,51.7935492,21.1863603
1094555035,way,supermarket,Dino,,,Dino,,,,53.5487658,16.2390378
1095487398,way,supermarket,Biedronka,,,Biedronka,,,,49.9819617,20.9155028
1095488962,way,supermarket,Stokrotka Market,,,Stokrotka Market,,,,49.9778542,21.0650422
1095539126,way,supermarket,Lidl,,,Lidl,,,,50.1799965,20.9866815
1097025042,way,supermarket,Dino,,no,Dino,,,,51.8902624,22.3529638
1098341371,way,supermarket,Dino,,,Dino,,,,49.7663298,20.2273357
1098600908,way,supermarket,Stokrotka Market,,,Stokrotka Market,,,,51.5797557,21.7941776
1098649978,way,supermarket,Dino,,,Dino,,,,53.6141681,14.8367626
1098742651,way,supermarket,Biedronka,,,Biedronka,,,,51.9610633,16.816554
1099339370,way,supermarket,Dino,,,Dino,,,,50.4888646,21.5479145
1099641993,way,supermarket,Biedronka,,,Biedronka,,,,50.8587389,20.5901399
1100895591,way,supermarket,Dino,,,Dino,,,,50.0640336,21.3598833
1101270049,way,supermarket,Netto,,,Netto,,,,52.7378113,15.1950613
1101546283,way,supermarket,Dino,,,Dino,,,,51.3837057,19.3154041
1102998744,way,supermarket,Dino,,,Dino,,,,51.5567201,20.874986
1103116599,way,supermarket,Dino,,,Dino,,,,51.0707261,21.7472045
1103118686,way,supermarket,Dino,,,Dino,,,,51.9096879,21.7318633
1103120000,way,supermarket,Dino,,,Dino,,,,52.4037235,22.0192636
1103120692,way,supermarket,Dino,,,Dino,,,,52.4626893,21.1429759
1103287131,way,supermarket,Dino,,,Dino,,,,51.7535342,15.6040421
1103289123,way,supermarket,Dino,,,Dino,,,,51.781671,14.9646582
1103290596,way,supermarket,Dino,,,Dino,,,,51.5872751,15.4647615
1103293879,way,supermarket,Dino,,,Dino,,,,52.1049396,16.1519237
1103320396,way,supermarket,Dino,,,Dino,,,,52.8168009,17.2331151
1103530707,way,supermarket,Dino,,,Dino,,,,50.5551227,16.7929489
1103547035,way,supermarket,Stokrotka,,,Stokrotka,,,,50.2466997,18.6133725
1103634166,way,supermarket,Biedronka,,,Biedronka,,,,52.7564888,23.2168239
1104112246,way,supermarket,Biedronka,,,Biedronka,,,,50.1638987,19.9778642
1104185927,way,supermarket,Lidl,,,Lidl,,,,52.8088262,17.2324647
1104376711,way,supermarket,Dino,,,Dino,,,,52.7347292,14.7041581
1104524575,way,supermarket,Lidl,,yes,Lidl,,,,54.1616719,15.6001506
1105064115,way,supermarket,Dino,,,Dino,,,,50.8043356,20.4041849
1105197414,way,supermarket,Dino,,,Dino,,,,52.6346329,19.5828951
1105198040,way,supermarket,Biedronka,,,Biedronka,,,,53.5735385,23.1038294
1105198389,way,supermarket,Dino,,,Dino,,,,52.9396459,19.588135
1105200922,way,supermarket,Dino,,,Dino,,,,52.764772,19.8592405
1105201715,way,supermarket,Dino,,,Dino,,,,53.1865246,21.5583769
1105206338,way,supermarket,Dino,,,Dino,,,,52.7161871,22.410854
1105206723,way,supermarket,Dino,,,Dino,,,,52.6929372,22.5023931
1105275871,way,supermarket,Biedronka,,,Biedronka,,,,51.1910204,19.856325
1105337792,way,supermarket,Biedronka,,,Biedronka,,,,51.8640401,16.8443532
1105958203,way,supermarket,Dino,,,Dino,,,,52.6248212,18.0371
1106147250,way,supermarket,Carrefour,,,Carrefour,,,,52.4377019,16.9187967
1106274999,way,supermarket,Dino,,,Dino,,,,51.1491223,21.9383416
1106903200,way,supermarket,Biedronka,,,Biedronka,,,,53.1942385,22.1099699
1106992343,way,supermarket,Dino,,,Dino,,,,51.5957739,18.723225
1107664872,way,supermarket,Dino,,,Dino,,,,53.7709834,18.196514
1107973496,way,supermarket,Dino,,,Dino,,,,52.0188518,16.5130221
1108152421,way,supermarket,Dino,,,Dino,,,,51.4159573,19.5674819
1108594673,way,supermarket,Carrefour,,,Carrefour,,,,50.9405871,21.3734098
1108828694,way,supermarket,Dino,,,Dino,,,,53.0146896,17.7530228
1109745888,way,supermarket,Dino,,,Dino,,,,52.1834222,18.6157982
1109879746,way,supermarket,Dino,,,Dino,,,,51.0618408,22.8368901
1110322018,way,supermarket,Dino,,,Dino,,,,52.5952655,19.651274
1110322621,way,supermarket,Dino,,,Dino,,,,52.4269101,21.6370448
1110322849,way,supermarket,Dino,,,Dino,,,,52.4961255,22.3091242
1110323079,way,supermarket,Dino,,,Dino,,,,52.0323312,20.8707711
1110324260,way,supermarket,Dino,,,Dino,,,,51.3469964,22.911994
1110325587,way,supermarket,Dino,,,Dino,,,,51.1916308,22.6971576
1110327339,way,supermarket,Dino,,,Dino,,,,50.3368439,20.5152759
1110327775,way,supermarket,Dino,,,Dino,,,,50.867175,20.2942881
1110328129,way,supermarket,Dino,,,Dino,,,,51.0063976,20.400621
1110328959,way,supermarket,Dino,,,Dino,,,,51.0105615,20.1379931
1110329697,way,supermarket,Dino,,,Dino,,,,50.5196153,20.9882346
1110393351,way,supermarket,Dino,,,Dino,,,,53.649044,17.7070989
1111021720,way,supermarket,Lidl,,,Lidl,,,,50.6765383,18.2138834
1111857128,way,supermarket,Lidl,,,Lidl,,,,50.6858866,16.6186706
1112106322,way,supermarket,Dino,,,Dino,,,,54.4370637,17.7361263
1112133605,way,supermarket,Dino,,,Dino,,,,53.7319532,16.821619
1112134203,way,supermarket,Dino,,,Dino,,,,53.8008995,15.263384
1112134520,way,supermarket,Dino,,,Dino,,,,53.6993232,15.7902498
1112134806,way,supermarket,Dino,,,Dino,,,,53.1485506,14.8932929
1112137147,way,supermarket,Dino,,,Dino,,,,53.3416234,16.0946373
1112224634,way,supermarket,Dino,,,Dino,,,,50.9024548,18.3816704
1112390258,way,supermarket,Biedronka,,,Biedronka,,,,52.8980116,20.2868999
1112550799,way,supermarket,Biedronka,,,Biedronka,,,,53.0293492,17.1152408
1113045811,way,supermarket,Dino,,,Dino,,,,50.6837386,16.7473762
1113146074,way,supermarket,Dino,,,Dino,,,,50.0866003,19.1030455
1113155565,way,supermarket,Dino,,,Dino,,,,50.9765918,17.2366549
1113156891,way,supermarket,Dino,,,Dino,,,,51.3029512,17.7025996
1113157768,way,supermarket,Dino,,,Dino,,,,50.8328832,17.0962392
1113158237,way,supermarket,Dino,,,Dino,,,,50.7937599,17.0651032
1113421867,way,supermarket,Dino,,,Dino,,,,52.7381977,15.4087827
1113422480,way,supermarket,Dino,,,Dino,,,,52.7650713,15.2070866
1113425110,way,supermarket,Dino,,,Dino,,,,51.6237124,15.3913965
1113426647,way,supermarket,Dino,,,Dino,,,,52.610382,14.617797
1113427323,way,supermarket,Dino,,,Dino,,,,52.9493794,15.4548967
1113427998,way,supermarket,Dino,,,Dino,,,,52.8384552,15.5857418
1113428596,way,supermarket,Dino,,,Dino,,,,52.0617871,15.0928825
1113430495,way,supermarket,Dino,,,Dino,,,,52.7125974,15.2569939
1113724067,way,supermarket,Dino,,,Dino,,,,50.8791724,17.7017574
1113730095,way,supermarket,Dino,,,Dino,,,,50.2997315,17.4865986
1114637108,way,supermarket,Dino,,,Dino,,,,53.121927,22.0339875
1114647663,way,supermarket,Lidl,,,Lidl,,,,51.3963704,16.21727
1114698617,way,supermarket,Dino,,,Dino,,,,53.2219265,21.8817167
1114701446,way,supermarket,Dino,,,Dino,,,,52.9133108,22.092103
1114702207,way,supermarket,Dino,,,Dino,,,,52.841672,22.9751627
1114703098,way,supermarket,Dino,,,Dino,,,,52.9478508,22.9502859
1114704567,way,supermarket,Dino,,,Dino,,,,53.2003685,22.7656799
1114706221,way,supermarket,Dino,,,Dino,,,,53.3028166,22.0298447
1114882679,way,supermarket,Dino,,,Dino,,,,51.1115571,18.2023351
1114908920,way,supermarket,Dino,,,Dino,,,,53.7858996,17.9754702
1114909657,way,supermarket,Dino,,,Dino,,,,53.749944,18.8700197
1114911273,way,supermarket,Dino,,,Dino,,,,54.3184684,17.3881852
1114991328,way,supermarket,Dino,,,Dino,,,,50.4261513,18.7644322
1115003115,way,supermarket,Dino,,,Dino,,,,52.190884,18.8411585
1115003971,way,supermarket,Dino,,,Dino,,,,52.1364048,18.4313463
1115263047,way,supermarket,Dino,,,Dino,,,,52.8891531,16.5916676
1115264332,way,supermarket,Dino,,,Dino,,,,53.3954641,16.9092726
1115264908,way,supermarket,Dino,,,Dino,,,,52.4544699,17.5874004
1115265784,way,supermarket,Dino,,,Dino,,,,52.3022885,16.1942583
1115297942,way,supermarket,Biedronka,,,Biedronka,,,,49.8585226,19.3737899
1115299074,way,supermarket,Dino,,,Dino,,,,49.8580867,19.3384291
1115674162,way,supermarket,Dino,,,Dino,,,,52.176772,18.2669668
1115679127,way,supermarket,Dino,,,Dino,,,,52.8099581,17.1748658
1115679948,way,supermarket,Dino,,,Dino,,,,51.9987723,18.4741262
1115680981,way,supermarket,Dino,,,Dino,,,,53.534838,16.8537714
1115681330,way,supermarket,Dino,,,Dino,,,,52.1413625,16.7510389
1115701684,way,supermarket,Lidl,,,Lidl,,,,51.198306,22.5506487
1115944072,way,supermarket,Biedronka,,,Biedronka,,,,50.3165579,18.6941303
1115970746,way,supermarket,Lidl,,,Lidl,,,,51.2779456,22.5395664
1115987344,way,supermarket,Biedronka,,,Biedronka,,,,50.3860947,18.3396784
1116105051,way,supermarket,Dino,,,Dino,,,,52.5238566,17.5731061
1116106125,way,supermarket,Dino,,,Dino,,,,52.7611111,16.9663277
1116107840,way,supermarket,Dino,,,Dino,,,,51.8309888,18.384265
1116108122,way,supermarket,Dino,,,Dino,,,,51.4099486,17.9133174
1116327008,way,supermarket,Dino,,,Dino,,,,49.8024023,19.5485252
1116327646,way,supermarket,Dino,,,Dino,,,,50.3669966,19.5236915
1116329499,way,supermarket,Dino,,,Dino,,,,50.30908,21.067735
1116331479,way,supermarket,Biedronka,,,Biedronka,,,,50.1460491,21.0977973
1116331491,way,supermarket,Dino,,,Dino,,,,50.1480687,21.1011414
1116334283,way,supermarket,Dino,,,Dino,,,,50.3448817,19.825731
1117334546,way,supermarket,Dino,,,Dino,,,,51.7592537,19.6794983
1117337983,way,supermarket,Dino,,,Dino,,,,51.650487,18.9166268
1117340099,way,supermarket,Dino,,,Dino,,,,51.6580591,19.3878482
1117340319,way,supermarket,Dino,,,Dino,,,,51.8089525,20.012697
1117343212,way,supermarket,Dino,,,Dino,,,,51.8856963,20.2429907
1117346690,way,supermarket,Dino,,,Dino,,,,51.7674533,20.2687559
1117346950,way,supermarket,Dino,,,Dino,,,,51.1247987,19.3143309
1117348079,way,supermarket,Dino,,,Dino,,,,51.9835544,20.2155551
1117348878,way,supermarket,Dino,,,Dino,,,,52.1460022,19.3025417
1117568807,way,supermarket,Biedronka,,,Biedronka,,,,52.5670458,17.8269589
1117618673,way,supermarket,Biedronka,,,Biedronka,,,,50.4513912,17.3422996
1117864411,way,supermarket,Dino,,,Dino,,,,53.8056717,20.0903677
1117869928,way,supermarket,Dino,,,Dino,,,,54.1110153,20.1328569
1118041556,way,supermarket,Lidl,,,Lidl,,,,50.9030566,18.927842
1118140405,way,supermarket,Dino,,,Dino,,,,54.3437009,19.9846157
1118142634,way,supermarket,Dino,,,Dino,,,,54.3160269,19.5238104
1118433882,way,supermarket,Dino,,,Dino,,,,53.4416796,21.371129
1118434469,way,supermarket,Dino,,,Dino,,,,53.8259249,20.6841781
1118435352,way,supermarket,Dino,,,Dino,,,,53.5697303,19.9241469
1118439021,way,supermarket,Dino,,,Dino,,,,53.6199081,20.0665646
1118439619,way,supermarket,Dino,,,Dino,,,,53.3418622,19.9927504
1118441221,way,supermarket,Dino,,,Dino,,,,53.4936046,19.7520863
1118594052,way,supermarket,Stokrotka Market,,,Stokrotka Market,,,,51.7363649,19.4073871
1118630198,way,supermarket,Dino,,,Dino,,,,52.6871218,19.3893567
1118633708,way,supermarket,Dino,,,Dino,,,,52.8329811,18.6540735
1118637082,way,supermarket,Dino,,,Dino,,,,53.611581,18.2637621
1118637487,way,supermarket,Dino,,,Dino,,,,52.5997857,18.0336668
1118961822,way,supermarket,Dino,,,Dino,,,,52.662508,17.9232699
1118962350,way,supermarket,Dino,,,Dino,,,,53.2500783,17.609178
1118964779,way,supermarket,Dino,,,Dino,,,,52.9025996,18.2648423
1118966726,way,supermarket,Dino,,,Dino,,,,53.2501972,18.5592638
1118970621,way,supermarket,Dino,,,Dino,,,,52.650475,19.1390735
1118971615,way,supermarket,Dino,,,Dino,,,,52.941511,17.9222036
1118975724,way,supermarket,Dino,,,Dino,,,,52.4219351,18.7497388
1118977528,way,supermarket,Dino,,,Dino,,,,52.5302937,18.2727504
1118980501,way,supermarket,Dino,,,Dino,,,,53.1432092,17.5724121
1118980860,way,supermarket,Dino,,,Dino,,,,53.4890199,18.7847587
1119211478,way,supermarket,Dino,,,Dino,,,,50.9642038,18.9818136
1119212062,way,supermarket,Dino,,,Dino,,,,49.9468555,18.4100769
1119213075,way,supermarket,Dino,,,Dino,,,,50.3676067,18.9769436
1119214190,way,supermarket,Dino,,,Dino,,,,50.056742,18.5090739
1119214572,way,supermarket,Dino,,,Dino,,,,50.9076714,18.9424427
1119215681,way,supermarket,Dino,,,Dino,,,,50.6753513,19.1366346
1119215942,way,supermarket,Dino,,,Dino,,,,50.8874226,19.4552025
1119216646,way,supermarket,Dino,,,Dino,,,,50.2035442,18.2885522
1119217912,way,supermarket,Dino,,,Dino,,,,50.6004076,19.1584322
1119218264,way,supermarket,Dino,,,Dino,,,,49.6022272,19.1190917
1119246464,way,supermarket,Dino,,,Dino,,,,51.159909,21.2359372
1119246830,way,supermarket,Dino,,,Dino,,,,51.3537348,21.5760195
1119246989,way,supermarket,Dino,,,Dino,,,,51.8992123,21.0734487
1119249231,way,supermarket,Dino,,,Dino,,,,51.3242318,21.0990893
1119252165,way,supermarket,Dino,,,Dino,,,,51.567729,21.0183054
1119347448,way,supermarket,Dino,,,Dino,,,,51.687032,16.3765985
1119351984,way,supermarket,Dino,,,Dino,,,,51.8281718,16.2961677
1119460298,way,supermarket,Dino,,,Dino,,,,52.8368641,22.2099042
1119461200,way,supermarket,Dino,,,Dino,,,,53.1691225,19.8512379
1119479678,way,supermarket,Dino,,,Dino,,,,52.8294958,21.8460677
1119725233,way,supermarket,Stokrotka Market,,,Stokrotka Market,,,,51.5933828,23.0062774
1120065762,way,supermarket,E.Leclerc,,,E.Leclerc,,,,50.7167418,23.2727872
1120521920,way,supermarket,Biedronka,,,Biedronka,,,,49.8835146,21.0522065
1120623277,way,supermarket,Biedronka,,,Biedronka,,,,53.7484871,18.9352815
1120860714,way,supermarket,Biedronka,,,Biedronka,,,,53.0603421,18.7229768
1121045368,way,supermarket,Netto,,,Netto,,,,51.6035951,18.9351227
1121081011,way,supermarket,Biedronka,,,Biedronka,,,,51.124867,21.4501535
1122142279,way,supermarket,Dino,,,Dino,,,,51.844938,21.9364216
1122142876,way,supermarket,Dino,,,Dino,,,,51.0829797,22.1578626
1122143658,way,supermarket,Dino,,,Dino,,,,50.5754379,21.5022382
1122145240,way,supermarket,Dino,,,Dino,,,,50.7718919,21.0821433
1122145249,way,supermarket,Dino,,,Dino,,,,50.3854807,20.5954785
1122433793,way,supermarket,Dino,,,Dino,,,,52.8796896,15.5445904
1122468632,way,supermarket,Dino,,,Dino,,,,52.523647,16.2689484
1122700266,way,supermarket,Stokrotka,,,Stokrotka,,,,49.8803656,21.4111581
1122953702,way,supermarket,Dino,,,Dino,,,,50.3588881,16.7241943
1123111207,way,supermarket,Lidl,,,Lidl,,,,54.1775157,16.1349446
1123871319,way,supermarket,Biedronka,,,Biedronka,,,,53.1846742,23.2535207
1124089064,way,supermarket,Stokrotka Market,,,Stokrotka Market,,,,53.1987831,23.0212577
1124091864,way,supermarket,Netto,,,Netto,,,,52.1089866,20.8016722
1124225115,way,supermarket,Lidl,,,Lidl,,,,54.7488593,17.5550337
1124283657,way,supermarket,Biedronka,,,Biedronka,,,,50.4496109,20.1437945
1124294034,way,supermarket,Biedronka,,,Biedronka,,,,51.5331756,14.7415516
1124464893,way,supermarket,Lidl,,,Lidl,,,,50.0556514,21.6107993
1125022398,way,supermarket,Stokrotka Market,,,Stokrotka Market,,,,51.8102277,22.4805657
1125045721,way,supermarket,Biedronka,,,Biedronka,,,,51.220035,19.5966305
1125053513,way,supermarket,Lidl,,,Lidl,,,,50.4374273,18.9439117
1125181818,way,supermarket,Biedronka,,,Biedronka,,,,52.4516722,20.9523052
1125496235,way,supermarket,Biedronka,,,Biedronka,,,,51.791915,21.1852347
1125956772,way,supermarket,Auchan,,,Auchan,,,,52.0934144,21.0381706
1126106101,way,supermarket,Biedronka,,,Biedronka,,,,50.0656085,18.4130975
1126200819,way,supermarket,Dino,,,Dino,,,,51.1928126,23.1637769
1126430327,way,supermarket,Biedronka,,,Biedronka,,,,51.470172,17.3627651
1126475724,way,supermarket,Dino,,,Dino,,,,53.1538475,18.226878
1126987724,way,supermarket,Lidl,,,Lidl,,,,52.3525943,16.8863859
1127803933,way,supermarket,Biedronka,,,Biedronka,,,,51.3895561,16.2208244
1127846714,way,supermarket,Biedronka,,,Biedronka,,,,50.2039635,19.0468483
1128063682,way,supermarket,Lidl,,,Lidl,,,,52.3061952,16.1300444
1128084683,way,supermarket,Lidl,,,Lidl,,,,53.9605115,18.498489
1128087784,way,supermarket,Lidl,,,Lidl,,,,51.1282082,16.8791388
1128122697,way,supermarket,Biedronka,,,Biedronka,,,,50.938316,18.2786235
1128192432,way,supermarket,Biedronka,,,Biedronka,,,,50.6211407,23.7193601
1130594746,way,supermarket,Stokrotka Market,,,Stokrotka Market,,,,53.0687018,19.3007954
1131240706,way,supermarket,Biedronka,,,Biedronka,,,,50.3431798,19.23509
1131774592,way,supermarket,Dino,,,Dino,,,,53.2868905,15.8924993
1131777979,way,supermarket,Dino,,,Dino,,,,52.9946601,15.0534773
1131778963,way,supermarket,Dino,,,Dino,,,,53.4851515,22.7534543
1131779918,way,supermarket,Dino,,,Dino,,,,50.463207,17.9454325
1132164321,way,supermarket,Dino,,,Dino,,,,52.3730224,16.7304547
1133110093,way,supermarket,Lidl,,,Lidl,,,,54.2473997,18.6332528
1133149620,way,supermarket,Netto,,,Netto,,,,52.844057,14.131928
1133279604,way,supermarket,Biedronka,,,Biedronka,,,,53.5062004,18.8310088
1133505011,way,supermarket,Dino,,,Dino,,,,53.2643898,15.5510977
1133540937,way,supermarket,Dino,,,Dino,,,,51.3476322,21.0400515
1133546783,way,supermarket,Dino,,,Dino,,,,53.8686136,15.9408633
1133790920,way,supermarket,Dino,,,Dino,,,,51.9205246,16.3624632
1133793467,way,supermarket,Dino,,,Dino,,,,51.6276685,15.1532644
1133797708,way,supermarket,Dino,,,Dino,,,,51.9678399,17.5142866
1133799328,way,supermarket,Dino,,,Dino,,,,51.162501,17.4051277
1133799623,way,supermarket,Dino,,,Dino,,,,51.3715648,17.4741406
1133800784,way,supermarket,Dino,,,Dino,,,,50.4342485,18.1334067
1133801158,way,supermarket,Dino,,,Dino,,,,52.0097713,20.5414029
1133801588,way,supermarket,Dino,,,Dino,,,,52.7905693,21.9003335
1133802275,way,supermarket,Dino,,,Dino,,,,53.3822398,15.2716278
1133802660,way,supermarket,Dino,,,Dino,,,,53.3710547,20.4290814
1133805373,way,supermarket,Dino,,,Dino,,,,53.6986544,20.9614795
1133815347,way,supermarket,Lidl,,,Lidl,,,,49.735665,19.0669302
1133875366,way,supermarket,Dino,,,Dino,,,,52.3389028,16.7197442
1133902282,way,supermarket,Stokrotka,,,Stokrotka,,,,49.4777364,19.1431377
1134020456,way,supermarket,Dino,,,Dino,,,,50.281224,20.949578
1134021624,way,supermarket,Dino,,,Dino,,,,49.8982085,19.416185
1134022687,way,supermarket,Dino,,,Dino,,,,52.0453107,18.7579113
1134026180,way,supermarket,Dino,,,Dino,,,,51.6664488,19.3186662
1134026816,way,supermarket,Dino,,,Dino,,,,51.5883132,19.1225916
1134027588,way,supermarket,Dino,,,Dino,,,,51.2506828,19.671743
1134053176,way,supermarket,Biedronka,,,Biedronka,,,,53.1730907,21.2829555
1134056023,way,supermarket,Biedronka,,,Biedronka,,,,52.9054538,21.5639661
1134056700,way,supermarket,Biedronka,,,Biedronka,,,,52.7569649,21.5945321
1134057033,way,supermarket,Biedronka,,,Biedronka,,,,52.5682541,21.2987885
1134628032,way,supermarket,Dino,,,Dino,,,,52.8056611,18.2735256
1134631176,way,supermarket,Dino,,,Dino,,,,53.2240355,18.2805343
1134631601,way,supermarket,Dino,,,Dino,,,,53.0065253,18.839
1134633993,way,supermarket,Biedronka,,,Biedronka,,,,52.9486005,18.9380596
1134635743,way,supermarket,Biedronka,,,Biedronka,,,,52.9134741,19.118413
1134834158,way,supermarket,Biedronka,,,Biedronka,,,,52.1898851,20.8560622
1134843049,way,supermarket,Dino,,,Dino,,,,54.2363414,18.1987479
1134844897,way,supermarket,Dino,,,Dino,,,,54.1174751,17.8776244
1134847269,way,supermarket,Dino,,,Dino,,,,54.3571927,17.5554526
1134854853,way,supermarket,Dino,,,Dino,,,,54.5268805,17.7664039
1134973423,way,supermarket,Stokrotka,,,Stokrotka,,,,50.5170799,22.7157373
1135163686,way,supermarket,Biedronka,,,Biedronka,,,,52.0128616,16.1657898
1135166814,way,supermarket,Biedronka,,,Biedronka,,,,52.5993346,15.908227
1135176870,way,supermarket,Biedronka,,,Biedronka,,,,50.5876974,21.0150614
1135189960,way,supermarket,Dino,,,Dino,,,,50.4966883,22.1488677
1135269739,way,supermarket,Dino,,,Dino,,,,51.9439138,14.7601957
1135272777,way,supermarket,Dino,,,Dino,,,,52.197957,15.6928268
1135273765,way,supermarket,Dino,,,Dino,,,,50.8726306,19.2134951
1135514364,way,supermarket,Dino,,,Dino,,,,52.841141,19.1593868
1135752571,way,supermarket,Dino,,,Dino,,,,50.4817527,19.4585143
1135753273,way,supermarket,Dino,,,Dino,,,,52.5183746,17.6692096
1135757457,way,supermarket,Dino,,,Dino,,,,52.8142923,16.1744093
1135758929,way,supermarket,Dino,,,Dino,,,,52.3057426,16.3911224
1135761215,way,supermarket,Dino,,,Dino,,,,52.1964889,18.2413151
1135844519,way,supermarket,Biedronka,,,Biedronka,,,,49.9652747,19.8175867
1136002910,way,supermarket,Dino,,,Dino,,,,51.9539667,16.924459
1136005627,way,supermarket,Dino,,,Dino,,,,52.31097,16.6273077
1136173017,way,supermarket,Biedronka,,,Biedronka,,,,52.4482753,20.8611746
1136576814,way,supermarket,Netto,,,Netto,,,,49.9968035,19.4211613
1137031721,way,supermarket,Dino,,,Dino,,,,53.2565458,19.1010047
1137062659,way,supermarket,Biedronka,,,Biedronka,,,,53.6865862,16.7065297
1137324521,way,supermarket,Lidl,,,Lidl,,,,49.6312793,20.6533629
1138026393,way,supermarket,Lidl,,,Lidl,,,,51.8272337,19.4290103
1138256572,way,supermarket,Biedronka,,,Biedronka,,,,54.3477628,18.5339845
1138437556,way,supermarket,Biedronka,,,Biedronka,,,,49.9259522,20.4522964
1141072699,way,supermarket,Lidl,,,Lidl,,,,53.3109981,15.0288088
1143371612,way,supermarket,Dino,,,Dino,,,,51.1059987,15.5625495
1143669235,way,supermarket,Biedronka,,,Biedronka,,,,49.8002138,19.5531443
1143675127,way,supermarket,Biedronka,,,Biedronka,,,,49.8579338,19.5049129
1143730919,way,supermarket,Biedronka,,,Biedronka,,,,53.190944,18.0383461
1143946227,way,supermarket,Dino,,,Dino,,,,54.2732634,19.9340971
1144470369,way,supermarket,Dino,,,Dino,,,,50.5269697,16.8841993
1144624231,way,supermarket,Biedronka,,,Biedronka,,,,53.0309355,14.313189
1146072992,way,supermarket,Stokrotka,,,Stokrotka,,,,54.231367,18.6356431
1146693706,way,supermarket,Stokrotka,,,Stokrotka,,,,52.1064106,21.2382113
1146693765,way,supermarket,Biedronka,,,Biedronka,,,,52.1072216,21.2553712
1146758563,way,supermarket,Biedronka,,,Biedronka,,,,51.1431365,18.9753208
1146983286,way,supermarket,Biedronka,,,Biedronka,,,,52.8598248,20.6344945
1146984273,way,supermarket,Biedronka,,,Biedronka,,,,52.3552847,21.2560148
1147073616,way,supermarket,Kaufland,,,Kaufland,,,,52.224244,20.9256985
1147853897,way,supermarket,Biedronka,,,Biedronka,,,,54.3070166,18.5633235
1147856951,way,supermarket,Dino,,,Dino,,,,51.0083874,21.7090556
1147910758,way,supermarket,Biedronka,,,Biedronka,,,,54.7904796,18.3833872
1148146554,way,supermarket,Lidl,,,Lidl,,,,51.7963577,15.6824814
1148618844,way,supermarket,Dino,,,Dino,,,,52.325749,16.1508865
1149673994,way,supermarket,Stokrotka,,,Stokrotka,,,,50.0676752,18.1956873
1150002825,way,supermarket,Kaufland,,,Kaufland,,,,50.2139468,18.9760443
1151505579,way,supermarket,Lidl,,,Lidl,,,,52.4394887,16.7869118
1151964154,way,supermarket,Lidl,,,Lidl,,,,53.7550941,19.2099642
1152393221,way,supermarket,Stokrotka,,,Stokrotka,,,,51.2112619,18.5838544
1152712156,way,supermarket,Dino,,,Dino,,,,52.174365,20.7754957
1153439706,way,supermarket,Biedronka,,,Biedronka,,,,51.5864292,16.0374232
1153973134,way,supermarket,Biedronka,,,Biedronka,,,,50.8057145,21.4293484
1154366998,way,supermarket,Lidl,,,Lidl,,,,52.4981759,21.0550898
1154485751,way,supermarket,Lidl,,,Lidl,,,,50.0150755,20.9288023
1155018488,way,supermarket,Dino,,,Dino,,,,51.0449784,17.3441682
1155029171,way,supermarket,Dino,,,Dino,,,,51.1163657,17.4299383
1155224893,way,supermarket,Biedronka,,,Biedronka,,,,50.8835614,18.7348594
1155524904,way,supermarket,Dino,,,Dino,,,,53.6567288,17.341908
1156052940,way,supermarket,Biedronka,,,Biedronka,,,,53.0864849,18.6298653
1156266726,way,supermarket,Biedronka,,,Biedronka,,,,51.3165078,17.1884499
1156809338,way,supermarket,Dino,,,Dino,,,,53.0562478,18.9233131
1156810182,way,supermarket,Dino,,,Dino,,,,54.274472,17.1003475
1157058590,way,supermarket,Biedronka,,,Biedronka,,,,53.4032775,21.9388936
1157191957,way,supermarket,Biedronka,,,Biedronka,,,,51.6008456,17.8150232
1157193026,way,supermarket,Biedronka,,,Biedronka,,,,50.1021341,18.4304308
1157194550,way,supermarket,Biedronka,,,Biedronka,,,,52.8912772,18.1535682
1157202851,way,supermarket,Dino,,,Dino,,,,51.7445603,19.6025814
1157278350,way,supermarket,Biedronka,,,Biedronka,,,,52.4702721,20.7290668
1157283894,way,supermarket,Dino,,,Dino,,,,52.9783358,16.6644727
1157284187,way,supermarket,Dino,,,Dino,,,,52.4869505,16.510301
1157368413,way,supermarket,Dino,,,Dino,,,,52.7560493,23.2177461
1157371767,way,supermarket,Dino,,,Dino,,,,51.5394182,20.0122512
1157642008,way,supermarket,Lidl,,,Lidl,,,,52.4361569,21.4494424
1158187205,way,supermarket,Stokrotka Market,,,Stokrotka Market,,,,50.6136821,18.9054055
1158220311,way,supermarket,Lidl,,,Lidl,,,,53.1298769,23.073244
1159031679,way,supermarket,Carrefour,,,Carrefour,,,,52.2311581,21.1047033
1159842193,way,supermarket,Biedronka,,,Biedronka,,,,52.4275806,16.9182399
1159875802,way,supermarket,Dino,,,Dino,,,,50.5714857,21.8710671
1160006439,way,supermarket,E.Leclerc,,,E.Leclerc,,,,50.0150603,22.6823267
1160036238,way,supermarket,Biedronka,,,Biedronka,,,,52.6313895,19.9786626
1160297054,way,supermarket,Biedronka,,,Biedronka,,,,51.0477376,16.8518014
1160641587,way,supermarket,Lidl,,,Lidl,,,,50.3980751,18.8030445
1160651331,way,supermarket,Biedronka,,,Biedronka,,,,51.1750998,18.4682784
1160659217,way,supermarket,Biedronka,,,Biedronka,,,,52.4342995,16.6441565
1160717326,way,supermarket,Dino,,,Dino,,,,51.6603464,16.5285928
1160747626,way,supermarket,Stokrotka,,,Stokrotka,,,,50.2550459,22.2919072
1161142859,way,supermarket,Biedronka,,,Biedronka,,,,53.834296,20.4747805
1161202010,way,supermarket,Dino,,,Dino,,,,53.2588293,14.4905107
1161680826,way,supermarket,Lidl,,,Lidl,,,,53.6486084,22.4636746
1163670517,way,supermarket,Biedronka,,,Biedronka,,,,54.7454589,17.9019158
1163976522,way,supermarket,Dino,,,Dino,,,,50.8767764,17.4798612
1164243236,way,supermarket,Dino,,,Dino,,,,51.9862015,19.236768
1164840585,way,supermarket,Lidl,,,Lidl,,,,52.278324,16.686095
1165322704,way,supermarket,Stokrotka,,,Stokrotka,,,,50.9099545,22.2612275
1165600912,way,supermarket,Lidl,,,Lidl,,,,52.213218,21.324436
1165944397,way,supermarket,Dino,,,Dino,,,,52.3525394,14.6343679
1167373284,way,supermarket,Dino,,,Dino,,,,53.6692745,17.5324122
1167769357,way,supermarket,Netto,,,Netto,,,,52.3557762,21.2659298
1167781077,way,supermarket,Biedronka,,,Biedronka,,,,53.1677054,15.4051771
1168297902,way,supermarket,Biedronka,,,Biedronka,,,,52.1487702,20.7904507
1168923205,way,supermarket,Dino,,,Dino,,,,52.3959608,19.151569
1169437187,way,supermarket,Biedronka,,,Biedronka,,,,53.1607716,23.1234213
1169552089,way,supermarket,Biedronka,,,Biedronka,,,,53.0190671,23.3243705
1169712263,way,supermarket,Dino,,,Dino,,,,51.3298964,16.6666742
1170953507,way,supermarket,Biedronka,,,Biedronka,,,,53.7928809,20.6051706
1171007206,way,supermarket,Stokrotka,,,Stokrotka,,,,52.5837798,15.0061899
1171212056,way,supermarket,Biedronka,,,Biedronka,,,,50.7819671,19.1339937
1171366562,way,supermarket,Lidl,,,Lidl,,,,50.1864664,18.9571356
1171572611,way,supermarket,Biedronka,,,Biedronka,,,,49.5882302,19.9084656
1172815933,way,supermarket,Biedronka,,,Biedronka,,,,50.668967,18.0675692
1173419405,way,supermarket,Biedronka,,,Biedronka,,,,52.7435604,15.2741169
1174640436,way,supermarket,Dino,,,Dino,,,,51.5055296,17.168835
1175318011,way,supermarket,Lidl,,,Lidl,,,,54.0964084,22.9082263
1176541688,way,supermarket,Biedronka,,,Biedronka,,,,50.1028738,22.3220581
1176541689,way,supermarket,Biedronka,,,Biedronka,,,,50.141283,22.2566921
1177582131,way,supermarket,Netto,,,Netto,,,,52.0102605,20.893282
1177694020,way,supermarket,Stokrotka Market,,,Stokrotka Market,,,,51.5935881,22.1396226
1177904922,way,supermarket,Biedronka,,,Biedronka,,,,51.2092612,19.3152691
1178043779,way,supermarket,Dino,,,Dino,,,,51.8243481,15.7085059
1181417342,way,supermarket,Lidl,,,Lidl,,,,51.4337622,17.9221171
1182453562,way,supermarket,Dino,,,Dino,,,,51.1980775,16.1991948
1182466489,way,supermarket,Biedronka,,,Biedronka,,,,54.4528278,17.9291608
1182795264,way,supermarket,Dino,,,Dino,,,,51.4800447,15.9429721
1184587604,way,supermarket,Dino,,,Dino,,,,49.9047243,19.336039
1184726086,way,supermarket,Biedronka,,,Biedronka,,,,49.897145,19.0635773
1184738242,way,supermarket,Lidl,,,Lidl,,,,52.1337639,20.7502381
1184985539,way,supermarket,Dino,,,Dino,,,,51.4327108,21.9130524
1185314800,way,supermarket,Biedronka,,,Biedronka,,,,51.1214873,15.8259476
1185693950,way,supermarket,Stokrotka Market,,,Stokrotka Market,,,,51.0490201,22.4477192
1185700363,way,supermarket,Stokrotka Market,,,Stokrotka Market,,,,51.5418529,21.8149808
1186171485,way,supermarket,Biedronka,,,Biedronka,,,,49.4870987,20.6818423
1186175648,way,supermarket,Biedronka,,,Biedronka,,,,54.2716607,18.6156191
1186563552,way,supermarket,Dino,,,Dino,,,,54.2444106,20.1294603
1186564518,way,supermarket,Dino,,,Dino,,,,53.8188288,20.6398843
1187213712,way,supermarket,Biedronka,,,Biedronka,,,,54.3096134,18.275594
1187669414,way,supermarket,Biedronka,,,Biedronka,,,,49.9427102,19.2852041
1188350693,way,supermarket,Dino,,,Dino,,,,49.9053162,19.9688099
1188418079,way,supermarket,Dino,,,Dino,,,,51.8547052,16.5777214
1189182816,way,supermarket,Stokrotka Market,,,Stokrotka Market,,,,51.1159196,23.4605095
1189195664,way,supermarket,Dino,,,Dino,,,,52.8301036,16.5299201
1189196763,way,supermarket,Dino,,,Dino,,,,52.9131166,15.1194126
1189197190,way,supermarket,Dino,,,Dino,,,,54.0736689,16.2920333
1189198338,way,supermarket,Dino,,,Dino,,,,53.7732509,15.4149841
1189199598,way,supermarket,Dino,,,Dino,,,,52.8479509,14.7802968
1189225162,way,supermarket,Dino,,,Dino,,,,52.4065364,21.3265555
1189797097,way,supermarket,Biedronka,,,Biedronka,,,,52.1908524,23.2252558
1189814232,way,supermarket,Dino,,,Dino,,,,49.6009014,20.4971374
1190378592,way,supermarket,Kaufland,,,Kaufland,,,,50.0616523,20.0065325
1190756976,way,supermarket,Biedronka,,,Biedronka,,,,52.6301052,20.3530281
1191244680,way,supermarket,Stokrotka,,,Stokrotka,,,,54.2521076,22.6607278
1191507775,way,supermarket,Biedronka,,,Biedronka,,,,51.6434651,18.1691122
1191585947,way,supermarket,Dino,,,Dino,,,,51.1310604,15.5629714
1191656525,way,supermarket,Biedronka,,,Biedronka,,,,49.6239358,19.9645991
1191900135,way,supermarket,Stokrotka,,,Stokrotka,,,,54.1793619,22.6316921
1192040561,way,supermarket,Dino,,,Dino,,,,53.9194808,22.1651707
1192053845,way,supermarket,Biedronka,,,Biedronka,,,,51.8001474,22.1952974
1192461457,way,supermarket,Lidl,,,Lidl,,,,50.4915217,17.9871236
1192706207,way,supermarket,Biedronka,,,Biedronka,,,,52.991762,22.2556555
1192747777,way,supermarket,Dino,,,Dino,,,,51.3934756,16.7012268
1192838323,way,supermarket,Lidl,,,Lidl,,,,53.3069029,17.9546133
1192933749,way,supermarket,Lidl,,,Lidl,,,,52.6530552,19.049649
1192971503,way,supermarket,Dino,,,Dino,,,,51.9517748,15.7190618
1193068639,way,supermarket,Dino,,,Dino,,,,52.9765525,14.6713625
1193153236,way,supermarket,Auchan,,,Auchan,,,,50.1784964,18.8867009
1193234397,way,supermarket,Stokrotka Market,,,Stokrotka Market,,,,51.9197054,22.415707
1193528851,way,supermarket,Lidl,,,Lidl,,,,51.7646395,20.2623027
1193563867,way,supermarket,Biedronka,,,Biedronka,,,,52.3591112,17.1329192
1193834554,way,supermarket,Dino,,,Dino,,,,50.7912197,15.7616851
1193843190,way,supermarket,Dino,,,Dino,,,,51.7712373,16.6436871
1194239614,way,supermarket,Dino,,,Dino,,,,50.9232654,21.4012056
1194240877,way,supermarket,Dino,,,Dino,,,,51.6681727,21.9905315
1194241396,way,supermarket,Dino,,,Dino,,,,50.9983172,22.2654093
1194241767,way,supermarket,Dino,,,Dino,,,,51.0925108,21.9285765
1194243056,way,supermarket,Dino,,,Dino,,,,52.8314673,19.6415461
1194243590,way,supermarket,Dino,,,Dino,,,,52.8969781,20.285132
1194265868,way,supermarket,Biedronka,,,Biedronka,,,,51.2119612,22.4535194
1194686530,way,supermarket,Dino,,,Dino,,,,51.8560581,14.8163674
1194688121,way,supermarket,Dino,,,Dino,,,,51.6469973,15.1304302
1194690159,way,supermarket,Dino,,,Dino,,,,52.3321495,16.1103632
1194690515,way,supermarket,Dino,,,Dino,,,,51.6251815,17.0160175
1194691696,way,supermarket,Dino,,,Dino,,,,52.6303972,16.8170268
1194695702,way,supermarket,Dino,,,Dino,,,,51.9572217,17.4928777
1194697420,way,supermarket,Dino,,,Dino,,,,52.089291,18.5955945
1195201102,way,supermarket,Dino,,,Dino,,,,52.0794444,16.6858254
1195202461,way,supermarket,Dino,,,Dino,,,,52.313349,17.561932
1195202955,way,supermarket,Dino,,,Dino,,,,54.7839565,18.40523
1195204011,way,supermarket,Dino,,,Dino,,,,52.8664608,18.691868
1195204833,way,supermarket,Dino,,,Dino,,,,53.1448652,18.978404
1195205053,way,supermarket,Dino,,,Dino,,,,53.0847777,19.1947777
1195205257,way,supermarket,Dino,,,Dino,,,,53.563079,20.9973346
1195207145,way,supermarket,Dino,,,Dino,,,,53.3020616,17.9520469
1195208059,way,supermarket,Dino,,,Dino,,,,53.7753729,22.3423807
1195213239,way,supermarket,Dino,,,Dino,,,,51.3959728,17.6758757
1195582318,way,supermarket,Dino,,,Dino,,,,51.9527576,19.7317212
1195582739,way,supermarket,Dino,,,Dino,,,,51.3454819,19.2489102
1195583534,way,supermarket,Dino,,,Dino,,,,51.2964237,19.5210682
1195585112,way,supermarket,Dino,,,Dino,,,,51.6842819,19.3262678
1195585606,way,supermarket,Dino,,,Dino,,,,51.7477606,20.3830203
1195587014,way,supermarket,Dino,,,Dino,,,,51.8009563,20.4765077
1195587016,way,supermarket,Dino,,,Dino,,,,51.8084847,20.485133
1195587806,way,supermarket,Dino,,,Dino,,,,51.736671,19.7259417
1195588780,way,supermarket,Dino,,,Dino,,,,51.7116448,20.3473439
1196004098,way,supermarket,Dino,,,Dino,,,,53.6504327,19.4924348
1196065542,way,supermarket,Stokrotka,,,Stokrotka,,,,51.3559155,22.3280169
1196588265,way,supermarket,Dino,,,Dino,,,,50.7851795,18.1857166
1196591392,way,supermarket,Dino,,,Dino,,,,53.4095083,22.4244075
1196598771,way,supermarket,Biedronka,,,Biedronka,,,,53.4115609,22.4141359
1196600553,way,supermarket,Dino,,,Dino,,,,50.6444361,17.6426974
1196903666,way,supermarket,Biedronka,,,Biedronka,,,,54.5863155,17.8626652
1197047299,way,supermarket,Dino,,,Dino,,,,50.0717784,20.9175793
1197047829,way,supermarket,Dino,,,Dino,,,,50.107518,21.0128312
1197048152,way,supermarket,Dino,,,Dino,,,,49.7396782,20.6199913
1197048630,way,supermarket,Dino,,,Dino,,,,50.0368704,20.8543108
1198005668,way,supermarket,Biedronka,,,Biedronka,,,,51.6500925,19.4947917
1198051460,way,supermarket,Biedronka,,,Biedronka,,,,52.3896708,16.7712711
1198267127,way,supermarket,Dino,,,Dino,,,,50.6800914,18.695035
1199291303,way,supermarket,Biedronka,,,Biedronka,,,,50.899272,22.2898775
1199516522,way,supermarket,Biedronka,,,Biedronka,,,,51.7704073,15.8177364
1200702065,way,supermarket,Biedronka,,,Biedronka,,,,50.9761752,20.6561678
1200824290,way,supermarket,Biedronka,,,Biedronka,,,,50.3398877,18.6244999
1200824993,way,supermarket,Dino,,,Dino,,,,50.348651,18.6185783
1200929861,way,supermarket,Dino,,,Dino,,,,51.4725072,18.0547822
1201024255,way,supermarket,Biedronka,,,Biedronka,,,,52.3467467,21.1668669
1201263541,way,supermarket,Biedronka,,,Biedronka,,,,51.3712544,18.4270631
1201958507,way,supermarket,Dino,,,Dino,,,,51.039389,21.8388154
1202498559,way,supermarket,Biedronka,,,Biedronka,,,,50.4400318,16.6613792
1203769138,way,supermarket,Lidl,,,Lidl,,,,52.9933466,22.8930354
1203770557,way,supermarket,Lidl,,,Lidl,,,,52.7365465,23.5948465
1204119449,way,supermarket,Biedronka,,,Biedronka,,,,51.1443714,17.8453741
1205328496,way,supermarket,Auchan,,,Auchan,,,,52.1834753,20.8394454
1205463632,way,supermarket,Biedronka,,,Biedronka,,,,51.5061341,20.7373341
1205877104,way,supermarket,Biedronka,,,Biedronka,,,,53.6943025,20.9615102
1205939373,way,supermarket,Dino,,,Dino,,,,52.435463,16.246421
1205951690,way,supermarket,Lidl,,,Lidl,,,,53.1393302,23.1498616
1206474166,way,supermarket,Dino,,,Dino,,,,53.9260443,20.2391043
1206474170,way,supermarket,Dino,,,Dino,,,,53.8277204,20.3172674
1206693998,way,supermarket,Dino,,,Dino,,,,52.3783587,17.7742656
1206865638,way,supermarket,Netto,,,Netto,,,,51.3503849,19.3547237
1207276202,way,supermarket,Dino,,,Dino,,,,52.5444457,17.8971381
1207425059,way,supermarket,Biedronka,,,Biedronka,,,,49.7349478,21.7103825
1208509016,way,supermarket,Stokrotka,,,Stokrotka,,,,51.0185829,21.2076415
1209127015,way,supermarket,Biedronka,,,Biedronka,,,,50.4068138,16.3847859
1209822177,way,supermarket,Biedronka,,,Biedronka,,,,52.7197817,15.2512491
1210289775,way,supermarket,Biedronka,,,Biedronka,,,,50.9720065,21.0911002
1210725717,way,supermarket,Biedronka,,,Biedronka,,,,53.5390288,20.0905839
1210765044,way,supermarket,Dino,,,Dino,,,,50.867104,17.449176
1211177511,way,supermarket,Biedronka,,,Biedronka,,,,52.6893012,21.1063987
1211645595,way,supermarket,Dino,,,Dino,,,,49.9267471,18.6006469
1211907884,way,supermarket,Lidl,,,Lidl,,,,54.6131364,18.1791102
1212063634,way,supermarket,Dino,,,Dino,,,,52.9276252,14.8837715
1212092843,way,supermarket,Dino,,,Dino,,,,52.0011665,20.2962875
1212109935,way,supermarket,Biedronka,,,Biedronka,,,,52.742961,20.7127139
1212219851,way,supermarket,Biedronka,,,Biedronka,,,,52.3906967,20.7333007
1212628655,way,supermarket,Carrefour Market,,,Carrefour,,,,50.1374764,19.4226613
1212818013,way,supermarket,Biedronka,,,Biedronka,,,,52.3288355,19.875921
1213240148,way,supermarket,Dino,,,Dino,,,,52.2424743,20.2664606
1213601914,way,supermarket,Biedronka,,,Biedronka,,,,51.7699062,18.1058256
1213674180,way,supermarket,Biedronka,,,Biedronka,,,,51.7770797,22.3143452
1213847164,way,supermarket,Biedronka,,,Biedronka,,,,50.0712867,20.1187486
1213951693,way,supermarket,Biedronka,,,Biedronka,,,,50.0303629,22.7153014
1214555146,way,supermarket,Stokrotka,,,Stokrotka,,,,50.7505314,18.6119576
1215044735,way,supermarket,Stokrotka,,,Stokrotka,,,,50.9081462,23.6415994
1215460366,way,supermarket,Lidl,,,Lidl,,,,52.1730355,20.850265
1216241654,way,supermarket,Biedronka,,,Biedronka,,,,50.8521812,16.211296
1216248558,way,supermarket,Biedronka,,,Biedronka,,,,52.0001229,16.5268566
1217010467,way,supermarket,Dino,,,Dino,,,,50.6574557,21.7631161
1217187264,way,supermarket,Dino,,,Dino,,,,50.0537805,18.441957
1217187685,way,supermarket,Dino,,,Dino,,,,50.7975641,19.1528196
1217189196,way,supermarket,Dino,,,Dino,,,,53.4667525,22.153346
1217521658,way,supermarket,Dino,,,Dino,,,,54.7899772,18.0108298
1217551995,way,supermarket,Dino,,,Dino,,,,50.6582892,17.0146437
1218028006,way,supermarket,Kaufland,,,Kaufland,,,,51.7610665,18.0612116
1219065643,way,supermarket,Dino,,,Dino,,,,50.4506826,17.3874769
1219066371,way,supermarket,Dino,,,Dino,,,,50.4100856,17.1876332
1219066943,way,supermarket,Dino,,,Dino,,,,49.7004051,20.4495153
1219071569,way,supermarket,Dino,,,Dino,,,,50.2017093,20.9364854
1219303733,way,supermarket,Dino,,,Dino,,,,53.0531181,18.569359
1219368827,way,supermarket,Lidl,,,Lidl,,,,54.0355969,19.0666999
1219451719,way,supermarket,Biedronka,,,Biedronka,,,,50.3672751,20.3444944
1219737682,way,supermarket,Lidl,,,Lidl,,,,49.9657933,19.8194919
1220475589,way,supermarket,Kaufland,,,Kaufland,,,,50.9945063,23.1470016
1220981259,way,supermarket,Dino,,,Dino,,,,52.0925127,16.6220759
1221369191,way,supermarket,Biedronka,,,Biedronka,,,,50.0521081,17.7763688
1221390833,way,supermarket,Stokrotka,,,Stokrotka,,,,49.6703216,19.2367636
1221591134,way,supermarket,Biedronka,,,Biedronka,,,,53.9918628,22.7739473
1221871776,way,supermarket,Lidl,,,Lidl,,,,53.1732245,18.0551072
1222559843,way,supermarket,Dino,,,Dino,,,,54.0961401,15.4353232
1222647589,way,supermarket,Biedronka,,,Biedronka,,,,52.4832319,18.1641984
1223255539,way,supermarket,Biedronka,,,Biedronka,,,,51.0968192,17.0362122
1223255541,way,supermarket,Carrefour Market,,,Carrefour Market,,,,51.0961551,17.0360693
1223271404,way,supermarket,Lidl,,,Lidl,,,,51.3041142,17.7165869
1223294413,way,supermarket,Biedronka,,,Biedronka,,,,50.2713053,19.0585182
1223441562,way,supermarket,Biedronka,,,Biedronka,,,,50.5234906,20.2011968
1223499368,way,supermarket,Dino,,,Dino,,,,51.2976389,20.2903117
1223500599,way,supermarket,Dino,,,Dino,,,,51.3535848,18.75003
1223501924,way,supermarket,Dino,,,Dino,,,,52.2626091,19.557966
1223543375,way,supermarket,Dino,,,Dino,,,,50.693094,16.6266613
1223543961,way,supermarket,Dino,,,Dino,,,,51.3078838,17.7108783
1223544882,way,supermarket,Dino,,,Dino,,,,50.9743093,16.361595
1223547936,way,supermarket,Dino,,,Dino,,,,53.5321872,21.0348631
1223548727,way,supermarket,Dino,,,Dino,,,,54.0559665,19.6649995
1224533135,way,supermarket,Dino,,,Dino,,,,53.8424865,21.1333425
1224538581,way,supermarket,Dino,,,Dino,,,,53.8243374,21.4452022
1224540743,way,supermarket,Dino,,,Dino,,,,53.2909118,20.5183815
1224542902,way,supermarket,Dino,,,Dino,,,,54.0079291,20.0834629
1224544903,way,supermarket,Dino,,,Dino,,,,53.2914353,18.7786776
1224862148,way,supermarket,Dino,,,Dino,,,,53.1610946,18.8771231
1224862588,way,supermarket,Dino,,,Dino,,,,52.8692186,18.8080935
1224881337,way,supermarket,Dino,,,Dino,,,,53.7142946,18.1751119
1224882702,way,supermarket,Dino,,,Dino,,,,52.6370405,18.1687275
1224883461,way,supermarket,Dino,,,Dino,,,,51.3821804,20.6507176
1225075853,way,supermarket,Dino,,,Dino,,,,54.484139,17.0537561
1225076496,way,supermarket,Stokrotka Market,,,Stokrotka Market,,,,51.2357897,23.5811739
1225076957,way,supermarket,Stokrotka,,,Stokrotka,,,,50.7374178,23.5078326
1225077673,way,supermarket,Dino,,,Dino,,,,52.4382885,18.0729575
1225234981,way,supermarket,Dino,,,Dino,,,,52.2837925,18.8559608
1225242973,way,supermarket,Dino,,,Dino,,,,52.0650287,18.5572486
1225244157,way,supermarket,Dino,,,Dino,,,,53.1000933,16.8932755
1225244680,way,supermarket,Dino,,,Dino,,,,52.2021715,18.2119188
1225592505,way,supermarket,Dino,,,Dino,,,,50.7877704,20.5078673
1225723561,way,supermarket,Dino,,,Dino,,,,49.562907,20.5774705
1226798091,way,supermarket,Dino,,,Dino,,,,50.3444609,21.3248349
1226802208,way,supermarket,Dino,,,Dino,,,,54.3654965,16.7013085
1226802220,way,supermarket,Dino,,,Dino,,,,54.373948,16.6822865
1226802566,way,supermarket,Dino,,,Dino,,,,53.6227608,15.6133362
1227153727,way,supermarket,Dino,,,Dino,,,,52.4114335,21.846692
1227154997,way,supermarket,Dino,,,Dino,,,,52.6304857,19.9791284
1227156385,way,supermarket,Dino,,,Dino,,,,52.3947625,20.6620525
1227777873,way,supermarket,Biedronka,,,Biedronka,,,,52.5922424,20.7887206
1227869182,way,supermarket,Dino,,,Dino,,,,52.7622747,22.1239943
1227869998,way,supermarket,Dino,,,Dino,,,,52.9803892,21.0576978
1227870814,way,supermarket,Dino,,,Dino,,,,52.4447033,20.5235606
1228262225,way,supermarket,Biedronka,,,Biedronka,,,,50.6451388,17.8592344
1228271565,way,supermarket,Lidl,,,Lidl,,,,51.2696855,17.9950248
1228592626,way,supermarket,Biedronka,,,Biedronka,,,,51.6820765,17.7578388
1229142887,way,supermarket,Lidl,,,Lidl,,,,53.6846331,17.586202
1231381594,way,supermarket,Biedronka,,,Biedronka,,,,51.0932861,22.5793424
1231662445,way,supermarket,Lidl,,,Lidl,,,,50.5145878,22.1536935
1231772820,way,supermarket,Lidl,,,Lidl,,,,50.5625567,19.3051775
1232103554,way,supermarket,Dino,,,Dino,,,,49.579162,20.7885885
1232534043,way,supermarket,Biedronka,,,Biedronka,,,,50.8233151,19.1181264
1233515430,way,supermarket,Kaufland,,,Kaufland,,,,50.1715547,18.8937461
1233531748,way,supermarket,Biedronka,,,Biedronka,,,,53.496562,14.5891277
1233808260,way,supermarket,Biedronka,,,Biedronka,,,,49.8774231,19.2896054
1233848172,way,supermarket,Biedronka,,,Biedronka,,,,54.1045891,22.9033289
1234035580,way,supermarket,Dino,,,Dino,,,,50.1441161,18.5469554
1234585280,way,supermarket,Dino,,,Dino,,,,51.3889913,21.2741312
1234705225,way,supermarket,Biedronka,,,Biedronka,,,,50.485534,19.3986879
1234721953,way,supermarket,Biedronka,,,Biedronka,,,,49.8543114,19.9120751
1235137132,way,supermarket,Biedronka,,,Biedronka,,,,54.1232458,22.9522215
1235139885,way,supermarket,Biedronka,,,Biedronka,,,,54.1794612,22.6322488
1235495669,way,supermarket,Biedronka,,,Biedronka,,,,54.1788286,16.1438911
1235601970,way,supermarket,Biedronka,,,Biedronka,,,,50.3228877,18.7660525
1235603422,way,supermarket,Stokrotka,,,Stokrotka,,,,49.9400009,18.4878968
1235622343,way,supermarket,Biedronka,,,Biedronka,,,,51.7557305,22.7825105
1236411550,way,supermarket,Biedronka,,,Biedronka,,,,50.8637518,21.9851715
1236537599,way,supermarket,Biedronka,,,Biedronka,,,,50.3652696,19.027023
1237040083,way,supermarket,Dino,,,Dino,,,,50.0532069,20.481758
1237044013,way,supermarket,Dino,,,Dino,,,,54.2217912,19.5502813
1237044019,way,supermarket,Dino,,,Dino,,,,51.7846574,19.0823184
1237044695,way,supermarket,Dino,,,Dino,,,,51.8647224,18.5638613
1237045299,way,supermarket,Dino,,,Dino,,,,52.8906284,16.8656097
1237302091,way,supermarket,Biedronka,,,Biedronka,,,,53.9839714,19.5239634
1237337542,way,supermarket,Biedronka,,,Biedronka,,,,54.3042062,18.4054536
1238259323,way,supermarket,Biedronka,,,Biedronka,,,,50.0142171,22.0400954
1238387997,way,supermarket,Biedronka,,,Biedronka,,,,51.2278069,22.7710766
1239028525,way,supermarket,Biedronka,,,Biedronka,,,,53.6945975,17.5402458
1239129030,way,supermarket,Stokrotka,,,Stokrotka,,,,50.3371786,19.1127557
1239160956,way,supermarket,Biedronka,,,Biedronka,,,,50.4133277,19.2025883
1239169766,way,supermarket,Dino,,,Dino,,,,52.3375391,17.6008165
1239170848,way,supermarket,Dino,,,Dino,,,,52.8532134,17.2018382
1239177371,way,supermarket,Dino,,,Dino,,,,51.8712129,15.664684
1239177385,way,supermarket,Dino,,,Dino,,,,51.9815161,15.4194017
1239177992,way,supermarket,Dino,,,Dino,,,,52.1053664,15.5533221
1239178712,way,supermarket,Dino,,,Dino,,,,52.4385753,15.390225
1239179122,way,supermarket,Dino,,,Dino,,,,52.5961712,20.7988006
1239182156,way,supermarket,Dino,,,Dino,,,,51.0141628,20.4904682
1239908164,way,supermarket,Biedronka,,,Biedronka,,,,53.4129231,17.1440827
1239927220,way,supermarket,Dino,,,Dino,,,,54.3614513,16.6733717
1239928444,way,supermarket,Dino,,,Dino,,,,53.1286207,14.888032
1239933851,way,supermarket,Dino,,,Dino,,,,53.1775899,15.4089535
1240173676,way,supermarket,Biedronka,,,Biedronka,,,,50.1289018,18.6682876
1240405054,way,supermarket,Biedronka,,,Biedronka,,,,53.3652575,14.972847
1240621819,way,supermarket,Stokrotka,,,Stokrotka,,,,49.9763386,20.624484
1242056531,way,supermarket,Dino,,,Dino,,,,52.5069393,16.5945576
1242342384,way,supermarket,Biedronka,,,Biedronka,,,,50.0554328,19.9476565
1242754749,way,supermarket,Stokrotka,,,Stokrotka,,,,50.1658251,22.4564949
1243733635,way,supermarket,Stokrotka,,,Stokrotka,,,,52.1759463,22.1885232
1244013668,way,supermarket,Biedronka,,,Biedronka,,,,50.3810875,17.9969791
1244093365,way,supermarket,Dino,,,Dino,,,,51.8604823,16.5064683
1244744693,way,supermarket,Auchan,,,Auchan,,,,51.1502876,22.5849812
1244780790,way,supermarket,Stokrotka,,,Stokrotka,,,,51.0010288,23.3146361
1244890296,way,supermarket,Dino,,,Dino,,,,51.4281366,21.3420883
1244991933,way,supermarket,Lidl,,,Lidl,,,,52.8488282,17.6997031
1245100483,way,supermarket,Biedronka,,,Biedronka,,,,51.2346962,20.8720188
1245303572,way,supermarket,Biedronka,,,Biedronka,,,,54.6011937,18.1368888
1245651198,way,supermarket,Dino,,,Dino,,,,54.5719182,18.1982445
1245793654,way,supermarket,Dino,,,Dino,,,,51.9231667,21.5825296
1246099965,way,supermarket,Biedronka,,,Biedronka,,,,53.4492992,18.7146993
1246275580,way,supermarket,Dino,,,Dino,,,,50.9534279,22.0989192
1247000905,way,supermarket,Dino,,,Dino,,,,52.1853384,20.146051
1248310828,way,supermarket,Biedronka,,,Biedronka,,,,51.9390367,20.9563578
1249194341,way,supermarket,Dino,,,Dino,,,,53.4105875,18.4206468
1249195053,way,supermarket,Biedronka,,,Biedronka,,,,53.4116583,18.422855
1249657632,way,supermarket,Kaufland,,,Kaufland,,,,54.4767054,18.4750806
1249813877,way,supermarket,Dino,,,Dino,,,,50.7629889,20.4414481
1249864780,way,supermarket,Carrefour,,,Carrefour,,,,51.1191872,16.9879145
1249913224,way,supermarket,Biedronka,,,Biedronka,,,,51.8506444,16.5220313
1250597463,way,supermarket,Biedronka,,,Biedronka,,,,51.9899961,20.8393932
1250833978,way,supermarket,Dino,,,Dino,,,,52.8699691,21.0899583
1251025868,way,supermarket,Biedronka,,,Biedronka,,,,50.0478796,18.6926763
1251025872,way,supermarket,Biedronka,,,Biedronka,,,,50.0362326,18.6726488
1251300332,way,supermarket,Dino,,,Dino,,,,53.0574949,21.5294574
1252120923,way,supermarket,Dino,,,Dino,,,,51.2701295,16.3645447
1252389926,way,supermarket,Dino,,,Dino,,,,52.503791,19.0803986
1252427239,way,supermarket,Biedronka,,,Biedronka,,,,52.4872124,19.0172223
1252497740,way,supermarket,Biedronka,,,Biedronka,,,,52.471267,16.9011785
1253269006,way,supermarket,Dino,,,Dino,,,,54.1482302,19.4184705
1254188198,way,supermarket,Biedronka,,,Biedronka,,,,52.5503465,16.6722048
1254654566,way,supermarket,Dino,,,Dino,,,,53.9538538,16.5926304
1254670811,way,supermarket,Dino,,,Dino,,,,50.8846344,21.5363934
1254670815,way,supermarket,Stokrotka,,,Stokrotka,,,,50.88789,21.5261759
1255221332,way,supermarket,Dino,,,Dino,,,,51.6397672,17.7607718
1255624826,way,supermarket,Biedronka,,,Biedronka,,,,49.8556794,18.8870394
1256990028,way,supermarket,Stokrotka Market,,,Stokrotka Market,,,,50.2003141,21.8731599
1257724780,way,supermarket,Biedronka,,,Biedronka,,,,49.9056171,19.8546245
1257760230,way,supermarket,Biedronka,,,Biedronka,,,,50.367505,19.506841
1258829742,way,supermarket,Dino,,,Dino,,,,49.891708,20.8180382
1258851429,way,supermarket,Biedronka,,,Biedronka,,,,52.0189389,23.1113278
1260494109,way,supermarket,Biedronka,,,Biedronka,,,,53.4337643,14.4454537
1262093697,way,supermarket,Biedronka,,,Biedronka,,,,52.8128703,21.8937089
1262104020,way,supermarket,Biedronka,,,Biedronka,,,,52.8099403,20.8792172
1262115565,way,supermarket,Biedronka,,,Biedronka,,,,53.149489,21.8127626
1262149408,way,supermarket,Biedronka,,,Biedronka,,,,52.3176792,22.8851852
1262175237,way,supermarket,Biedronka,,,Biedronka,,,,52.8334406,18.894908
1262186353,way,supermarket,Biedronka,,,Biedronka,,,,52.7634815,19.562385
1262189712,way,supermarket,Biedronka,,,Biedronka,,,,53.2287346,19.3889238
1262211729,way,supermarket,Biedronka,,,Biedronka,,,,49.6796795,20.4280967
1262909824,way,supermarket,Lidl,,,Lidl,,,,52.2934151,21.0817773
1263175044,way,supermarket,Dino,,,Dino,,,,51.7560363,22.783274
1263661466,way,supermarket,Dino,,,Dino,,,,51.6268557,17.3530672
1263682115,way,supermarket,Biedronka,,,Biedronka,,,,53.5230015,19.509634
1263877744,way,supermarket,Stokrotka Market,,,Stokrotka Market,,,,51.1444185,23.4319985
1264025842,way,supermarket,Biedronka,,,Biedronka,,,,52.4926617,20.0448556
1264062257,way,supermarket,Biedronka,,,Biedronka,,,,51.5133894,18.2301087
1264068784,way,supermarket,Biedronka,,,Biedronka,,,,51.7860691,18.5027463
1264086161,way,supermarket,Biedronka,,,Biedronka,,,,51.3434185,18.2542119
1264088962,way,supermarket,Biedronka,,,Biedronka,,,,51.4228234,18.0813839
1264103362,way,supermarket,Biedronka,,,Biedronka,,,,51.9189897,18.6108342
1264104158,way,supermarket,Biedronka,,,Biedronka,,,,51.9597469,18.4099144
1264127819,way,supermarket,Biedronka,,,Biedronka,,,,50.88256,18.6882919
1264130135,way,supermarket,Biedronka,,,Biedronka,,,,51.0350805,18.9242445
1264133469,way,supermarket,Biedronka,,,Biedronka,,,,50.9666653,19.2777769
1264528928,way,supermarket,Biedronka,,,Biedronka,,,,52.7859024,20.1270327
1266036771,way,supermarket,Biedronka,,,Biedronka,,,,54.2221044,21.3490445
1266217697,way,supermarket,Biedronka,,,Biedronka,,,,53.9059367,19.7365557
1266286513,way,supermarket,Biedronka,,,Biedronka,,,,49.917912,21.9579894
1266694268,way,supermarket,Biedronka,,,Biedronka,,,,50.0314985,19.8108545
1266915141,way,supermarket,Dino,,,Dino,,,,52.4182352,22.8729169
1266951369,way,supermarket,Lidl,,,Lidl,,,,51.7277476,19.6411355
1267911439,way,supermarket,Biedronka,,,Biedronka,,,,53.7330144,17.5447064
1270436441,way,supermarket,Lidl,,,Lidl,,,,52.5623937,16.9861415
1272523863,way,supermarket,Lidl,,,Lidl,,,,52.2616811,15.5307257
1272968095,way,supermarket,Biedronka,,,Biedronka,,,,50.9767028,17.2370426
1272982415,way,supermarket,Dino,,,Dino,,,,49.691107,21.7781107
1273033594,way,supermarket,Dino,,,Dino,,,,52.3331861,17.5315671
1273521573,way,supermarket,Dino,,,Dino,,,,52.9740144,21.2232031
1274572331,way,supermarket,Biedronka,,,Biedronka,,,,52.3131682,18.1571554
1274597830,way,supermarket,Biedronka,,,Biedronka,,,,49.8771662,22.8123
1276502444,way,supermarket,Lidl,,,Lidl,,,,52.3363303,20.9381141
1278236957,way,supermarket,Dino,,,Dino,,,,50.2961835,21.7330344
1278511800,way,supermarket,Biedronka,,,Biedronka,,,,53.4633575,19.6148017
1279051863,way,supermarket,Biedronka,,,Biedronka,,,,53.7750869,22.3416178
1279232514,way,supermarket,Dino,,,Dino,,,,52.5743091,17.0039674
1280957760,way,supermarket,Biedronka,,,Biedronka,,,,54.4483695,16.9601155
1281893990,way,supermarket,Biedronka,,,Biedronka,,,,51.9895207,22.5476978
1282988034,way,supermarket,Lidl,,,Lidl,,,,54.2502341,16.0617673
1283357418,way,supermarket,Biedronka,,,Biedronka,,,,52.3355007,20.0281874
1284382751,way,supermarket,Stokrotka,,,Stokrotka,,,,50.1138639,18.2730976
1284499904,way,supermarket,Dino,,,Dino,,,,52.3118444,16.106896
1284960229,way,supermarket,Biedronka,,,Biedronka,,,,51.8697064,15.4986839
1285247108,way,supermarket,Netto,,,Netto,,,,52.3212535,21.086542
1285743073,way,supermarket,Dino,,,Dino,,,,51.1108193,15.6033331
1285784775,way,supermarket,Dino,,,Dino,,,,51.5012579,16.0291457
1285863579,way,supermarket,Dino,,,Dino,,,,49.7172735,19.1721833
1287509293,way,supermarket,Lidl,,,Lidl,,,,52.8533825,17.952549
1287595227,way,supermarket,Dino,,,Dino,,,,50.7238964,23.103456
1289300010,way,supermarket,Biedronka,,,Biedronka,,,,50.3464136,18.8746542
1289588390,way,supermarket,Dino,,,Dino,,,,51.2084828,18.5549805
1290432284,way,supermarket,Dino,,,Dino,,,,51.750881,23.3365125
1290605595,way,supermarket,Biedronka,,,Biedronka,,,,54.085802,18.2378505
1291997483,way,supermarket,Dino,,,Dino,,,,52.8825955,20.6454725
1292204083,way,supermarket,Dino,,,Dino,,,,52.6433563,16.0586721
1292694009,way,supermarket,Lidl,,,Lidl,,,,50.3211483,18.9422444
1292812927,way,supermarket,Dino,,,Dino,,,,51.2551105,16.8542343
1293095692,way,supermarket,Dino,,,Dino,,,,51.5532875,18.7627559
1293960278,way,supermarket,Biedronka,,,Biedronka,,,,54.18615,19.7391942
1294488654,way,supermarket,Dino,,,Dino,,,,54.1790769,21.1445616
1294586752,way,supermarket,Stokrotka,,,Stokrotka,,,,50.0974614,19.3288947
1295616653,way,supermarket,Biedronka,,,Biedronka,,,,52.697147,20.4802513
1295722537,way,supermarket,Biedronka,,,Biedronka,,,,51.9003822,22.3594997
1296046482,way,supermarket,Stokrotka,,,Stokrotka,,,,53.0179556,23.1392885
1296432551,way,supermarket,Stokrotka,,,Stokrotka,,,,51.262104,15.5761956
1296432556,way,supermarket,Biedronka,,,Biedronka,,,,51.2630923,15.5687796
1296588358,way,supermarket,Dino,,,Dino,,,,51.0286251,15.0598987
1296591154,way,supermarket,Biedronka,,,Biedronka,,,,50.7773005,16.2587787
1297140318,way,supermarket,Dino,,,Dino,,,,52.3718109,18.3211064
1297208750,way,supermarket,Biedronka,,,Biedronka,,,,54.7824613,18.1504006
1298761027,way,supermarket,Biedronka,,,Biedronka,,,,54.1223449,18.015142
1299465375,way,supermarket,Biedronka,,,Biedronka,,,,50.4298406,18.1913843
1299981957,way,supermarket,Dino,,,Dino,,,,50.0091751,18.4354623
1300088482,way,supermarket,Dino,,,Dino,,,,52.3780333,16.0817268
1300528799,way,supermarket,Biedronka,,,Biedronka,,,,50.1225683,20.6209518
1300581617,way,supermarket,Dino,,,Dino,,,,50.4400347,18.6526573
1301167921,way,supermarket,Biedronka,,,Biedronka,,,,51.2408454,22.4488141
1301335833,way,supermarket,Biedronka,,,Biedronka,,,,51.205477,22.597958
1301351190,way,supermarket,Biedronka,,,Biedronka,,,,51.2692058,23.4449356
1301559999,way,supermarket,Dino,,,Dino,,,,52.6771969,16.3100114
1301567556,way,supermarket,Dino,,,Dino,,,,49.760811,21.4710795
1301673330,way,supermarket,Dino,,,Dino,,,,52.5578132,17.8020659
1301910026,way,supermarket,Dino,,,Dino,,,,49.9635248,18.6934435
1301922353,way,supermarket,Biedronka,,,Biedronka,,,,53.0171986,18.8135219
1302234552,way,supermarket,Dino,,,Dino,,,,49.8899146,18.8157555
1302267253,way,supermarket,Dino,,,Dino,,,,52.1733641,18.4511835
1302363050,way,supermarket,Dino,,,Dino,,,,52.0772348,20.6295417
1302647596,way,supermarket,Dino,,,Dino,,,,50.9166059,15.3409322
1302686946,way,supermarket,Dino,,,Dino,,,,50.9284834,15.3092549
1302871115,way,supermarket,Dino,,,Dino,,,,53.5334112,18.9239558
1303028118,way,supermarket,Lidl,,,Lidl,,,,49.4754338,20.0366516
1303210740,way,supermarket,Dino,,,Dino,,,,49.9161668,18.6832291
1304222822,way,supermarket,Dino,,,Dino,,,,50.4600842,20.5031554
1305332214,way,supermarket,Carrefour,,,Carrefour,,,,53.1259134,18.0671406
1305581419,way,supermarket,Biedronka,,,Biedronka,,,,53.0216289,23.1421187
1305588582,way,supermarket,Dino,,,Dino,,,,52.7556802,15.2674341
1305608009,way,supermarket,Dino,,,Dino,,,,51.9077499,15.5054161
1305795533,way,supermarket,Biedronka,,,Biedronka,,,,50.1828731,18.881758
1306231939,way,supermarket,Biedronka,,,Biedronka,,,,51.3583641,20.6358234
1306376596,way,supermarket,Dino,,,Dino,,,,54.0657531,15.2613592
1306379271,way,supermarket,Dino,,,Dino,,,,53.3007486,15.1733962
1306383907,way,supermarket,Dino,,,Dino,,,,54.0058926,15.1057606
1306384149,way,supermarket,Dino,,,Dino,,,,51.558987,15.5354791
1306384414,way,supermarket,Dino,,,Dino,,,,50.5703163,22.3051409
1306384660,way,supermarket,Dino,,,Dino,,,,51.1948689,21.8105127
1306385401,way,supermarket,Dino,,,Dino,,,,50.6277534,20.264601
1306385716,way,supermarket,Dino,,,Dino,,,,50.8998553,21.3319721
1306388231,way,supermarket,Dino,,,Dino,,,,50.6055951,20.232895
1306391049,way,supermarket,Dino,,,Dino,,,,51.1485313,15.0177611
1306393434,way,supermarket,Dino,,,Dino,,,,51.321439,17.7364253
1307012443,way,supermarket,Dino,,,Dino,,,,50.5944836,22.8814755
1307063565,way,supermarket,Netto,,,Netto,,,,52.1122247,20.9873404
1307210711,way,supermarket,Dino,,,Dino,,,,53.0902128,22.4269607
1307214014,way,supermarket,Dino,,,Dino,,,,53.5591115,21.1055762
1307215229,way,supermarket,Dino,,,Dino,,,,53.2724035,20.0071229
1307216041,way,supermarket,Dino,,,Dino,,,,53.7034396,20.0171187
1307217572,way,supermarket,Dino,,,Dino,,,,54.0834222,20.916291
1307268170,way,supermarket,Biedronka,,,Biedronka,,,,50.8382386,19.2810672
1307341288,way,supermarket,Dino,,,Dino,,,,52.6280295,15.8653456
1307460933,way,supermarket,Dino,,,Dino,,,,50.355576,22.7510055
1308300788,way,supermarket,Stokrotka,,,Stokrotka,,,,52.838643,20.9863715
1308430362,way,supermarket,Biedronka,,,Biedronka,,,,49.866571,20.3000885
1309523855,way,supermarket,Dino,,,Dino,,,,50.5505312,19.4585394
1309547541,way,supermarket,Dino,,,Dino,,,,50.3477814,18.4607483
1310188685,way,supermarket,Biedronka,,,Biedronka,,,,52.6345933,16.8110503
1310651083,way,supermarket,Dino,,,Dino,,,,51.0861914,17.7326314
1310655382,way,supermarket,Biedronka,,,Biedronka,,,,51.05029,17.3183745
1311084953,way,supermarket,Biedronka,,,Biedronka,,,,51.9246446,22.3240924
1311240524,way,supermarket,Dino,,,Dino,,,,50.1816958,22.6128133
1311497437,way,supermarket,Lidl,,,Lidl,,,,50.6860582,17.975685
1312179669,way,supermarket,Dino,,,Dino,,,,49.7110326,21.8068904
1312262936,way,supermarket,Dino,,,Dino,,,,50.3995978,22.2961392
1312693975,way,supermarket,Dino,,,Dino,,,,51.3791629,21.3781263
1313068210,way,supermarket,Lidl,,,Lidl,,,,53.7696296,20.4149146
1313370983,way,supermarket,Dino,,,Dino,,,,52.9652687,18.7211384
1313538516,way,supermarket,Dino,,,Dino,,,,51.5016728,18.4415182
1313756722,way,supermarket,Dino,,,Dino,,,,51.7341768,19.7778009
1313772426,way,supermarket,Dino,,,Dino,,,,54.150707,19.4431467
1314361422,way,supermarket,Dino,,,Dino,,,,51.1421423,20.3633484
1315082125,way,supermarket,Biedronka,,,Biedronka,,,,52.1923341,20.9526196
1315183907,way,supermarket,Dino,,,Dino,,,,50.8263891,16.4869511
1315343520,way,supermarket,Dino,,,Dino,,,,50.624288,19.6878812
1315344409,way,supermarket,Dino,,,Dino,,,,50.8403875,19.5498511
1315346286,way,supermarket,Dino,,,Dino,,,,50.3127832,18.9168373
1315348991,way,supermarket,Dino,,,Dino,,,,49.750175,20.550076
1315351030,way,supermarket,Dino,,,Dino,,,,49.98068,19.5521525
1315352379,way,supermarket,Dino,,,Dino,,,,50.1899075,20.7524585
1315355529,way,supermarket,Dino,,,Dino,,,,51.5575705,19.0270791
1315355878,way,supermarket,Dino,,,Dino,,,,51.7525286,20.1999263
1315586574,way,supermarket,Dino,,,Dino,,,,51.4663104,22.4726021
1315688690,way,supermarket,Stokrotka,,,Stokrotka,,,,51.7954971,19.5327464
1315803106,way,supermarket,Dino,,,Dino,,,,53.9262107,18.496313
1315902173,way,supermarket,Dino,,,Dino,,,,50.31959,22.3480123
1316189191,way,supermarket,Biedronka,,,Biedronka,,,,50.3387811,18.190872
1316478798,way,supermarket,Lidl,,,Lidl,,,,52.893461,20.61748
1316628949,way,supermarket,Lidl,,,Lidl,,,,49.7815355,19.0687345
1317972633,way,supermarket,Dino,,,Dino,,,,51.4661424,16.9049854
1318209219,way,supermarket,Carrefour Market,,,Carrefour Market,,,,53.0241443,18.6754297
1319005390,way,supermarket,Biedronka,,,Biedronka,,,,53.8434911,22.3626503
1319108002,way,supermarket,Biedronka,,,Biedronka,,,,51.4936844,22.0641691
1319985660,way,supermarket,Biedronka,,,Biedronka,,,,51.5705669,21.8278261
1320146978,way,supermarket,Lidl,,,Lidl,,,,50.1312895,18.6726981
1320169478,way,supermarket,Biedronka,,,Biedronka,,,,51.4126217,16.2233002
1320937686,way,supermarket,Biedronka,,,Biedronka,,,,50.0355855,19.748978
1321420735,way,supermarket,Dino,,,Dino,,,,51.0613515,17.2925003
1321479483,way,supermarket,Dino,,,Dino,,,,50.5234005,21.4349182
1321574729,way,supermarket,Auchan,,,Auchan,,,,50.3120434,18.7872179
1322283037,way,supermarket,Lidl,,,Lidl,,,,53.1278475,17.8653367
1322383608,way,supermarket,Dino,,,Dino,,,,50.2240167,21.6271434
1322945079,way,supermarket,Lidl,,,Lidl,,,,50.2920101,18.8730378
1323164996,way,supermarket,Biedronka,,,Biedronka,,,,49.9682982,20.6479023
1323238323,way,supermarket,Dino,,,Dino,,,,50.3911123,19.0110912
1323249316,way,supermarket,Dino,,,Dino,,,,54.1746624,16.1246754
1323660972,way,supermarket,Dino,,,Dino,,,,52.7823766,18.9619568
1323697034,way,supermarket,Biedronka,,,Biedronka,,,,52.4365375,16.7800149
1324112580,way,supermarket,Stokrotka,,,Stokrotka,,,,50.0739437,20.9389919
1324199110,way,supermarket,Stokrotka,,,Stokrotka,,,,51.294122,22.5659816
1324223661,way,supermarket,Dino,,,Dino,,,,50.9169305,22.6679829
1324830032,way,supermarket,Biedronka,,,Biedronka,,,,52.7621068,15.2781073
1325503094,way,supermarket,Biedronka,,,Biedronka,,,,54.325932,19.169382
1326347889,way,supermarket,Biedronka,,,Biedronka,,,,52.3948939,19.1699833
1326431530,way,supermarket,Dino,,,Dino,,,,52.5891632,20.8241566
1327359108,way,supermarket,Biedronka,,,Biedronka,,,,51.909858,23.1662476
1327828628,way,supermarket,Lidl,,,Lidl,,,,50.058358,20.0066161
1327872723,way,supermarket,Dino,,,Dino,,,,49.6455466,21.9354716
1328186143,way,supermarket,Biedronka,,,Biedronka,,,,53.6839256,20.000661
1328230032,way,supermarket,Biedronka,,,Biedronka,,,,49.3836887,22.4061529
1328231238,way,supermarket,Biedronka,,,Biedronka,,,,50.3030988,18.6789242
1328740167,way,supermarket,Dino,,,Dino,,,,52.7366282,20.7070059
1329135690,way,supermarket,Lidl,,,Lidl,,,,51.2292802,22.4826164
1329205155,way,supermarket,Netto,,,Netto,,,,52.4859351,16.855586
1329427081,way,supermarket,Carrefour Market,,,Carrefour Market,,,,52.0254138,21.1215132
1329466980,way,supermarket,Dino,,,Dino,,,,50.3160573,22.9465999
1329757192,way,supermarket,Lidl,,,Lidl,,,,52.5682871,17.8234908
1329914849,way,supermarket,Kaufland,,,Kaufland,,,,54.559308,18.4216363
1330602351,way,supermarket,Dino,,,Dino,,,,51.0789831,21.4715666
1330827674,way,supermarket,Biedronka,,,Biedronka,,,,51.09906,19.6269198
1330837976,way,supermarket,Kaufland,,,Kaufland,,,,54.1780052,16.2033239
1330859600,way,supermarket,Lidl,,,Lidl,,,,53.5801647,17.875268
1331119361,way,supermarket,Dino,,,Dino,,,,50.7281248,22.3677029
1331435368,way,supermarket,Dino,,,Dino,,,,51.5279898,22.3280788
1331437061,way,supermarket,Dino,,,Dino,,,,50.8085794,22.5330486
1331595354,way,supermarket,Lidl,,,Lidl,,,,50.8293092,19.1152781
1331726919,way,supermarket,Biedronka,,,Biedronka,,,,53.0199564,20.9065046
1331979350,way,supermarket,Biedronka,,,Biedronka,,,,50.2598677,21.9843445
1332159241,way,supermarket,Dino,,,Dino,,,,53.7069516,20.6972893
1332435797,way,supermarket,Lidl,,,Lidl,,,,50.6404368,17.6279543
1332919489,way,supermarket,Lidl,,,Lidl,,,,53.4979365,14.5889868
1333948857,way,supermarket,Netto,,,Netto,,,,52.3715756,16.8724375
1334218915,way,supermarket,Biedronka,,,Biedronka,,,,52.6467018,18.9320288
1334668385,way,supermarket,Lidl,,,Lidl,,,,51.1120452,16.8891863
1334691252,way,supermarket,Dino,,,Dino,,,,52.7533878,23.2040521
1335112372,way,supermarket,Lidl,,,Lidl,,,,51.911278,21.5998282
1335752254,way,supermarket,Stokrotka Market,,,Stokrotka Market,,,,51.4424637,22.5470118
1335834502,way,supermarket,Biedronka,,,Biedronka,,,,50.3232321,19.1686283
1335891620,way,supermarket,Dino,,,Dino,,,,50.2127958,18.6355073
1336434608,way,supermarket,Biedronka,,,Biedronka,,,,50.0166414,21.9606236
1336645268,way,supermarket,Dino,,,Dino,,,,54.0573682,15.2815508
1336960960,way,supermarket,Dino,,,Dino,,,,50.2441501,19.6074064
1337095249,way,supermarket,Biedronka,,,Biedronka,,,,54.0660573,15.2726174
1337925390,way,supermarket,Biedronka,,,Biedronka,,,,53.2770158,19.4361186
1338604733,way,supermarket,Dino,,,Dino,,,,52.2067818,18.2500858
1338845057,way,supermarket,Dino,,,Dino,,,,50.2637042,21.3004071
1338953191,way,supermarket,Biedronka,,,Biedronka,,,,53.0344137,21.1750171
1339180657,way,supermarket,Dino,,,Dino,,,,49.4856085,22.2587326
1339345094,way,supermarket,Biedronka,,,Biedronka,,,,51.2024427,17.4046433
1339413163,way,supermarket,Dino,,,Dino,,,,52.0329342,23.0707035
1339423660,way,supermarket,Biedronka,,,Biedronka,,,,52.9716145,18.883903
1339500552,way,supermarket,Dino,,,Dino,,,,52.5619582,17.828071
1340340309,way,supermarket,Dino,,,Dino,,,,49.8425778,22.7995687
1340340745,way,supermarket,Dino,,,Dino,,,,49.7897301,22.6323489
1341060358,way,supermarket,Biedronka,,,Biedronka,,,,50.1309535,19.6077075
1341405457,way,supermarket,Netto,,,Netto,,,,52.0708965,20.9979555
1341513533,way,supermarket,Dino,,,Dino,,,,52.3406119,16.8900285
1341560750,way,supermarket,Lidl,,,Lidl,,,,52.6442167,19.1006722
1341631659,way,supermarket,Biedronka,,,Biedronka,,,,52.3316716,16.8754953
1342235027,way,supermarket,Biedronka,,,Biedronka,,,,54.5398543,17.7912648
1342425827,way,supermarket,Lidl,,,Lidl,,,,49.9761107,22.0255158
1342967068,way,supermarket,Netto,,,Netto,,,,52.2577661,20.7126604
1343343233,way,supermarket,Lidl,,,Lidl,,,,52.4771324,17.2546878
1343879436,way,supermarket,Lidl,,,Lidl,,,,50.0639275,20.0206305
1343895412,way,supermarket,Kaufland,,,Kaufland,,,,51.778829,22.6196397
1344391893,way,supermarket,Dino,,,Dino,,,,50.4278295,22.7422289
1344657653,way,supermarket,Biedronka,,,Biedronka,,,,52.1234055,16.3580144
1344819293,way,supermarket,Biedronka,,,Biedronka,,,,52.2137743,20.4169772
1345110184,way,supermarket,Biedronka,,,Biedronka,,,,50.4977208,19.4588507
1345203007,way,supermarket,Dino,,,Dino,,,,52.3882663,18.1976331
1345204908,way,supermarket,Dino,,,Dino,,,,52.1964483,18.3084761
1346188468,way,supermarket,Dino,,,Dino,,,,51.493287,22.0677794
1346194523,way,supermarket,Dino,,,Dino,,,,51.1348005,21.9841784
1346608867,way,supermarket,Dino,,,Dino,,,,53.7512592,16.3612161
1347158428,way,supermarket,Dino,,,Dino,,,,52.2253877,19.3687027
1347299159,way,supermarket,Carrefour,,,Carrefour,,,,53.1447455,16.747462
1347410587,way,supermarket,Biedronka,,,Biedronka,,,,52.3586244,16.6889285
1347546143,way,supermarket,Lidl,,,Lidl,,,,50.3548643,18.9078978
1348031145,way,supermarket,Stokrotka,,,Stokrotka,,,,51.1834209,22.2825261
1348079197,way,supermarket,Biedronka,,,Biedronka,,,,52.6962559,15.2316535
1348479708,way,supermarket,Biedronka,,,Biedronka,,,,51.48126,21.4665589
1348841832,way,supermarket,Dino,,,Dino,,,,53.7348735,20.5137315
1348900248,way,supermarket,Dino,,,Dino,,,,53.5402724,15.1234396
1349122888,way,supermarket,Biedronka,,,Biedronka,,,,51.6439708,17.1625579
1349282091,way,supermarket,Lidl,,,Lidl,,,,51.753826,19.5525408
1349604827,way,supermarket,Biedronka,,,Biedronka,,,,50.2176855,18.6967394
1349760254,way,supermarket,Biedronka,,,Biedronka,,,,52.4682926,17.1714175
1349789971,way,supermarket,Lidl,,,Lidl,,,,52.4316066,15.1167849
1349916799,way,supermarket,Biedronka,,,Biedronka,,,,50.9421925,22.1848418
1349928804,way,supermarket,Biedronka,,,Biedronka,,,,49.6620807,19.5660688
1351032563,way,supermarket,Biedronka,,,Biedronka,,,,50.0294338,19.1985595
1351158344,way,supermarket,Biedronka,,,Biedronka,,,,53.8195697,14.9912806
1351764194,way,supermarket,Biedronka,,,Biedronka,,,,51.2989972,17.7136858
1352363752,way,supermarket,Dino,,,Dino,,,,53.6922856,17.6167296
1352371657,way,supermarket,Dino,,,Dino,,,,51.6105812,16.414611
1352494688,way,supermarket,Biedronka,,,Biedronka,,,,50.3777903,22.9461803
1352524116,way,supermarket,Stokrotka,,,Stokrotka,,,,50.4750077,18.7987988
1352734541,way,supermarket,Biedronka,,,Biedronka,,,,52.3278673,21.0325315
1352896238,way,supermarket,Dino,,,Dino,,,,52.8829144,15.5202508
1352922677,way,supermarket,Biedronka,,,Biedronka,,,,53.1008222,18.0642237
1353146620,way,supermarket,Stokrotka,,,Stokrotka,,,,54.2002368,16.1939964
1353961495,way,supermarket,Dino,,,Dino,,,,53.0987362,19.0472665
1353983423,way,supermarket,Biedronka,,,Biedronka,,,,50.0079416,22.0036146
1353983424,way,supermarket,Biedronka,,,Biedronka,,,,49.9856985,21.9900315
1354202016,way,supermarket,Biedronka,,,Biedronka,,,,49.9174935,18.482472
1354580486,way,supermarket,Biedronka,,,Biedronka,,,,53.108797,19.0681582
1354747855,way,supermarket,Biedronka,,,Biedronka,,,,52.2257631,20.2635489
1354867084,way,supermarket,Biedronka,,,Biedronka,,,,50.5642756,21.7297869
1354903957,way,supermarket,Netto,,,Netto,,,,52.4390509,20.6131811
1354905567,way,supermarket,Lidl,,,Lidl,,,,52.021035,23.1184887
1354943983,way,supermarket,Netto,,,Netto,,,,51.4340278,21.9493192
1354994175,way,supermarket,Dino,,,Dino,,,,51.4343687,21.4423154
1355120799,way,supermarket,Auchan,,,Auchan,,,,50.5714215,21.7041391
1355363418,way,supermarket,Biedronka,,,Biedronka,,,,50.0743648,21.3851371
1355459140,way,supermarket,Dino,,,Dino,,,,50.2188608,18.6618513
1356350411,way,supermarket,Stokrotka,,,Stokrotka,,,,50.1417867,19.1942158
1357530238,way,supermarket,Dino,,,Dino,,,,54.200243,16.17047
1357530804,way,supermarket,Dino,,,Dino,,,,54.171639,16.1571065
1357550144,way,supermarket,Kaufland,,,Kaufland,,,,49.623581,20.7066022
1357824203,way,supermarket,Dino,,,Dino,,,,51.088416,20.6385436
1358391274,way,supermarket,Dino,,,Dino,,,,53.5662653,14.8686672
1358509093,way,supermarket,Biedronka,,,Biedronka,,,,53.1812774,21.5568808
1358674981,way,supermarket,Carrefour,,,Carrefour,,,,49.585632,20.6719394
1358979039,way,supermarket,Biedronka,,,Biedronka,,,,49.9871016,18.4270922
1359385924,way,supermarket,Auchan,,,Auchan,,,,50.0873881,19.9813288
1359627315,way,supermarket,Biedronka,,,Biedronka,,,,50.4737083,19.8560259
1359842474,way,supermarket,Lidl,,,Lidl,,,,52.327518,20.992042
1360051369,way,supermarket,Carrefour,,,Carrefour,,,,50.824333,19.143434
1360139556,way,supermarket,Dino,,,Dino,,,,51.172293,22.2963999
1360361778,way,supermarket,Biedronka,,,Biedronka,,,,50.6064911,16.82178
1360471576,way,supermarket,Dino,,,Dino,,,,52.8583889,19.6566991
1360751487,way,supermarket,Stokrotka,,,Stokrotka,,,,50.0592116,19.5381865
1361380787,way,supermarket,Lidl,,,Lidl,,,,52.2160131,20.8792279
1361434044,way,supermarket,Dino,,,Dino,,,,50.0510355,21.1371055
1361472031,way,supermarket,Biedronka,,,Biedronka,,,,54.1160737,20.572221
1361477791,way,supermarket,Dino,,,Dino,,,,51.387844,20.1413738
1362039914,way,supermarket,Biedronka,,,Biedronka,,,,49.9380337,19.21079
1362329075,way,supermarket,Biedronka,,,Biedronka,,,,52.0835299,17.4039771
1362885935,way,supermarket,Dino,,,Dino,,,,50.7106139,22.4067414
1363412568,way,supermarket,Dino,,,Dino,,,,51.4431421,22.5369253
1363804868,way,supermarket,Biedronka,,,Biedronka,,,,50.0021792,18.4718551
1365053401,way,supermarket,Lidl,,,Lidl,,,,53.8588445,21.2833822
1365054133,way,supermarket,Biedronka,,,Biedronka,,,,51.3468874,21.5845218
1365429120,way,supermarket,Netto,,,Netto,,,,53.0673133,21.6084722
1365509090,way,supermarket,Kaufland,,,Kaufland,,,,51.9495828,15.4943763
1365570289,way,supermarket,Biedronka,,,Biedronka,,,,53.6453689,15.6102988
1365578202,way,supermarket,Dino,,,Dino,,,,52.652457,19.1232294
1365720649,way,supermarket,Dino,,,Dino,,,,51.031966,15.4092886
1365833880,way,supermarket,Dino,,,Dino,,,,53.1579828,17.6306818
1365944330,way,supermarket,Dino,,,Dino,,,,51.5859716,18.688743
1366187987,way,supermarket,Dino,,,Dino,,,,52.2032979,18.2400902
1366538255,way,supermarket,Dino,,,Dino,,,,54.7153874,18.0315065
1366598442,way,supermarket,Biedronka,,,Biedronka,,,,54.0901971,19.308191
1366677742,way,supermarket,Dino,,,Dino,,,,50.3338465,23.5226192
1367078612,way,supermarket,Biedronka,,,Biedronka,,,,51.6817296,19.6747706
1367331495,way,supermarket,Netto,,,Netto,,,,52.4228887,21.4242876
1367335848,way,supermarket,Biedronka,,,Biedronka,,,,51.792453,18.3331197
1367345450,way,supermarket,Biedronka,,,Biedronka,,,,50.403649,19.9323343
1367379711,way,supermarket,Auchan,,,Auchan,,,,50.9217582,15.7617581
1367381901,way,supermarket,Carrefour,,,Carrefour,,,,52.757132,15.2552798
1368090209,way,supermarket,Netto,,,Netto,,,,51.6575019,17.8475372
1368108141,way,supermarket,Biedronka,,,Biedronka,,,,52.8917704,20.6178065
1368192032,way,supermarket,Biedronka,,,Biedronka,,,,52.7445462,19.2477072
1368365831,way,supermarket,Auchan,,,Auchan,,,,53.025534,18.6392019
1368462761,way,supermarket,Dino,,,Dino,,,,53.7402035,23.3954096
1368467621,way,supermarket,Dino,,,Dino,,,,53.6312528,23.5397502
1368679581,way,supermarket,Auchan,,,Auchan,,,,52.1354965,20.8888489
1370115982,way,supermarket,Biedronka,,,Biedronka,,,,52.0139004,20.8878032
1370281226,way,supermarket,Auchan,,,Auchan,,,,52.4401935,16.7661248
1370695799,way,supermarket,Dino,,,Dino,,,,53.03921,23.6166045
1370700114,way,supermarket,Dino,,,Dino,,,,52.6936655,23.8294369
1370702347,way,supermarket,Dino,,,Dino,,,,52.780328,23.5925909
1370797896,way,supermarket,Dino,,,Dino,,,,54.5005434,17.2693573
1370948017,way,supermarket,Carrefour,,,Carrefour,,,,52.3568829,21.2594889
1371861245,way,supermarket,Dino,,,Dino,,,,50.7452224,17.8686155
1373109240,way,supermarket,Intermarché,,,Intermarché,,,,52.183402,18.2303881
1373169605,way,supermarket,Dino,,,Dino,,,,51.2139282,16.9651804
1373174892,way,supermarket,Biedronka,,,Biedronka,,,,52.5752367,19.8999091
1373339734,way,supermarket,Dino,,,Dino,,,,52.7541345,17.0130818
1373750473,way,supermarket,Dino,,,Dino,,,,50.2056612,20.3064397
1373866320,way,supermarket,Dino,,,Dino,,,,51.1022559,15.294759
1373872045,way,supermarket,Biedronka,,,Biedronka,,,,51.2770838,18.5618392
1374816284,way,supermarket,Kaufland,,,Kaufland,,,,52.2080842,21.1673235
1374821726,way,supermarket,Biedronka,,,Biedronka,,,,50.0651764,20.713792
1374947354,way,supermarket,Dino,,,Dino,,,,51.2975105,17.7149159
1374948786,way,supermarket,Dino,,,Dino,,,,51.2760099,16.7065019
1374966738,way,supermarket,Dino,,,Dino,,,,53.2958449,23.6579824
1375378614,way,supermarket,Biedronka,,,Biedronka,,,,50.2438193,22.9338183
1376398485,way,supermarket,Dino,,,Dino,,,,52.5248211,19.1431944
1376399511,way,supermarket,Biedronka,,,Biedronka,,,,54.3511237,17.887336
1376399662,way,supermarket,Biedronka,,,Biedronka,,,,51.9869131,18.5098855
1376465445,way,supermarket,Dino,,,Dino,,,,52.6037676,19.0111583
1376515176,way,supermarket,Dino,,,Dino,,,,53.2984895,18.6787585
1376556273,way,supermarket,Biedronka,,,Biedronka,,,,51.4385606,18.9492647
1376659776,way,supermarket,Biedronka,,,Biedronka,,,,53.404004,19.566152
1377164668,way,supermarket,Carrefour,,,Carrefour,,,,52.3976275,16.9562537
1377186567,way,supermarket,Dino,,,Dino,,,,52.6721409,22.5064182
1377188634,way,supermarket,Dino,,,Dino,,,,52.5146147,23.1278335
1377249199,way,supermarket,Dino,,,Dino,,,,52.2013935,20.2125056
1377406044,way,supermarket,Biedronka,,,Biedronka,,,,53.9845836,20.4124636
1377719141,way,supermarket,Biedronka,,,Biedronka,,,,51.0373209,16.4372765
1378032943,way,supermarket,Lidl,,,Lidl,,,,54.2686499,18.6480205
1378713788,way,supermarket,Kaufland,,,Kaufland,,,,54.331369,18.5940803
1378900292,way,supermarket,Biedronka,,,Biedronka,,,,50.3108736,18.6276414
1379172738,way,supermarket,Dino,,,Dino,,,,52.6635623,19.0604819
1380084434,way,supermarket,Kaufland,,,Kaufland,,,,52.1555115,20.7850715
1380642982,way,supermarket,Dino,,,Dino,,,,53.4537156,18.7958115
1380934343,way,supermarket,Stokrotka,,,Stokrotka,,,,51.2092114,22.6828253
1380934349,way,supermarket,Biedronka,,,Biedronka,,,,51.2095333,22.6726843
1381207365,way,supermarket,Dino,,,Dino,,,,51.2895503,22.8785444
1381612300,way,supermarket,Biedronka,,,Biedronka,,,,53.2017488,22.3875583
1382944814,way,supermarket,Dino,,,Dino,,,,51.8662623,15.5634201
1382945393,way,supermarket,Dino,,,Dino,,,,51.8188447,15.3854646
1383048030,way,supermarket,Biedronka,,,Biedronka,,,,52.3890933,22.0127517
1383287409,way,supermarket,Carrefour Market,,,Carrefour Market,,,,52.0720831,20.6869318
1383296163,way,supermarket,Biedronka,,,Biedronka,,,,49.6810035,20.5318735
1383551436,way,supermarket,Dino,,,Dino,,,,51.9742868,14.7189412
1383694979,way,supermarket,Dino,,,Dino,,,,53.747651,18.9390655
1384081373,way,supermarket,Stokrotka,,,Stokrotka,,,,52.3099017,17.0156094
1384236454,way,supermarket,Dino,,,Dino,,,,53.7074857,17.5691108
1384768270,way,supermarket,Biedronka,,,Biedronka,,,,49.9286415,20.2393935
1385129271,way,supermarket,Biedronka,,,Biedronka,,,,50.0875686,19.985756
1385321716,way,supermarket,Dino,,,Dino,,,,51.9824198,17.5319125
1385328262,way,supermarket,Biedronka,,,Biedronka,,,,51.315751,22.5364607
1385434885,way,supermarket,Lidl,,,Lidl,,,,52.5107778,16.2539057
1385768865,way,supermarket,Dino,,,Dino,,,,53.0792451,20.4492325
1385947103,way,supermarket,Dino,,,Dino,,,,53.5838625,23.1029154
1385949175,way,supermarket,Dino,,,Dino,,,,53.0888146,21.392725
1386092099,way,supermarket,Lidl,,,Lidl,,,,53.0144045,17.7506924
1386153202,way,supermarket,Dino,,,Dino,,,,50.0378442,18.7500302
1387067318,way,supermarket,Dino,,,Dino,,,,52.6290085,17.139109
1387071437,way,supermarket,Biedronka,,,Biedronka,,,,51.2189535,22.6399558
1387194951,way,supermarket,Dino,,,Dino,,,,53.839974,18.831841
1387308356,way,supermarket,Biedronka,,,Biedronka,,,,53.2681736,18.964895
1387346686,way,supermarket,Biedronka,,,Biedronka,,,,53.1132479,17.5991087
1387749388,way,supermarket,Dino,,,Dino,,,,53.0198088,23.3226037
1387883459,way,supermarket,Dino,,,Dino,,,,53.1147969,17.6115279
1388075664,way,supermarket,Biedronka,,,Biedronka,,,,50.0750301,20.0137637
1388440312,way,supermarket,Dino,,,Dino,,,,52.4131,17.8982635
1388618057,way,supermarket,Stokrotka,,,Stokrotka,,,,52.1494615,21.7341417
1389325760,way,supermarket,Biedronka,,,Biedronka,,,,50.2237587,20.5729212
1389911603,way,supermarket,Dino,,,Dino,,,,53.5018741,14.7085178
1389919176,way,supermarket,Dino,,,Dino,,,,50.8724785,20.7958354
1389934276,way,supermarket,Auchan,,,Auchan,,,,50.0077837,22.6747234
1390046539,way,supermarket,Biedronka,,,Biedronka,,,,53.8198631,17.4044967
1390091583,way,supermarket,Biedronka,,,Biedronka,,,,54.0787836,21.3901637
1390434005,way,supermarket,Dino,,,Dino,,,,49.8761217,18.9509835
1390549759,way,supermarket,Dino,,,Dino,,,,51.5554765,22.1477863
1390553137,way,supermarket,Netto,,,Netto,,,,52.0843015,20.8688335
1390655435,way,supermarket,Lidl,,,Lidl,,,,50.3812255,19.0915855
1390968567,way,supermarket,Biedronka,,,Biedronka,,,,50.2724856,19.149622
1391009937,way,supermarket,Dino,,,Dino,,,,50.7418258,22.8338417
1391540104,way,supermarket,Dino,,,Dino,,,,54.3051535,16.8752321
1392117774,way,supermarket,Dino,,,Dino,,,,50.5583004,21.186087
1392438993,way,supermarket,Dino,,,Dino,,,,51.1798893,17.1769594
1393297233,way,supermarket,Dino,,,Dino,,,,54.0130815,15.9794162
1393604422,way,supermarket,Biedronka,,,Biedronka,,,,52.6064274,15.9022284
1394136701,way,supermarket,Dino,,,Dino,,,,53.7230875,14.289464
1394958125,way,supermarket,Lidl,,,Lidl,,,,50.8079645,20.6239414
1395057663,way,supermarket,Lidl,,,Lidl,,,,50.3844914,19.7775958
1395264048,way,supermarket,Biedronka,,,Biedronka,,,,51.0970108,23.2870475
1395327450,way,supermarket,Dino,,,Dino,,,,53.0021606,21.301311
1395490134,way,supermarket,Dino,,,Dino,,,,52.6449496,23.0375607
1395492520,way,supermarket,Dino,,,Dino,,,,52.4618257,23.0821966
1395493593,way,supermarket,Biedronka,,,Biedronka,,,,52.4694095,23.0770958
1395672811,way,supermarket,Dino,,,Dino,,,,50.7732945,17.092551
1400128145,way,supermarket,Dino,,,Dino,,,,50.9284286,16.6870136
1406892835,way,supermarket,Dino,,,Dino,,,,53.1678763,23.0726915
1408595489,way,supermarket,Dino,,,Dino,,,,53.5054694,18.834338
1408639037,way,supermarket,Lidl,,,Lidl,,,,52.4136912,16.847493
1408796929,way,supermarket,Biedronka,,,Biedronka,,,,52.9898267,16.9080018
1408942411,way,supermarket,Kaufland,,,Kaufland,,,,50.0466445,20.2153865
1409287083,way,supermarket,Dino,,,Dino,,,,50.3578739,20.0057156
1409411936,way,supermarket,Biedronka,,,Biedronka,,,,51.2016155,16.2013967
1410029572,way,supermarket,Dino,,,Dino,,,,53.1809297,17.8701072
1410823350,way,supermarket,Biedronka,,,Biedronka,,,,53.3888525,17.6852805
1410844516,way,supermarket,Biedronka,,,Biedronka,,,,52.0849393,22.4518233
1411025967,way,supermarket,Biedronka,,,Biedronka,,,,51.7358872,21.6732132
1411088726,way,supermarket,Dino,,,Dino,,,,54.001624,14.6847835
1411089017,way,supermarket,Biedronka,,,Biedronka,,,,52.0685205,15.8449035
1411611635,way,supermarket,Lidl,,,Lidl,,,,51.1194815,18.8867612
1411634375,way,supermarket,Biedronka,,,Biedronka,,,,50.1661606,20.5928057
1412124606,way,supermarket,Dino,,,Dino,,,,53.9603159,14.7677024
1413084843,way,supermarket,Dino,,,Dino,,,,49.8785738,21.1281587
1413234237,way,supermarket,Dino,,,Dino,,,,49.673909,21.2930245
1413320647,way,supermarket,Biedronka,,,Biedronka,,,,50.6105764,22.0093148
1413526214,way,supermarket,Dino,,,Dino,,,,50.446388,19.1396401
1414006044,way,supermarket,Stokrotka,,,Stokrotka,,,,50.2701543,18.9323577
1414103205,way,supermarket,Dino,,,Dino,,,,51.6408383,20.9548458
1414127724,way,supermarket,Dino,,,Dino,,,,52.584624,22.7369291
1414892398,way,supermarket,Lidl,,,Lidl,,,,49.9076825,21.0594465
1415007144,way,supermarket,Dino,,,Dino,,,,51.5507865,23.5412264
1415113452,way,supermarket,Dino,,,Dino,,,,50.832251,17.3417945
1415612932,way,supermarket,Biedronka,,,Biedronka,,,,53.2425251,21.8004146
1415891050,way,supermarket,Dino,,,Dino,,,,53.099395,18.686623
1416095176,way,supermarket,Dino,,,Dino,,,,54.0740725,21.3653693
1416155342,way,supermarket,Biedronka,,,Biedronka,,,,54.1249545,16.1697995
1416242170,way,supermarket,Dino,,,Dino,,,,51.9884888,22.3105062
1416687830,way,supermarket,Dino,,,Dino,,,,49.7401536,21.7314978
1416699261,way,supermarket,Dino,,,Dino,,,,52.4061072,21.1744398
1416699603,way,supermarket,Dino,,,Dino,,,,52.426394,21.200351
1416699971,way,supermarket,Dino,,,Dino,,,,50.4815168,23.0671984
1416700677,way,supermarket,Dino,,,Dino,,,,50.7311555,23.2668397
1416749757,way,supermarket,Dino,,,Dino,,,,51.6433116,22.4309548
1416770975,way,supermarket,Dino,,,Dino,,,,53.3138241,16.4429158
1417197524,way,supermarket,Dino,,,Dino,,,,50.4906357,18.0114623
1417690425,way,supermarket,Dino,,,Dino,,,,51.4185644,17.0947764
1418634644,way,supermarket,Biedronka,,,Biedronka,,,,54.201827,18.4215065
1418644072,way,supermarket,Biedronka,,,Biedronka,,,,52.0173669,21.8173795
1418652842,way,supermarket,Dino,,,Dino,,,,54.2018245,18.4219375
1418862202,way,supermarket,Biedronka,,,Biedronka,,,,50.0188127,18.4788109
1419008579,way,supermarket,Biedronka,,,Biedronka,,,,51.2024939,22.5582687
1419280257,way,supermarket,Biedronka,,,Biedronka,,,,52.0881625,20.3743585
1419336531,way,supermarket,Biedronka,,,Biedronka,,,,53.4372783,14.555848
1419367130,way,supermarket,Dino,,,Dino,,,,51.630583,22.919363
1419412060,way,supermarket,Dino,,,Dino,,,,51.1372225,23.4511214
1419606887,way,supermarket,Biedronka,,,Biedronka,,,,49.9975725,19.423463
1419701547,way,supermarket,Biedronka,,,Biedronka,,,,52.9660942,18.0931287
1420011095,way,supermarket,Biedronka,,,Biedronka,,,,52.7474048,15.1505713
1420443856,way,supermarket,Dino,,,Dino,,,,51.1199056,20.8829076
1420684316,way,supermarket,Biedronka,,,Biedronka,,,,54.236273,18.1998795
1420738352,way,supermarket,Biedronka,,,Biedronka,,,,54.4947274,18.1940693
1421305903,way,supermarket,Stokrotka,,,Stokrotka,,,,51.1441395,17.1527635
1421326859,way,supermarket,Biedronka,,,Biedronka,,,,54.2644064,20.8021511
1421442574,way,supermarket,Dino,,,Dino,,,,49.7942261,22.7783672
1421524318,way,supermarket,Biedronka,,,Biedronka,,,,53.881594,17.7375935
1421714504,way,supermarket,Biedronka,,,Biedronka,,,,50.1355094,18.8924487
1421754051,way,supermarket,Biedronka,,,Biedronka,,,,51.0788643,21.0168503
1421891533,way,supermarket,Dino,,,Dino,,,,54.326217,19.177676
1422228998,way,supermarket,Biedronka,,,Biedronka,,,,52.6271218,18.1634222
1422490495,way,supermarket,Dino,,,Dino,,,,51.0811348,17.2686263
1422493274,way,supermarket,Dino,,,Dino,,,,51.8834837,21.5600549
1422514681,way,supermarket,Lidl,,,Lidl,,,,50.8100714,15.7663736
1422736301,way,supermarket,Lidl,,,Lidl,,,,54.325205,19.111283
1422802649,way,supermarket,Lidl,,,Lidl,,,,49.8486375,19.0867625
1422882719,way,supermarket,Dino,,,Dino,,,,50.4907735,18.9458325
1422905643,way,supermarket,Dino,,,Dino,,,,51.557593,14.76366
1423013049,way,supermarket,Dino,,,Dino,,,,53.7656679,19.8489624
1423077695,way,supermarket,Biedronka,,,Biedronka,,,,51.3218583,21.1227395
1423264598,way,supermarket,Biedronka,,,Biedronka,,,,51.1890712,22.524435
1423380848,way,supermarket,Dino,,,Dino,,,,52.2519339,18.3185536
1423916478,way,supermarket,Lidl,,,Lidl,,,,50.8518323,16.4716565
1423946246,way,supermarket,Dino,,,Dino,,,,53.3520805,15.0199505
1424121270,way,supermarket,Stokrotka Market,,,Stokrotka Market,,,,50.569955,22.8869144
1424440448,way,supermarket,Dino,,,Dino,,,,52.947451,21.7595997
1424853063,way,supermarket,Dino,,,Dino,,,,50.444301,19.2182195
1425290265,way,supermarket,Dino,,,Dino,,,,52.6585987,19.6852544
1425359830,way,supermarket,Biedronka,,,Biedronka,,,,50.0649517,22.4982883
1425512724,way,supermarket,Biedronka,,,Biedronka,,,,49.749488,21.332493
1425566714,way,supermarket,Biedronka,,,Biedronka,,,,50.0112956,22.6759327
1425600050,way,supermarket,Dino,,,Dino,,,,52.7757285,18.3249415
1425649997,way,supermarket,Dino,,,Dino,,,,54.1645216,21.1370864
1425913170,way,supermarket,Dino,,,Dino,,,,50.039522,20.15958
1426191713,way,supermarket,Netto,,,Netto,,,,51.0154537,17.001575
1426668746,way,supermarket,Biedronka,,,Biedronka,,,,51.4932986,21.2292097
1426865069,way,supermarket,Dino,,,Dino,,,,51.1750636,16.1681246
1426939197,way,supermarket,Biedronka,,,Biedronka,,,,52.449786,21.0061339
1427252019,way,supermarket,Dino,,,Dino,,,,53.4108786,22.7938025
1427271768,way,supermarket,Dino,,,Dino,,,,51.6807711,17.8879535
1427559007,way,supermarket,Lidl,,,Lidl,,,,54.0664347,15.2603883
1427585004,way,supermarket,Dino,,,Dino,,,,51.26696,22.3998879
1428970080,way,supermarket,Biedronka,,,Biedronka,,,,50.6809254,21.0507386
1429454600,way,supermarket,Dino,,,Dino,,,,51.168392,19.4916929
1429764214,way,supermarket,Dino,,,Dino,,,,52.2133989,23.0767848
1430147762,way,supermarket,Dino,,,Dino,,,,50.8605856,17.4222233
1430349366,way,supermarket,Dino,,,Dino,,,,52.7143743,15.2689995
1430349369,way,supermarket,Dino,,,Dino,,,,52.7228602,15.1906564
1430361635,way,supermarket,Biedronka,,,Biedronka,,,,50.0912168,20.0569415
1430478490,way,supermarket,Dino,,,Dino,,,,50.926871,16.362851
1431009050,way,supermarket,Dino,,,Dino,,,,53.7176475,16.6218145
1431702902,way,supermarket,Dino,,,Dino,,,,54.2850333,20.4814913
1431724836,way,supermarket,Dino,,,Dino,,,,54.12141,20.1285249
1431801922,way,supermarket,Lidl,,,Lidl,,,,52.5900009,20.8182082
1431907158,way,supermarket,Dino,,,Dino,,,,51.0234733,22.1006789
1431911336,way,supermarket,Biedronka,,,Biedronka,,,,51.5624236,15.5209734
1432537407,way,supermarket,Dino,,,Dino,,,,51.2056375,18.6021957
1432565643,way,supermarket,Lidl,,,Lidl,,,,51.7780771,14.9851226
1432738964,way,supermarket,Auchan,,,Auchan,,,,50.0378556,22.0686822
1433088299,way,supermarket,Kaufland,,,Kaufland,,,,49.697986,20.421551
1433432672,way,supermarket,Biedronka,,,Biedronka,,,,51.3429574,22.9043625
1433651156,way,supermarket,Dino,,,Dino,,,,53.4161677,18.4686814
1433651165,way,supermarket,Dino,,,Dino,,,,53.4084605,18.3966194
1433715490,way,supermarket,Dino,,,Dino,,,,53.0127469,16.9073312
1433715677,way,supermarket,Biedronka,,,Biedronka,,,,51.9816651,17.0715463
1434430528,way,supermarket,Lidl,,,Lidl,,,,50.4552326,18.8317037
1434590999,way,supermarket,Dino,,,Dino,,,,54.1372942,20.5874105
1434636152,way,supermarket,Lidl,,,Lidl,,,,50.3964576,18.6358394
1435071942,way,supermarket,Dino,,,Dino,,,,51.8891065,17.0208395
1436198401,way,supermarket,Dino,,,Dino,,,,53.1202966,21.5590855
1436221477,way,supermarket,Dino,,,Dino,,,,53.897267,17.0709748
1436770090,way,supermarket,Dino,,,Dino,,,,54.3147313,22.3120548
1436770095,way,supermarket,Dino,,,Dino,,,,54.2948047,22.2923275
1436770396,way,supermarket,Dino,,,Dino,,,,54.1683567,22.4127435
1436771079,way,supermarket,Dino,,,Dino,,,,54.0429045,22.4732228
1436771086,way,supermarket,Dino,,,Dino,,,,54.02592,22.4933682
1436771765,way,supermarket,Dino,,,Dino,,,,54.1378448,21.8581874
1436772399,way,supermarket,Dino,,,Dino,,,,54.11653,23.2121869
1436861475,way,supermarket,Dino,,,Dino,,,,53.1490126,17.6030332
1436907316,way,supermarket,Dino,,,Dino,,,,54.0404722,23.3558672
1436907854,way,supermarket,Dino,,,Dino,,,,53.8775188,22.6703757
1436955415,way,supermarket,Dino,,,Dino,,,,50.8237615,22.7485273
1436984604,way,supermarket,Lidl,,,Lidl,,,,52.2221023,21.2866485
1437079309,way,supermarket,Netto,,,Netto,,,,52.7562262,15.2145575
1441853955,way,supermarket,Dino,,,Dino,,,,50.0228717,18.4561339
1441929171,way,supermarket,Dino,,,Dino,,,,50.4001302,22.6540626
1442098863,way,supermarket,Lidl,,,Lidl,,,,50.659282,21.8394189
1442205164,way,supermarket,Biedronka,,,Biedronka,,,,51.8510605,19.4461165
1442782170,way,supermarket,Dino,,,Dino,,,,52.8234197,21.2061196
1442790533,way,supermarket,Dino,,,Dino,,,,52.8640503,20.5778063
1443208898,way,supermarket,Dino,,,Dino,,,,52.5561388,19.6956254
1443295490,way,supermarket,Dino,,,Dino,,,,52.6724982,19.4975935
1443478965,way,supermarket,Dino,,,Dino,,,,52.1743771,21.1087058
1443528081,way,supermarket,Dino,,,Dino,,,,52.2211536,18.6060482
1443535582,way,supermarket,Dino,,,Dino,,,,52.7481041,22.8484596
1443640775,way,supermarket,Dino,,,Dino,,,,54.543437,17.805816
1443791784,way,supermarket,Kaufland,,,Kaufland,,,,49.4598441,20.0181594
1444200099,way,supermarket,,,,Dino,,,,52.6088684,20.380255
1444540149,way,supermarket,Biedronka,,,Biedronka,,,,50.7405915,22.8348959
1444558019,way,supermarket,Dino,,,Dino,,,,52.8409788,15.833875
1444765419,way,supermarket,Dino,,,Dino,,,,53.0513871,16.4683692
1444972729,way,supermarket,Dino,,,Dino,,,,50.0553046,19.4527799
1445288284,way,supermarket,Dino,,,Dino,,,,53.0261267,20.8805772
1445451142,way,supermarket,Dino,,,Dino,,,,53.6635646,17.3459749
1445832696,way,supermarket,Stokrotka,,,Stokrotka,,,,51.6913654,19.4789176
1446046798,way,supermarket,Dino,,,Dino,,,,53.2729607,16.483987
1446287475,way,supermarket,Dino,,,Dino,,,,52.7399671,19.9935108
1446394007,way,supermarket,Lidl,,,Lidl,,,,52.3799728,16.8979639
1446755682,way,supermarket,Biedronka,,,Biedronka,,,,51.0862876,17.6959199
1446906953,way,supermarket,Biedronka,,,Biedronka,,,,51.1475836,16.8626371
1447394446,way,supermarket,Biedronka,,,Biedronka,,,,51.378121,21.3780342
1447475047,way,supermarket,Biedronka,,,Biedronka,,,,53.5371832,16.014643
1448400080,way,supermarket,Dino,,,Dino,,,,52.8611859,20.633521
1448674230,way,supermarket,Biedronka,,,Biedronka,,,,49.4741723,19.649543
1449262121,way,supermarket,Biedronka,,,Biedronka,,,,50.8976244,19.0285483
1449345816,way,supermarket,Dino,,,Dino,,,,51.2432929,16.9349564
1449482377,way,supermarket,Dino,,,Dino,,,,50.7598268,16.3218989
1449616669,way,supermarket,Intermarché,,,Intermarché,,,,50.4843695,19.395698
1450212769,way,supermarket,Dino,,,Dino,,,,51.2230982,17.3678787
1450217158,way,supermarket,Dino,,,Dino,,,,51.164078,17.1756289
1450326577,way,supermarket,Lidl,,,Lidl,,,,53.7183565,18.9274309
1450698733,way,supermarket,Biedronka,,,Biedronka,,,,52.6000501,16.5897604
1450846058,way,supermarket,Dino,,,Dino,,,,51.5225707,21.1017946
1451078480,way,supermarket,Netto,,,Netto,,,,53.4632654,14.4528758
1451094866,way,supermarket,Dino,,,Dino,,,,50.2284144,22.1360111
1451201368,way,supermarket,Lidl,,,Lidl,,,,49.805945,18.9308855
1451325859,way,supermarket,Dino,,,Dino,,,,50.4569958,17.8612604
1451391396,way,supermarket,Lidl,,,Lidl,,,,50.4806739,17.3334856
1452586558,way,supermarket,Biedronka,,,Biedronka,,,,51.7340683,19.4024004
1452676607,way,supermarket,Dino,,,Dino,,,,54.2099325,18.046914
1452676608,way,supermarket,Biedronka,,,Biedronka,,,,54.209711,18.0481325
1452755384,way,supermarket,Dino,,,Dino,,,,51.5987824,19.0998145
1452967687,way,supermarket,Dino,,,Dino,,,,51.7494253,18.0921243
1453055098,way,supermarket,Biedronka,,,Biedronka,,,,52.6490862,21.5580257
1453182701,way,supermarket,Biedronka,,,Biedronka,,,,50.4549511,23.4145746
1453317570,way,supermarket,E.Leclerc,,,E.Leclerc,,,,50.9456179,21.407527
1453408689,way,supermarket,Dino,,,Dino,,,,53.891969,18.3597144
1453428442,way,supermarket,Kaufland,,,Kaufland,,,,52.3882562,16.8910738
1454183471,way,supermarket,Biedronka,,,Biedronka,,,,51.0528557,20.4049937
1454193429,way,supermarket,Biedronka,,,Biedronka,,,,51.072935,20.2548804
1454193433,way,supermarket,Stokrotka,,,Stokrotka,,,,51.0713777,20.2512394
1454256414,way,supermarket,Dino,,,Dino,,,,52.8388047,17.3065692
1454279262,way,supermarket,Biedronka,,,Biedronka,,,,53.3228869,18.5028365
1454618618,way,supermarket,Dino,,,Dino,,,,50.4393611,23.427221
1454619054,way,supermarket,Dino,,,Dino,,,,50.2462964,23.1366524
1454619506,way,supermarket,Dino,,,Dino,,,,50.6110726,22.0082927
1454636280,way,supermarket,Biedronka,,,Biedronka,,,,51.0448908,16.2114704
1454697571,way,supermarket,Dino,,,Dino,,,,50.3922117,18.5269237
1454711432,way,supermarket,Biedronka,,,Biedronka,,,,53.1861322,22.0418331
1454794687,way,supermarket,Netto,,,Netto,,,,52.1047995,21.0349735
1454866782,way,supermarket,Dino,,,Dino,,,,54.647614,18.355767
1455113306,way,supermarket,Dino,,,Dino,,,,51.5244901,17.2713782
1455855508,way,supermarket,Dino,,,Dino,,,,52.5029724,19.650099
1456335417,way,supermarket,Auchan,,,Auchan,,,,51.4382083,22.6214766
1456463406,way,supermarket,Lidl,,,Lidl,,,,50.4276517,18.1271057
1456531587,way,supermarket,Dino,,,Dino,,,,51.6521676,16.0532733
1456658585,way,supermarket,Biedronka,,,Biedronka,,,,51.3194528,22.2230553
1456674304,way,supermarket,Biedronka,,,Biedronka,,,,54.0387173,18.682051
1456866706,way,supermarket,Dino,,,Dino,,,,49.9924116,22.6650033
1457287307,way,supermarket,Lidl,,,Lidl,,,,51.3342596,16.6511239
1457327184,way,supermarket,Lidl,,,Lidl,,,,52.349039,16.5155005
1457504062,way,supermarket,Dino,,,Dino,,,,52.9435973,20.5567151
1457862837,way,supermarket,Dino,,,Dino,,,,51.096464,15.925592
1457875710,way,supermarket,Netto,,,Netto,,,,51.4180208,17.9299563
1457886163,way,supermarket,Dino,,,Dino,,,,50.346133,20.0353445
1457971109,way,supermarket,Dino,,,Dino,,,,52.3214188,19.0770483
1458084950,way,supermarket,Biedronka,,,Biedronka,,,,51.2744127,15.7842365
1458153475,way,supermarket,Biedronka,,,Biedronka,,,,54.2545072,20.7928764
1458162727,way,supermarket,Dino,,,Dino,,,,51.4098568,21.9333076
1458330514,way,supermarket,Biedronka,,,Biedronka,,,,50.1637103,19.3907449
1458763748,way,supermarket,Dino,,,Dino,,,,49.8944606,22.9563224
1459545017,way,supermarket,Dino(czeka na otwarcie),,,Dino,,,,51.562769,22.5036792
1461284536,way,supermarket,Dino,,,Dino,,,,50.9917072,23.1501864
1461530190,way,supermarket,Dino,,,Dino,,,,51.6810363,19.4094001
1461858484,way,supermarket,Auchan,,,Auchan,,,,50.6825659,17.8780001
1462019745,way,supermarket,Dino,,,Dino,,,,49.9161185,21.048919
1462076390,way,supermarket,Lidl,,,Lidl,,,,49.6102303,19.9484039
1462401316,way,supermarket,Dino,,,Dino,,,,53.4558282,14.9333109
1462408987,way,supermarket,Dino,,,Dino,,,,50.096853,19.3045645
1462535380,way,supermarket,Dino,,,Dino,,,,52.6895973,19.1045832
1462637503,way,supermarket,Kaufland,,,Kaufland,,,,49.8461291,19.0366102
1463695484,way,supermarket,Dino,,,Dino,,,,53.3360516,20.4367379
1464590673,way,supermarket,Biedronka,,,Biedronka,,,,51.023017,16.7621415
1464941555,way,supermarket,Biedronka,,,Biedronka,,,,52.3744142,15.9495478
1465022458,way,supermarket,Dino,,,Dino,,,,51.5479628,17.7020155
1465730264,way,supermarket,Dino,,,Dino,,,,53.2080057,18.0977084
1466183517,way,supermarket,Dino,,,Dino,,,,51.3599488,19.3691212
1466416056,way,supermarket,Netto,,,Netto,,,,49.9728505,19.9802765
1466573524,way,supermarket,Dino,,,Dino,,,,52.568904,19.6165297
1466799108,way,supermarket,Biedronka,,,Biedronka,,,,53.7811353,20.5264708
1466813008,way,supermarket,Carrefour Market,,,Carrefour Market,,,,50.0540021,19.9546613
1467877722,way,supermarket,Dino,,,Dino,,,,51.9751606,23.3674752
1467941577,way,supermarket,Biedronka,,,Biedronka,,,,52.2369834,20.1899049
1468117082,way,supermarket,Biedronka,,,Biedronka,,,,53.4197054,14.5528581
1468766701,way,supermarket,Dino,,,Dino,,,,51.1067904,22.585551
1469088015,way,supermarket,Netto,,,Netto,,,,51.9601575,21.0748445
1469238601,way,supermarket,Biedronka,,,Biedronka,,,,51.665333,16.0671013
1469389287,way,supermarket,Dino,,,Dino,,,,52.2226404,21.24058
1470258374,way,supermarket,Dino,,,Dino,,,,50.3782512,22.9179822
1471616600,way,supermarket,Biedronka,,,Biedronka,,,,50.2507078,19.1203896
1471906864,way,supermarket,Dino,,,Dino,,,,52.9926246,22.8905482
1472029504,way,supermarket,Biedronka,,,Biedronka,,,,49.8233601,19.7871476
1472502059,way,supermarket,Dino,,,Dino,,,,51.0404395,18.7413276
1472758357,way,supermarket,Biedronka,,,Biedronka,,,,50.3769696,19.155487
1472973726,way,supermarket,Biedronka,,,Biedronka,,,,50.6987788,20.365781
1473240222,way,supermarket,Dino,,,Dino,,,,51.1567206,16.1737765
1473343586,way,supermarket,Dino,,,Dino,,,,54.217487,16.1128715
1473553902,way,supermarket,Dino,,,Dino,,,,53.8429458,22.9566845
1473592659,way,supermarket,Biedronka,,,Biedronka,,,,49.7046075,21.1205635
1474568664,way,supermarket,Dino,,,Dino,,,,54.2736515,18.870991
1474996622,way,supermarket,Dino,,,Dino,,,,51.4703612,23.3235771
1475011937,way,supermarket,Biedronka,,,Biedronka,,,,54.5975435,18.4968265
1475929678,way,supermarket,Dino,,,Dino,,,,53.662097,15.1051345
1476782776,way,supermarket,Kaufland,,,Kaufland,,,,52.4429517,16.9514055
1477801066,way,supermarket,Biedronka,,,Biedronka,,,,49.6510555,21.2851825
1480394708,way,supermarket,Dino,,,Dino,,,,54.6096395,17.0387415
1480775319,way,supermarket,Dino,,,Dino,,,,52.5277763,19.7881869
1481055591,way,supermarket,Auchan,,,Auchan,,,,50.8374653,19.1161205
1481253494,way,supermarket,Kaufland,,,Kaufland,,,,50.272409,19.1405755
1481438577,way,supermarket,Dino,,,Dino,,,,52.084295,20.70902
1481584683,way,supermarket,Dino,,,Dino,,,,50.2809826,20.4782558
1482118683,way,supermarket,Biedronka,,,Biedronka,,,,51.7857903,14.7802961
1482959439,way,supermarket,Biedronka,,,Biedronka,,,,49.855027,19.034511
1483387058,way,supermarket,Carrefour,,,Carrefour,,,,50.0138056,19.9330018
1483920142,way,supermarket,Biedronka,,,Biedronka,,,,50.9640809,22.1682431
1483953974,way,supermarket,Kaufland,,,Kaufland,,,,50.9632463,22.1765153
1484086306,way,supermarket,Dino,,,Dino,,,,53.2996974,15.9184231
1484719168,way,supermarket,Dino,,,Dino,,,,52.7887709,14.4799554
1485303212,way,supermarket,Biedronka,,,Biedronka,,,,51.4486726,20.4768586
1485390308,way,supermarket,Lidl,,,Lidl,,,,53.0857641,23.1118508
1485824457,way,supermarket,Carrefour,,,Carrefour,,,,52.1649127,20.7922906
1485851895,way,supermarket,Lidl,,,Lidl,,,,51.70293,19.4391015
1486293434,way,supermarket,Dino,,,Dino,,,,52.361385,14.5708779
1486338903,way,supermarket,Dino,,,Dino,,,,51.7746596,18.0197689
1486608134,way,supermarket,Dino,,,Dino,,,,53.3214901,19.6074785
1486929310,way,supermarket,Dino,,,Dino,,,,49.9835418,21.2831378
1487025556,way,supermarket,Biedronka,,,Biedronka,,,,52.2299,17.2703787
1487283901,way,supermarket,Biedronka,,,Biedronka,,,,53.8499676,22.9578981
1487937763,way,supermarket,Dino,,,Dino,,,,51.4616953,20.9183262
1489354052,way,supermarket,Dino,,,Dino,,,,50.3365125,19.132993
1489709523,way,supermarket,Dino,,,Dino,,,,51.881812,17.076373
1490077245,way,supermarket,Biedronka,,,Biedronka,,,,50.4463576,21.0601927
1490229408,way,supermarket,Biedronka,,,Biedronka,,,,51.0165737,15.6802053
1490515226,way,supermarket,Biedronka,,,Biedronka,,,,50.8608677,20.7906852
1490531600,way,supermarket,Dino,,,Dino,,,,52.5683281,21.3081582
1490584074,way,supermarket,Dino,,,Dino,,,,52.30163,21.8581292
1491422638,way,supermarket,Dino,,,Dino,,,,50.91435,15.6773246
1492401012,way,supermarket,Dino,,,Dino,,,,51.3345307,17.0836946
1492412204,way,supermarket,Dino,,,Dino,,,,51.2818044,18.7871757
1493396526,way,supermarket,Auchan,,,Auchan,,,,50.298447,18.9149544
1493518705,way,supermarket,Biedronka,,,Biedronka,,,,52.5451547,19.7541488
1493616716,way,supermarket,Dino,,,Dino,,,,50.1407667,18.3899897
1493788585,way,supermarket,Dino,,,Dino,,,,51.1056633,23.4563687
1493871195,way,supermarket,Dino,,,Dino,,,,51.9213003,23.6042686
1494408809,way,supermarket,Biedronka,,,Biedronka,,,,51.6496921,18.4472012
1494447701,way,supermarket,Dino,,,Dino,,,,51.0187077,23.6765081
1494606496,way,supermarket,Dino,,,Dino,,,,51.7913688,14.9751092
1495496666,way,supermarket,Biedronka,,,Biedronka,,,,50.2880649,22.2639851
1495628001,way,supermarket,Dino,,,Dino,,,,50.5755852,22.1083421
1496773807,way,supermarket,Biedronka,,,Biedronka,,,,52.7554497,15.2130359
1497658047,way,supermarket,Dino,,,Dino,,,,50.8776636,18.4431568
1497710446,way,supermarket,Dino,,,Dino,,,,51.658696,17.8293375
1497991608,way,supermarket,Stokrotka,,,Stokrotka,,,,50.6816587,16.7433189
1498016140,way,supermarket,Dino,,,Dino,,,,51.853685,17.014382
1498126385,way,supermarket,Stokrotka,,,Stokrotka,,,,51.5867038,18.7200825
1498624971,way,supermarket,Dino,,,Dino,,,,53.9700941,15.5896214
1499991510,way,supermarket,Dino,,,Dino,,,,53.060694,18.7282626
1500215355,way,supermarket,Lidl,,,Lidl,,,,54.3756949,18.5242948
1500290042,way,supermarket,Dino,,,Dino,,,,53.7191299,19.9893153
1500929202,way,supermarket,Lidl,,,Lidl,,,,52.2998307,16.4060054
1500929245,way,supermarket,Dino,,,Dino,,,,52.3132917,16.4044058
1501070793,way,supermarket,Dino,,,Dino,,,,49.7564988,21.0244514
1501172329,way,supermarket,Biedronka,,,Biedronka,,,,51.3413834,19.2408924
1501172330,way,supermarket,Dino,,,Dino,,,,51.9797349,20.8292287
1501665891,way,supermarket,Dino,,,Dino,,,,52.7772616,20.7010042
1502209810,way,supermarket,Biedronka,,,Biedronka,,,,50.2005401,20.3025151
1503330243,way,supermarket,Dino,,,Dino,,,,50.7311843,17.8432346
1503923838,way,supermarket,Stokrotka,,,Stokrotka,,,,50.0812495,18.003129
1506124807,way,supermarket,Lidl,,,Lidl,,,,50.9378394,17.2718356
1507487765,way,supermarket,Dino,,,Dino,,,,54.4145648,16.4140954
1508114190,way,supermarket,Biedronka,,,Biedronka,,,,53.1076207,15.0717694
1508862200,way,supermarket,Dino,,,Dino,,,,50.3471178,21.5123256
1509009249,way,supermarket,Dino,,,Dino,,,,51.6233598,20.5726255
1509095350,way,supermarket,Dino,,,Dino,,,,49.9909906,18.3484524
1509235024,way,supermarket,Dino,,no,Dino,,,,52.1346398,22.8416157
1509242687,way,supermarket,Lidl,,,Lidl,,,,52.04812,20.990434
1509611479,way,supermarket,Dino,,,Dino,,,,51.7123057,18.0902613
1509965622,way,supermarket,Biedronka,,,Biedronka,,,,51.733413,19.366117
1512039631,way,supermarket,Lidl,,,Lidl,,,,54.3427121,18.5483577
1512064071,way,supermarket,Dino,,,Dino,,,,53.6522655,22.4803183
1512577864,way,supermarket,Biedronka,,,Biedronka,,,,51.2398762,22.4949843
1513989406,way,supermarket,Auchan,,,Auchan,,,,54.3715593,18.5195944
1514467769,way,supermarket,Dino,,,Dino,,,,50.8498688,15.5824831
1514467776,way,supermarket,Dino,,,Dino,,,,50.8491187,15.6142944
1514725205,way,supermarket,Dino,,,Dino,,,,51.7483217,18.1537085
1516160571,way,supermarket,Dino,,,Dino,,,,53.9896695,18.5001415
1516179135,way,supermarket,Dino,,,Dino,,,,53.9601825,18.354024
1517851353,way,supermarket,Lidl,,,Lidl,,,,54.162449,15.5450831
1521409508,way,supermarket,Biedronka,,,Biedronka,,,,50.3552574,23.3299066
1522485079,way,supermarket,Dino,,,Dino,,,,52.4389207,19.4736737
1522578376,way,supermarket,Dino,,,Dino,,,,51.2153293,18.5777784
1522893399,way,supermarket,Dino,,,Dino,,,,49.8274229,22.3848623
1524042353,way,supermarket,Dino,,,Dino,,,,50.2400396,22.9394361
1524043611,way,supermarket,Dino,,,Dino,,,,50.450351,23.4263275
1524191450,way,supermarket,Dino,,,Dino,,,,50.6377547,20.3093177
1524202409,way,supermarket,Dino,,,Dino,,,,50.3014056,20.8061045
1524380114,way,supermarket,Dino,,,Dino,,,,50.251093,18.567859
1525069766,way,supermarket,Dino,,,Dino,,,,50.9683384,18.7086573
1525408912,way,supermarket,Biedronka,,,Biedronka,,,,50.5164403,21.4359749
1525605687,way,supermarket,Dino,,,Dino,,,,50.4465156,20.1399827
1525876777,way,supermarket,Lidl,,,Lidl,,,,52.4324039,16.953306
1527153260,way,supermarket,Dino,,,Dino,,,,49.6747552,21.8222495
1527564201,way,supermarket,Dino,,,Dino,,,,50.9749556,16.6460808
1527750622,way,supermarket,Dino,,,Dino,,,,51.6712148,19.4819077
1527770224,way,supermarket,Biedronka,,,Biedronka,,,,49.4009066,19.8796916
1529978901,way,supermarket,Biedronka,,,Biedronka,,,,52.8749608,14.1987996
1530100519,way,supermarket,Dino,,,Dino,,,,50.620895,23.7138477
1530111640,way,supermarket,Dino,,,Dino,,,,52.7990039,17.2154131
1530655448,way,supermarket,Dino,,,Dino,,,,51.8185529,19.2893394
1530864937,way,supermarket,Biedronka,,,Biedronka,,,,49.8084283,18.9808493
1531277773,way,supermarket,Dino,,,Dino,,,,49.6732726,19.1612396
1531377648,way,supermarket,Dino,,,Dino,,,,54.1178285,20.1568481
1533262702,way,supermarket,Lidl,,,Lidl,,,,53.7219855,16.6823159
1534799913,way,supermarket,Biedronka,,,Biedronka,,,,50.9517961,16.7787672
1534823835,way,supermarket,Dino,,,Dino,,,,53.6060291,18.9388178
1535167417,way,supermarket,Dino,,,Dino,,,,51.6951632,17.4564297
1535273096,way,supermarket,Dino,,,Dino,,,,52.39748,16.4750792
1535486483,way,supermarket,Biedronka,,,Biedronka,,,,54.4282975,16.4138559
1536850399,way,supermarket,Kaufland,,,Kaufland,,,,50.3028666,18.6330093
1537262076,way,supermarket,Biedronka,,,Biedronka,,,,49.5309225,20.405272
1537573909,way,supermarket,Netto,,,Netto,,,,53.1947904,18.0411126
1538477838,way,supermarket,Biedronka,,,Biedronka,,,,50.0715003,19.9052084
1539130870,way,supermarket,Dino,,,Dino,,,,54.50278,17.0013421
1539427329,way,supermarket,Dino,,,Dino,,,,52.8707061,17.9486781
1539464870,way,supermarket,Dino,,,Dino,,,,50.9026988,18.9322309
1539708512,way,supermarket,Dino,,,Dino,,,,52.0747625,15.875054
1539794768,way,supermarket,Lidl,,,Lidl,,,,50.2461088,19.0809946
1540006798,way,supermarket,Dino,,,Dino,,,,50.0890349,21.4018325
1540202551,way,supermarket,Dino,,,Dino,,,,51.4103385,19.7019185
1540239903,way,supermarket,Dino,,,Dino,,,,49.835138,18.8152496
1541088014,way,supermarket,Biedronka,,,Biedronka,,,,50.359385,18.4081208
1541242020,way,supermarket,Dino,,,Dino,,,,51.0593956,14.9689695
1541283998,way,supermarket,Dino,,,Dino,,,,54.1037369,23.3414401
1541285030,way,supermarket,Dino,,,Dino,,,,54.2536456,21.8772325
1543177851,way,supermarket,Lidl,,,Lidl,,,,51.3609894,19.3852245
1544505895,way,supermarket,Dino,,,Dino,,,,54.230268,17.7796965
1544909032,way,supermarket,Dino,,,Dino,,,,50.3763678,18.3331479
1545050747,way,supermarket,Dino,,,Dino,,,,50.7047196,22.6801432
1545899865,way,supermarket,Biedronka,,,Biedronka,,,,53.3092432,15.047337
1546287040,way,supermarket,Dino,,,Dino,,,,50.2603479,17.8863917
1546618078,way,supermarket,Dino,,,Dino,,,,51.1335693,15.0250219
1546902147,way,supermarket,Kaufland,,,Kaufland,,,,53.4322899,14.4795101
1547010971,way,supermarket,Lidl,,,Lidl,,,,51.8143555,19.456697
1547551660,way,supermarket,Dino,,,Dino,,,,54.5331783,16.5808993
1548211320,way,supermarket,Biedronka,,,Biedronka,,,,51.7468105,15.5864375
1548564773,way,supermarket,Dino,,,Dino,,,,50.38203,18.8139345
1548683375,way,supermarket,Biedronka,,,Biedronka,,,,50.0562502,19.0454434
1548685091,way,supermarket,Biedronka,,,Biedronka,,,,49.5845151,21.966557
1548857882,way,supermarket,Biedronka,,,Biedronka,,,,50.6604149,19.072369
1549187231,way,supermarket,Dino,,,Dino,,,,53.065996,19.4414565
